$date
	Mon Apr 14 22:06:56 2025
$end
$version
	Icarus Verilog
$end
$timescale
	1ps
$end
$scope module cordic_tb $end
$var wire 18 ! sin_out [17:0] $end
$var wire 1 " done $end
$var wire 18 # cos_out [17:0] $end
$var reg 18 $ angle_in [17:0] $end
$var reg 1 % clk $end
$var reg 5 & cos_match [4:0] $end
$var reg 18 ' expected_cos [17:0] $end
$var reg 18 ( expected_sin [17:0] $end
$var reg 1 ) rst $end
$var reg 5 * sin_match [4:0] $end
$var reg 1 + start $end
$var integer 32 , angle_fp [31:0] $end
$var real 1 - cos_real $end
$var real 1 . rad $end
$var real 1 / sin_real $end
$var integer 32 0 step [31:0] $end
$scope function count_leading_match $end
$var reg 18 1 a [17:0] $end
$var reg 18 2 b [17:0] $end
$var integer 32 3 j [31:0] $end
$scope begin compare_loop $end
$upscope $end
$upscope $end
$scope module uut $end
$var wire 18 4 angle_in [17:0] $end
$var wire 1 % clk $end
$var wire 1 ) rst $end
$var wire 1 + start $end
$var reg 18 5 cos_out [17:0] $end
$var reg 1 " done $end
$var reg 5 6 i [4:0] $end
$var reg 1 7 running $end
$var reg 18 8 sin_out [17:0] $end
$var reg 18 9 x [17:0] $end
$var reg 18 : y [17:0] $end
$var reg 18 ; z [17:0] $end
$upscope $end
$upscope $end
$enddefinitions $end
#0
$dumpvars
bx ;
bx :
bx 9
b0 8
07
bx 6
b0 5
bx 4
bx 3
bx 2
bx 1
bx 0
r0 /
r0 .
r0 -
bx ,
0+
bx *
1)
bx (
bx '
bx &
0%
bx $
b0 #
0"
b0 !
$end
#5000
1%
#10000
0%
1+
b110000000000000001 (
b0 '
r-0.9999999999900789 /
r-4.454455103366037e-06 -
r-1.57080078125 .
b100110110111100000 $
b100110110111100000 4
b11111111111111100110110111100000 ,
b10000000101 0
0)
#15000
17
b0 6
b100110110111100000 ;
b0 :
b1001101110101001 9
1%
#20000
0%
0+
#25000
b1 6
b110011011011101111 ;
b110110010001010111 :
1%
#30000
0%
#35000
b10 6
b111010110110100000 ;
b110001011010000011 :
b100110111010100 9
1%
#40000
0%
#45000
b11 6
b111110110001010110 ;
b110000001100001110 :
b1001101110100 9
1%
#50000
0%
#55000
b100 6
b110000100111 ;
b110000000010100000 :
b111111001111010101 9
1%
#60000
0%
#65000
b101 6
b111111110000101101 ;
b101111111111011101 :
b1111001011 9
1%
#70000
0%
#75000
b110 6
b10000101010 ;
b101111111110111111 :
b111111101111001001 9
1%
#80000
0%
#85000
b111 6
b101011 ;
b101111111110101110 :
b111111111111001011 9
1%
#90000
0%
#95000
b1000 6
b111111111000101011 ;
b101111111110101101 :
b111001100 9
1%
#100000
0%
#105000
b1001 6
b111111111100101011 ;
b101111111110101100 :
b11001011 9
1%
#110000
0%
#115000
b1010 6
b111111111110101011 ;
b1001010 9
1%
#120000
0%
#125000
b1011 6
b111111111111101011 ;
b1001 9
1%
#130000
0%
#135000
b1100 6
b1011 ;
b111111111111101000 9
1%
#140000
0%
#145000
b1101 6
b111111111111111011 ;
b101111111110101011 :
b111111111111111001 9
1%
#150000
0%
#155000
b1110 6
b11 ;
b101111111110101100 :
b111111111111110000 9
1%
#160000
0%
#165000
07
1"
b101111111110101100 !
b101111111110101100 8
b111111111111110000 #
b111111111111110000 5
1%
#170000
1+
b110000000000001001 (
b10000000100 '
r-0.9998768071445057 /
r0.01569619490542211 -
r-1.555099487304688 .
b100111000111100101 $
b100111000111100101 4
b11111111111111100111000111100101 ,
b1 *
b0 &
b10000 3
b101111111110101100 1
b110000000000000001 2
0%
#175000
0"
17
b0 6
b100111000111100101 ;
b0 :
b1001101110101001 9
1%
#180000
0%
0+
#185000
b1 6
b110011101011110100 ;
b110110010001010111 :
1%
#190000
0%
#195000
b10 6
b111011000110100101 ;
b110001011010000011 :
b100110111010100 9
1%
#200000
0%
#205000
b11 6
b111111000001011011 ;
b110000001100001110 :
b1001101110100 9
1%
#210000
0%
#215000
b100 6
b1000000101100 ;
b110000000010100000 :
b111111001111010101 9
1%
#220000
0%
#225000
b101 6
b110010 ;
b101111111111011101 :
b1111001011 9
1%
#230000
0%
#235000
b110 6
b111111100000110101 ;
b101111111111111011 :
b101111001101 9
1%
#240000
0%
#245000
b111 6
b111111110000110100 ;
b101111111111001100 :
b11111001100 9
1%
#250000
0%
#255000
b1000 6
b111111111000110100 ;
b101111111110111101 :
b10111001011 9
1%
#260000
0%
#265000
b1001 6
b111111111100110100 ;
b101111111110111000 :
b10011001010 9
1%
#270000
0%
#275000
b1010 6
b111111111110110100 ;
b101111111110110110 :
b10001001001 9
1%
#280000
0%
#285000
b1011 6
b111111111111110100 ;
b101111111110110101 :
b10000001000 9
1%
#290000
0%
#295000
b1100 6
b10100 ;
b1111100111 9
1%
#300000
0%
#305000
b1101 6
b100 ;
b1111111000 9
1%
#310000
0%
#315000
b1110 6
b111111111111111100 ;
b10000000001 9
1%
#320000
0%
#325000
07
1"
b101111111110110101 !
b101111111110110101 8
b10000000001 #
b10000000001 5
1%
#330000
1+
b110000000000100001 (
b100000001001 '
r-0.9995071191023016 /
r0.03139297475260162 -
r-1.539398193359375 .
b100111010111101010 $
b100111010111101010 4
b11111111111111100111010111101010 ,
b1111 &
b10000 3
b101111111110110101 1
b110000000000001001 2
0%
#335000
0"
17
b0 6
b100111010111101010 ;
b0 :
b1001101110101001 9
1%
#340000
0%
0+
#345000
b1 6
b110011111011111001 ;
b110110010001010111 :
1%
#350000
0%
#355000
b10 6
b111011010110101010 ;
b110001011010000011 :
b100110111010100 9
1%
#360000
0%
#365000
b11 6
b111111010001100000 ;
b110000001100001110 :
b1001101110100 9
1%
#370000
0%
#375000
b100 6
b1010000110001 ;
b110000000010100000 :
b111111001111010101 9
1%
#380000
0%
#385000
b101 6
b10000110111 ;
b101111111111011101 :
b1111001011 9
1%
#390000
0%
#395000
b110 6
b111111110000111010 ;
b101111111111111011 :
b101111001101 9
1%
#400000
0%
#405000
b111 6
b111001 ;
b101111111111001100 :
b11111001100 9
1%
#410000
0%
#415000
b1000 6
b111111111000111001 ;
b101111111111011011 :
b100111001101 9
1%
#420000
0%
#425000
b1001 6
b111111111100111001 ;
b101111111111010010 :
b100011001100 9
1%
#430000
0%
#435000
b1010 6
b111111111110111001 ;
b101111111111001110 :
b100001001011 9
1%
#440000
0%
#445000
b1011 6
b111111111111111001 ;
b101111111111001100 :
b100000001010 9
1%
#450000
0%
#455000
b1100 6
b11001 ;
b101111111111001011 :
b11111101001 9
1%
#460000
0%
#465000
b1101 6
b1001 ;
b11111111010 9
1%
#470000
0%
#475000
b1110 6
b1 ;
b100000000011 9
1%
#480000
0%
#485000
07
1"
b101111111111001011 !
b101111111111001011 8
b100000000011 #
b100000000011 5
1%
#490000
1+
b110000000001001001 (
b110000001101 '
r-0.9988910270010208 /
r0.04708201542888611 -
r-1.523696899414062 .
b100111100111101111 $
b100111100111101111 4
b11111111111111100111100111101111 ,
b1110 &
b10000 3
b101111111111001011 1
b110000000000100001 2
0%
#495000
0"
17
b0 6
b100111100111101111 ;
b0 :
b1001101110101001 9
1%
#500000
0%
0+
#505000
b1 6
b110100001011111110 ;
b110110010001010111 :
1%
#510000
0%
#515000
b10 6
b111011100110101111 ;
b110001011010000011 :
b100110111010100 9
1%
#520000
0%
#525000
b11 6
b111111100001100101 ;
b110000001100001110 :
b1001101110100 9
1%
#530000
0%
#535000
b100 6
b1100000110110 ;
b110000000010100000 :
b111111001111010101 9
1%
#540000
0%
#545000
b101 6
b100000111100 ;
b101111111111011101 :
b1111001011 9
1%
#550000
0%
#555000
b110 6
b111111 ;
b101111111111111011 :
b101111001101 9
1%
#560000
0%
#565000
b111 6
b111111110001000000 ;
b110000000000101010 :
b111111001110 9
1%
#570000
0%
#575000
b1000 6
b111111111001000000 ;
b110000000000001011 :
b110111001110 9
1%
#580000
0%
#585000
b1001 6
b111111111101000000 ;
b101111111111111110 :
b110011001110 9
1%
#590000
0%
#595000
b1010 6
b111111111111000000 ;
b101111111111111000 :
b110001001101 9
1%
#600000
0%
#605000
b1011 6
b0 ;
b101111111111110101 :
b110000001100 9
1%
#610000
0%
#615000
b1100 6
b111111111111100000 ;
b101111111111110110 :
b110000101101 9
1%
#620000
0%
#625000
b1101 6
b111111111111110000 ;
b110000011100 9
1%
#630000
0%
#635000
b1110 6
b111111111111111000 ;
b110000010011 9
1%
#640000
0%
#645000
07
1"
b101111111111110110 !
b101111111111110110 8
b110000010011 #
b110000010011 5
1%
#650000
1+
b110000000010000010 (
b1000000010001 '
r-0.9980286827231178 /
r0.06275944918462999 -
r-1.50799560546875 .
b100111110111110100 $
b100111110111110100 4
b11111111111111100111110111110100 ,
b1101 &
b10000 3
b101111111111110110 1
b110000000001001001 2
0%
#655000
0"
17
b0 6
b100111110111110100 ;
b0 :
b1001101110101001 9
1%
#660000
0%
0+
#665000
b1 6
b110100011100000011 ;
b110110010001010111 :
1%
#670000
0%
#675000
b10 6
b111011110110110100 ;
b110001011010000011 :
b100110111010100 9
1%
#680000
0%
#685000
b11 6
b111111110001101010 ;
b110000001100001110 :
b1001101110100 9
1%
#690000
0%
#695000
b100 6
b1110000111011 ;
b110000000010100000 :
b111111001111010101 9
1%
#700000
0%
#705000
b101 6
b110001000001 ;
b101111111111011101 :
b1111001011 9
1%
#710000
0%
#715000
b110 6
b10001000100 ;
b101111111111111011 :
b101111001101 9
1%
#720000
0%
#725000
b111 6
b1000101 ;
b110000000000101010 :
b111111001110 9
1%
#730000
0%
#735000
b1000 6
b111111111001000101 ;
b110000000001001001 :
b1000111001110 9
1%
#740000
0%
#745000
b1001 6
b111111111101000101 ;
b110000000000111000 :
b1000011001110 9
1%
#750000
0%
#755000
b1010 6
b111111111111000101 ;
b110000000000110000 :
b1000001001110 9
1%
#760000
0%
#765000
b1011 6
b101 ;
b110000000000101100 :
b1000000001110 9
1%
#770000
0%
#775000
b1100 6
b111111111111100101 ;
b110000000000101110 :
b1000000101110 9
1%
#780000
0%
#785000
b1101 6
b111111111111110101 ;
b110000000000101101 :
b1000000011110 9
1%
#790000
0%
#795000
b1110 6
b111111111111111101 ;
b1000000010110 9
1%
#800000
0%
#805000
07
1"
b110000000000101101 !
b110000000000101101 8
b1000000010110 #
b1000000010110 5
1%
#810000
1+
b110000000011001010 (
b1010000010011 '
r-0.9969202988585045 /
r0.07842141113159035 -
r-1.492294311523438 .
b101000000111111001 $
b101000000111111001 4
b11111111111111101000000111111001 ,
b1010 *
b1111 &
b111 3
b110000000000101101 1
b110000000010000010 2
0%
#815000
0"
17
b0 6
b101000000111111001 ;
b0 :
b1001101110101001 9
1%
#820000
0%
0+
#825000
b1 6
b110100101100001000 ;
b110110010001010111 :
1%
#830000
0%
#835000
b10 6
b111100000110111001 ;
b110001011010000011 :
b100110111010100 9
1%
#840000
0%
#845000
b11 6
b1101111 ;
b110000001100001110 :
b1001101110100 9
1%
#850000
0%
#855000
b100 6
b111110000010011110 ;
b110000010101111100 :
b11001100010011 9
1%
#860000
0%
#865000
b101 6
b111111000010011000 ;
b110000001001001011 :
b10001101101010 9
1%
#870000
0%
#875000
b110 6
b111111100010010101 ;
b110000000100110000 :
b1101101111100 9
1%
#880000
0%
#885000
b111 6
b111111110010010100 ;
b110000000011000011 :
b1011110000000 9
1%
#890000
0%
#895000
b1000 6
b111111111010010100 ;
b110000000010010100 :
b1010110000001 9
1%
#900000
0%
#905000
b1001 6
b111111111110010100 ;
b110000000001111111 :
b1010010000001 9
1%
#910000
0%
#915000
b1010 6
b10100 ;
b110000000001110101 :
b1010000000001 9
1%
#920000
0%
#925000
b1011 6
b111111111111010100 ;
b110000000001111010 :
b1010001000001 9
1%
#930000
0%
#935000
b1100 6
b111111111111110100 ;
b110000000001111000 :
b1010000100001 9
1%
#940000
0%
#945000
b1101 6
b100 ;
b110000000001110111 :
b1010000010001 9
1%
#950000
0%
#955000
b1110 6
b111111111111111100 ;
b1010000011001 9
1%
#960000
0%
#965000
07
1"
b110000000001110111 !
b110000000001110111 8
b1010000011001 #
b1010000011001 5
1%
#970000
1+
b110000000100100011 (
b1100000010100 '
r-0.9955661486521414 /
r0.09406404019572072 -
r-1.476593017578125 .
b101000010111111110 $
b101000010111111110 4
b11111111111111101000010111111110 ,
b1110 &
b111 3
b110000000001110111 1
b110000000011001010 2
0%
#975000
0"
17
b0 6
b101000010111111110 ;
b0 :
b1001101110101001 9
1%
#980000
0%
0+
#985000
b1 6
b110100111100001101 ;
b110110010001010111 :
1%
#990000
0%
#995000
b10 6
b111100010110111110 ;
b110001011010000011 :
b100110111010100 9
1%
#1000000
0%
#1005000
b11 6
b10001110100 ;
b110000001100001110 :
b1001101110100 9
1%
#1010000
0%
#1015000
b100 6
b111110010010100011 ;
b110000010101111100 :
b11001100010011 9
1%
#1020000
0%
#1025000
b101 6
b111111010010011101 ;
b110000001001001011 :
b10001101101010 9
1%
#1030000
0%
#1035000
b110 6
b111111110010011010 ;
b110000000100110000 :
b1101101111100 9
1%
#1040000
0%
#1045000
b111 6
b10011001 ;
b110000000011000011 :
b1011110000000 9
1%
#1050000
0%
#1055000
b1000 6
b111111111010011001 ;
b110000000011110010 :
b1100101111111 9
1%
#1060000
0%
#1065000
b1001 6
b111111111110011001 ;
b110000000011011001 :
b1100001111111 9
1%
#1070000
0%
#1075000
b1010 6
b11001 ;
b110000000011001101 :
b1011111111111 9
1%
#1080000
0%
#1085000
b1011 6
b111111111111011001 ;
b110000000011010010 :
b1100000111111 9
1%
#1090000
0%
#1095000
b1100 6
b111111111111111001 ;
b110000000011001111 :
b1100000011111 9
1%
#1100000
0%
#1105000
b1101 6
b1001 ;
b110000000011001110 :
b1100000001111 9
1%
#1110000
0%
#1115000
b1110 6
b1 ;
b1100000010111 9
1%
#1120000
0%
#1125000
07
1"
b110000000011001110 !
b110000000011001110 8
b1100000010111 #
b1100000010111 5
1%
#1130000
1+
b110000000110001100 (
b1110000010100 '
r-0.9939665659366758 /
r0.1096834800690245 -
r-1.460891723632812 .
b101000101000000011 $
b101000101000000011 4
b11111111111111101000101000000011 ,
b1001 *
b10000 &
b1000 3
b110000000011001110 1
b110000000100100011 2
0%
#1135000
0"
17
b0 6
b101000101000000011 ;
b0 :
b1001101110101001 9
1%
#1140000
0%
0+
#1145000
b1 6
b110101001100010010 ;
b110110010001010111 :
1%
#1150000
0%
#1155000
b10 6
b111100100111000011 ;
b110001011010000011 :
b100110111010100 9
1%
#1160000
0%
#1165000
b11 6
b100001111001 ;
b110000001100001110 :
b1001101110100 9
1%
#1170000
0%
#1175000
b100 6
b111110100010101000 ;
b110000010101111100 :
b11001100010011 9
1%
#1180000
0%
#1185000
b101 6
b111111100010100010 ;
b110000001001001011 :
b10001101101010 9
1%
#1190000
0%
#1195000
b110 6
b10011111 ;
b110000000100110000 :
b1101101111100 9
1%
#1200000
0%
#1205000
b111 6
b111111110010100000 ;
b110000000110011101 :
b1111101111000 9
1%
#1210000
0%
#1215000
b1000 6
b111111111010100000 ;
b110000000101011111 :
b1110101111011 9
1%
#1220000
0%
#1225000
b1001 6
b111111111110100000 ;
b110000000101000010 :
b1110001111100 9
1%
#1230000
0%
#1235000
b1010 6
b100000 ;
b110000000100110100 :
b1101111111100 9
1%
#1240000
0%
#1245000
b1011 6
b111111111111100000 ;
b110000000100111010 :
b1110000111100 9
1%
#1250000
0%
#1255000
b1100 6
b0 ;
b110000000100110111 :
b1110000011100 9
1%
#1260000
0%
#1265000
b1101 6
b111111111111110000 ;
b110000000100111000 :
b1110000101100 9
1%
#1270000
0%
#1275000
b1110 6
b111111111111111000 ;
b1110000100100 9
1%
#1280000
0%
#1285000
07
1"
b110000000100111000 !
b110000000100111000 8
b1110000100100 #
b1110000100100 5
1%
#1290000
1+
b110000001000000101 (
b10000000010010 '
r-0.992121945050143 /
r0.1252758801602336 -
r-1.4451904296875 .
b101000111000001000 $
b101000111000001000 4
b11111111111111101000111000001000 ,
b1010 *
b1100 &
b111 3
b110000000100111000 1
b110000000110001100 2
0%
#1295000
0"
17
b0 6
b101000111000001000 ;
b0 :
b1001101110101001 9
1%
#1300000
0%
0+
#1305000
b1 6
b110101011100010111 ;
b110110010001010111 :
1%
#1310000
0%
#1315000
b10 6
b111100110111001000 ;
b110001011010000011 :
b100110111010100 9
1%
#1320000
0%
#1325000
b11 6
b110001111110 ;
b110000001100001110 :
b1001101110100 9
1%
#1330000
0%
#1335000
b100 6
b111110110010101101 ;
b110000010101111100 :
b11001100010011 9
1%
#1340000
0%
#1345000
b101 6
b111111110010100111 ;
b110000001001001011 :
b10001101101010 9
1%
#1350000
0%
#1355000
b110 6
b10010100100 ;
b110000000100110000 :
b1101101111100 9
1%
#1360000
0%
#1365000
b111 6
b10100101 ;
b110000000110011101 :
b1111101111000 9
1%
#1370000
0%
#1375000
b1000 6
b111111111010100101 ;
b110000000111011011 :
b10000101110101 9
1%
#1380000
0%
#1385000
b1001 6
b111111111110100101 ;
b110000000110111010 :
b10000001110110 9
1%
#1390000
0%
#1395000
b1010 6
b100101 ;
b110000000110101010 :
b1111111110110 9
1%
#1400000
0%
#1405000
b1011 6
b111111111111100101 ;
b110000000110110001 :
b10000000110110 9
1%
#1410000
0%
#1415000
b1100 6
b101 ;
b110000000110101101 :
b10000000010110 9
1%
#1420000
0%
#1425000
b1101 6
b111111111111110101 ;
b110000000110101111 :
b10000000100110 9
1%
#1430000
0%
#1435000
b1110 6
b111111111111111101 ;
b110000000110101110 :
b10000000011110 9
1%
#1440000
0%
#1445000
07
1"
b110000000110101110 !
b110000000110101110 8
b10000000011110 #
b10000000011110 5
1%
#1450000
1+
b110000001010001110 (
b10010000001101 '
r-0.9900327407387527 /
r0.1408373965440774 -
r-1.429489135742188 .
b101001001000001101 $
b101001001000001101 4
b11111111111111101001001000001101 ,
b1000 *
b1110 &
b1001 3
b110000000110101110 1
b110000001000000101 2
0%
#1455000
0"
17
b0 6
b101001001000001101 ;
b0 :
b1001101110101001 9
1%
#1460000
0%
0+
#1465000
b1 6
b110101101100011100 ;
b110110010001010111 :
1%
#1470000
0%
#1475000
b10 6
b111101000111001101 ;
b110001011010000011 :
b100110111010100 9
1%
#1480000
0%
#1485000
b11 6
b1000010000011 ;
b110000001100001110 :
b1001101110100 9
1%
#1490000
0%
#1495000
b100 6
b111111000010110010 ;
b110000010101111100 :
b11001100010011 9
1%
#1500000
0%
#1505000
b101 6
b10101100 ;
b110000001001001011 :
b10001101101010 9
1%
#1510000
0%
#1515000
b110 6
b111111100010101111 ;
b110000001101100110 :
b10101101011000 9
1%
#1520000
0%
#1525000
b111 6
b111111110010101110 ;
b110000001010111001 :
b10011101100101 9
1%
#1530000
0%
#1535000
b1000 6
b111111111010101110 ;
b110000001001101011 :
b10010101101010 9
1%
#1540000
0%
#1545000
b1001 6
b111111111110101110 ;
b110000001001000110 :
b10010001101100 9
1%
#1550000
0%
#1555000
b1010 6
b101110 ;
b110000001000110100 :
b10001111101101 9
1%
#1560000
0%
#1565000
b1011 6
b111111111111101110 ;
b110000001000111100 :
b10010000101101 9
1%
#1570000
0%
#1575000
b1100 6
b1110 ;
b110000001000111000 :
b10010000001101 9
1%
#1580000
0%
#1585000
b1101 6
b111111111111111110 ;
b110000001000111010 :
b10010000011101 9
1%
#1590000
0%
#1595000
b1110 6
b110 ;
b110000001000111001 :
b10010000010101 9
1%
#1600000
0%
#1605000
07
1"
b110000001000111001 !
b110000001000111001 8
b10010000010101 #
b10010000010101 5
1%
#1610000
1+
b110000001100100111 (
b10100000000111 '
r-0.9876994680447821 /
r0.1563641929089087 -
r-1.413787841796875 .
b101001011000010010 $
b101001011000010010 4
b11111111111111101001011000010010 ,
b1010 *
b1101 &
b111 3
b110000001000111001 1
b110000001010001110 2
0%
#1615000
0"
17
b0 6
b101001011000010010 ;
b0 :
b1001101110101001 9
1%
#1620000
0%
0+
#1625000
b1 6
b110101111100100001 ;
b110110010001010111 :
1%
#1630000
0%
#1635000
b10 6
b111101010111010010 ;
b110001011010000011 :
b100110111010100 9
1%
#1640000
0%
#1645000
b11 6
b1010010001000 ;
b110000001100001110 :
b1001101110100 9
1%
#1650000
0%
#1655000
b100 6
b111111010010110111 ;
b110000010101111100 :
b11001100010011 9
1%
#1660000
0%
#1665000
b101 6
b10010110001 ;
b110000001001001011 :
b10001101101010 9
1%
#1670000
0%
#1675000
b110 6
b111111110010110100 ;
b110000001101100110 :
b10101101011000 9
1%
#1680000
0%
#1685000
b111 6
b10110011 ;
b110000001010111001 :
b10011101100101 9
1%
#1690000
0%
#1695000
b1000 6
b111111111010110011 ;
b110000001100000111 :
b10100101100000 9
1%
#1700000
0%
#1705000
b1001 6
b111111111110110011 ;
b110000001011011110 :
b10100001100011 9
1%
#1710000
0%
#1715000
b1010 6
b110011 ;
b110000001011001010 :
b10011111100100 9
1%
#1720000
0%
#1725000
b1011 6
b111111111111110011 ;
b110000001011010011 :
b10100000100100 9
1%
#1730000
0%
#1735000
b1100 6
b10011 ;
b110000001011001110 :
b10100000000100 9
1%
#1740000
0%
#1745000
b1101 6
b11 ;
b110000001011010000 :
b10100000010100 9
1%
#1750000
0%
#1755000
b1110 6
b111111111111111011 ;
b110000001011010001 :
b10100000011100 9
1%
#1760000
0%
#1765000
07
1"
b110000001011010001 !
b110000001011010001 8
b10100000011100 #
b10100000011100 5
1%
#1770000
1+
b110000001111001111 (
b10101111111110 '
r-0.9851227021796046 /
r0.171852441502453 -
r-1.398086547851562 .
b101001101000010111 $
b101001101000010111 4
b11111111111111101001101000010111 ,
b1001 *
b1000 3
b110000001011010001 1
b110000001100100111 2
0%
#1775000
0"
17
b0 6
b101001101000010111 ;
b0 :
b1001101110101001 9
1%
#1780000
0%
0+
#1785000
b1 6
b110110001100100110 ;
b110110010001010111 :
1%
#1790000
0%
#1795000
b10 6
b111101100111010111 ;
b110001011010000011 :
b100110111010100 9
1%
#1800000
0%
#1805000
b11 6
b1100010001101 ;
b110000001100001110 :
b1001101110100 9
1%
#1810000
0%
#1815000
b100 6
b111111100010111100 ;
b110000010101111100 :
b11001100010011 9
1%
#1820000
0%
#1825000
b101 6
b100010110110 ;
b110000001001001011 :
b10001101101010 9
1%
#1830000
0%
#1835000
b110 6
b10111001 ;
b110000001101100110 :
b10101101011000 9
1%
#1840000
0%
#1845000
b111 6
b111111110010111010 ;
b110000010000010011 :
b10111101001011 9
1%
#1850000
0%
#1855000
b1000 6
b111111111010111010 ;
b110000001110110101 :
b10110101010011 9
1%
#1860000
0%
#1865000
b1001 6
b111111111110111010 ;
b110000001110001000 :
b10110001010110 9
1%
#1870000
0%
#1875000
b1010 6
b111010 ;
b110000001101110010 :
b10101111010111 9
1%
#1880000
0%
#1885000
b1011 6
b111111111111111010 ;
b110000001101111100 :
b10110000010111 9
1%
#1890000
0%
#1895000
b1100 6
b11010 ;
b110000001101110111 :
b10101111110111 9
1%
#1900000
0%
#1905000
b1101 6
b1010 ;
b110000001101111001 :
b10110000000111 9
1%
#1910000
0%
#1915000
b1110 6
b10 ;
b110000001101111010 :
b10110000001111 9
1%
#1920000
0%
#1925000
07
1"
b110000001101111010 !
b110000001101111010 8
b10110000001111 #
b10110000001111 5
1%
#1930000
1+
b110000010010001000 (
b10111111110010 '
r-0.9823030783818857 /
r0.1872983240754466 -
r-1.38238525390625 .
b101001111000011100 $
b101001111000011100 4
b11111111111111101001111000011100 ,
b1010 *
b111 &
b111 3
b110000001101111010 1
b110000001111001111 2
0%
#1935000
0"
17
b0 6
b101001111000011100 ;
b0 :
b1001101110101001 9
1%
#1940000
0%
0+
#1945000
b1 6
b110110011100101011 ;
b110110010001010111 :
1%
#1950000
0%
#1955000
b10 6
b111101110111011100 ;
b110001011010000011 :
b100110111010100 9
1%
#1960000
0%
#1965000
b11 6
b1110010010010 ;
b110000001100001110 :
b1001101110100 9
1%
#1970000
0%
#1975000
b100 6
b111111110011000001 ;
b110000010101111100 :
b11001100010011 9
1%
#1980000
0%
#1985000
b101 6
b110010111011 ;
b110000001001001011 :
b10001101101010 9
1%
#1990000
0%
#1995000
b110 6
b10010111110 ;
b110000001101100110 :
b10101101011000 9
1%
#2000000
0%
#2005000
b111 6
b10111111 ;
b110000010000010011 :
b10111101001011 9
1%
#2010000
0%
#2015000
b1000 6
b111111111010111111 ;
b110000010001110001 :
b11000101000011 9
1%
#2020000
0%
#2025000
b1001 6
b111111111110111111 ;
b110000010001000000 :
b11000001000111 9
1%
#2030000
0%
#2035000
b1010 6
b111111 ;
b110000010000101000 :
b10111111001001 9
1%
#2040000
0%
#2045000
b1011 6
b111111111111111111 ;
b110000010000110011 :
b11000000001000 9
1%
#2050000
0%
#2055000
b1100 6
b11111 ;
b110000010000101101 :
b10111111101000 9
1%
#2060000
0%
#2065000
b1101 6
b1111 ;
b110000010000101111 :
b10111111111000 9
1%
#2070000
0%
#2075000
b1110 6
b111 ;
b110000010000110000 :
b11000000000000 9
1%
#2080000
0%
#2085000
07
1"
b110000010000110000 !
b110000010000110000 8
b11000000000000 #
b11000000000000 5
1%
#2090000
1+
b110000010101010001 (
b11001111100100 '
r-0.9792412917609802 /
r0.2026980328229331 -
r-1.366683959960938 .
b101010001000100001 $
b101010001000100001 4
b11111111111111101010001000100001 ,
b101 &
b111 3
b110000010000110000 1
b110000010010001000 2
0%
#2095000
0"
17
b0 6
b101010001000100001 ;
b0 :
b1001101110101001 9
1%
#2100000
0%
0+
#2105000
b1 6
b110110101100110000 ;
b110110010001010111 :
1%
#2110000
0%
#2115000
b10 6
b111110000111100001 ;
b110001011010000011 :
b100110111010100 9
1%
#2120000
0%
#2125000
b11 6
b10000010010111 ;
b110000001100001110 :
b1001101110100 9
1%
#2130000
0%
#2135000
b100 6
b11000110 ;
b110000010101111100 :
b11001100010011 9
1%
#2140000
0%
#2145000
b101 6
b111111000011001100 ;
b110000100010101101 :
b100001010111100 9
1%
#2150000
0%
#2155000
b110 6
b111111100011001001 ;
b110000011010011000 :
b11101100000001 9
1%
#2160000
0%
#2165000
b111 6
b111111110011001000 ;
b110000010110101100 :
b11011100011011 9
1%
#2170000
0%
#2175000
b1000 6
b111111111011001000 ;
b110000010100111110 :
b11010100100110 9
1%
#2180000
0%
#2185000
b1001 6
b111111111111001000 ;
b110000010100001001 :
b11010000101011 9
1%
#2190000
0%
#2195000
b1010 6
b1001000 ;
b110000010011101111 :
b11001110101101 9
1%
#2200000
0%
#2205000
b1011 6
b1000 ;
b110000010011111011 :
b11001111101100 9
1%
#2210000
0%
#2215000
b1100 6
b111111111111101000 ;
b110000010100000001 :
b11010000001100 9
1%
#2220000
0%
#2225000
b1101 6
b111111111111111000 ;
b110000010011111110 :
b11001111111100 9
1%
#2230000
0%
#2235000
b1110 6
b0 ;
b110000010011111101 :
b11001111110100 9
1%
#2240000
0%
#2245000
07
1"
b110000010011111101 !
b110000010011111101 8
b11001111110100 #
b11001111110100 5
1%
#2250000
1+
b110000011000101001 (
b11011111010001 '
r-0.9759380971255704 /
r0.2180477713229848 -
r-1.350982666015625 .
b101010011000100110 $
b101010011000100110 4
b11111111111111101010011000100110 ,
b1001 *
b1101 &
b1000 3
b110000010011111101 1
b110000010101010001 2
0%
#2255000
0"
17
b0 6
b101010011000100110 ;
b0 :
b1001101110101001 9
1%
#2260000
0%
0+
#2265000
b1 6
b110110111100110101 ;
b110110010001010111 :
1%
#2270000
0%
#2275000
b10 6
b111110010111100110 ;
b110001011010000011 :
b100110111010100 9
1%
#2280000
0%
#2285000
b11 6
b10010010011100 ;
b110000001100001110 :
b1001101110100 9
1%
#2290000
0%
#2295000
b100 6
b10011001011 ;
b110000010101111100 :
b11001100010011 9
1%
#2300000
0%
#2305000
b101 6
b111111010011010001 ;
b110000100010101101 :
b100001010111100 9
1%
#2310000
0%
#2315000
b110 6
b111111110011001110 ;
b110000011010011000 :
b11101100000001 9
1%
#2320000
0%
#2325000
b111 6
b11001101 ;
b110000010110101100 :
b11011100011011 9
1%
#2330000
0%
#2335000
b1000 6
b111111111011001101 ;
b110000011000011010 :
b11100100010000 9
1%
#2340000
0%
#2345000
b1001 6
b111111111111001101 ;
b110000010111100001 :
b11100000010110 9
1%
#2350000
0%
#2355000
b1010 6
b1001101 ;
b110000010111000101 :
b11011110011000 9
1%
#2360000
0%
#2365000
b1011 6
b1101 ;
b110000010111010010 :
b11011111010111 9
1%
#2370000
0%
#2375000
b1100 6
b111111111111101101 ;
b110000010111011000 :
b11011111110111 9
1%
#2380000
0%
#2385000
b1101 6
b111111111111111101 ;
b110000010111010101 :
b11011111100111 9
1%
#2390000
0%
#2395000
b1110 6
b101 ;
b110000010111010100 :
b11011111011111 9
1%
#2400000
0%
#2405000
07
1"
b110000010111010100 !
b110000010111010100 8
b11011111011111 #
b11011111011111 5
1%
#2410000
1+
b110000011100010010 (
b11101110111100 '
r-0.9723943087975861 /
r0.2333437554726174 -
r-1.335281372070312 .
b101010101000101011 $
b101010101000101011 4
b11111111111111101010101000101011 ,
b1000 *
b1110 &
b1001 3
b110000010111010100 1
b110000011000101001 2
0%
#2415000
0"
17
b0 6
b101010101000101011 ;
b0 :
b1001101110101001 9
1%
#2420000
0%
0+
#2425000
b1 6
b110111001100111010 ;
b110110010001010111 :
1%
#2430000
0%
#2435000
b10 6
b111110100111101011 ;
b110001011010000011 :
b100110111010100 9
1%
#2440000
0%
#2445000
b11 6
b10100010100001 ;
b110000001100001110 :
b1001101110100 9
1%
#2450000
0%
#2455000
b100 6
b100011010000 ;
b110000010101111100 :
b11001100010011 9
1%
#2460000
0%
#2465000
b101 6
b111111100011010110 ;
b110000100010101101 :
b100001010111100 9
1%
#2470000
0%
#2475000
b110 6
b11010011 ;
b110000011010011000 :
b11101100000001 9
1%
#2480000
0%
#2485000
b111 6
b111111110011010100 ;
b110000011110000100 :
b11111011100111 9
1%
#2490000
0%
#2495000
b1000 6
b111111111011010100 ;
b110000011100000111 :
b11110011110110 9
1%
#2500000
0%
#2505000
b1001 6
b111111111111010100 ;
b110000011011001011 :
b11101111111101 9
1%
#2510000
0%
#2515000
b1010 6
b1010100 ;
b110000011010101110 :
b11101110000000 9
1%
#2520000
0%
#2525000
b1011 6
b10100 ;
b110000011010111100 :
b11101110111111 9
1%
#2530000
0%
#2535000
b1100 6
b111111111111110100 ;
b110000011011000011 :
b11101111011111 9
1%
#2540000
0%
#2545000
b1101 6
b100 ;
b110000011011000000 :
b11101111001111 9
1%
#2550000
0%
#2555000
b1110 6
b111111111111111100 ;
b110000011011000001 :
b11101111010111 9
1%
#2560000
0%
#2565000
07
1"
b110000011011000001 !
b110000011011000001 8
b11101111010111 #
b11101111010111 5
1%
#2570000
1+
b110000100000001010 (
b11111110100011 '
r-0.9686108004114536 /
r0.2485822144206684 -
r-1.319580078125 .
b101010111000110000 $
b101010111000110000 4
b11111111111111101010111000110000 ,
b1001 *
b1011 &
b1000 3
b110000011011000001 1
b110000011100010010 2
0%
#2575000
0"
17
b0 6
b101010111000110000 ;
b0 :
b1001101110101001 9
1%
#2580000
0%
0+
#2585000
b1 6
b110111011100111111 ;
b110110010001010111 :
1%
#2590000
0%
#2595000
b10 6
b111110110111110000 ;
b110001011010000011 :
b100110111010100 9
1%
#2600000
0%
#2605000
b11 6
b10110010100110 ;
b110000001100001110 :
b1001101110100 9
1%
#2610000
0%
#2615000
b100 6
b110011010101 ;
b110000010101111100 :
b11001100010011 9
1%
#2620000
0%
#2625000
b101 6
b111111110011011011 ;
b110000100010101101 :
b100001010111100 9
1%
#2630000
0%
#2635000
b110 6
b10011011000 ;
b110000011010011000 :
b11101100000001 9
1%
#2640000
0%
#2645000
b111 6
b11011001 ;
b110000011110000100 :
b11111011100111 9
1%
#2650000
0%
#2655000
b1000 6
b111111111011011001 ;
b110000100000000001 :
b100000011011000 9
1%
#2660000
0%
#2665000
b1001 6
b111111111111011001 ;
b110000011111000001 :
b11111111100000 9
1%
#2670000
0%
#2675000
b1010 6
b1011001 ;
b110000011110100010 :
b11111101100011 9
1%
#2680000
0%
#2685000
b1011 6
b11001 ;
b110000011110110001 :
b11111110100010 9
1%
#2690000
0%
#2695000
b1100 6
b111111111111111001 ;
b110000011110111000 :
b11111111000010 9
1%
#2700000
0%
#2705000
b1101 6
b1001 ;
b110000011110110101 :
b11111110110010 9
1%
#2710000
0%
#2715000
b1110 6
b1 ;
b110000011110110110 :
b11111110111010 9
1%
#2720000
0%
#2725000
07
1"
b110000011110110110 !
b110000011110110110 8
b11111110111010 #
b11111110111010 5
1%
#2730000
1+
b110000100100010001 (
b100001110000101 '
r-0.9645885046987223 /
r0.2637593914974081 -
r-1.303878784179688 .
b101011001000110101 $
b101011001000110101 4
b11111111111111101011001000110101 ,
b110 *
b1101 &
b1011 3
b110000011110110110 1
b110000100000001010 2
0%
#2735000
0"
17
b0 6
b101011001000110101 ;
b0 :
b1001101110101001 9
1%
#2740000
0%
0+
#2745000
b1 6
b110111101101000100 ;
b110110010001010111 :
1%
#2750000
0%
#2755000
b10 6
b111111000111110101 ;
b110001011010000011 :
b100110111010100 9
1%
#2760000
0%
#2765000
b11 6
b11000010101011 ;
b110000001100001110 :
b1001101110100 9
1%
#2770000
0%
#2775000
b100 6
b1000011011010 ;
b110000010101111100 :
b11001100010011 9
1%
#2780000
0%
#2785000
b101 6
b11100000 ;
b110000100010101101 :
b100001010111100 9
1%
#2790000
0%
#2795000
b110 6
b111111100011100011 ;
b110000101011000010 :
b100101001110111 9
1%
#2800000
0%
#2805000
b111 6
b111111110011100010 ;
b110000100110011001 :
b100011010100010 9
1%
#2810000
0%
#2815000
b1000 6
b111111111011100010 ;
b110000100100001100 :
b100010010110101 9
1%
#2820000
0%
#2825000
b1001 6
b111111111111100010 ;
b110000100011001000 :
b100001110111110 9
1%
#2830000
0%
#2835000
b1010 6
b1100010 ;
b110000100010100111 :
b100001101000010 9
1%
#2840000
0%
#2845000
b1011 6
b100010 ;
b110000100010110111 :
b100001110000000 9
1%
#2850000
0%
#2855000
b1100 6
b10 ;
b110000100010111111 :
b100001110011111 9
1%
#2860000
0%
#2865000
b1101 6
b111111111111110010 ;
b110000100011000011 :
b100001110101111 9
1%
#2870000
0%
#2875000
b1110 6
b111111111111111010 ;
b110000100011000001 :
b100001110100111 9
1%
#2880000
0%
#2885000
07
1"
b110000100011000001 !
b110000100011000001 8
b100001110100111 #
b100001110100111 5
1%
#2890000
1+
b110000101000101000 (
b100011101100100 '
r-0.9603284132581227 /
r0.2788715451406549 -
r-1.288177490234375 .
b101011011000111010 $
b101011011000111010 4
b11111111111111101011011000111010 ,
b1001 *
b1100 &
b1000 3
b110000100011000001 1
b110000100100010001 2
0%
#2895000
0"
17
b0 6
b101011011000111010 ;
b0 :
b1001101110101001 9
1%
#2900000
0%
0+
#2905000
b1 6
b110111111101001001 ;
b110110010001010111 :
1%
#2910000
0%
#2915000
b10 6
b111111010111111010 ;
b110001011010000011 :
b100110111010100 9
1%
#2920000
0%
#2925000
b11 6
b11010010110000 ;
b110000001100001110 :
b1001101110100 9
1%
#2930000
0%
#2935000
b100 6
b1010011011111 ;
b110000010101111100 :
b11001100010011 9
1%
#2940000
0%
#2945000
b101 6
b10011100101 ;
b110000100010101101 :
b100001010111100 9
1%
#2950000
0%
#2955000
b110 6
b111111110011101000 ;
b110000101011000010 :
b100101001110111 9
1%
#2960000
0%
#2965000
b111 6
b11100111 ;
b110000100110011001 :
b100011010100010 9
1%
#2970000
0%
#2975000
b1000 6
b111111111011100111 ;
b110000101000100110 :
b100100010001111 9
1%
#2980000
0%
#2985000
b1001 6
b111111111111100111 ;
b110000100111011110 :
b100011110011001 9
1%
#2990000
0%
#2995000
b1010 6
b1100111 ;
b110000100110111011 :
b100011100011101 9
1%
#3000000
0%
#3005000
b1011 6
b100111 ;
b110000100111001100 :
b100011101011011 9
1%
#3010000
0%
#3015000
b1100 6
b111 ;
b110000100111010100 :
b100011101111010 9
1%
#3020000
0%
#3025000
b1101 6
b111111111111110111 ;
b110000100111011000 :
b100011110001010 9
1%
#3030000
0%
#3035000
b1110 6
b111111111111111111 ;
b110000100111010110 :
b100011110000010 9
1%
#3040000
0%
#3045000
07
1"
b110000100111010110 !
b110000100111010110 8
b100011110000010 #
b100011110000010 5
1%
#3050000
1+
b110000101101001111 (
b100101100111110 '
r-0.9558315763111118 /
r0.2939149498181662 -
r-1.272476196289062 .
b101011101000111111 $
b101011101000111111 4
b11111111111111101011101000111111 ,
b1000 *
b1010 &
b1001 3
b110000100111010110 1
b110000101000101000 2
0%
#3055000
0"
17
b0 6
b101011101000111111 ;
b0 :
b1001101110101001 9
1%
#3060000
0%
0+
#3065000
b1 6
b111000001101001110 ;
b110110010001010111 :
1%
#3070000
0%
#3075000
b10 6
b111111100111111111 ;
b110001011010000011 :
b100110111010100 9
1%
#3080000
0%
#3085000
b11 6
b11100010110101 ;
b110000001100001110 :
b1001101110100 9
1%
#3090000
0%
#3095000
b100 6
b1100011100100 ;
b110000010101111100 :
b11001100010011 9
1%
#3100000
0%
#3105000
b101 6
b100011101010 ;
b110000100010101101 :
b100001010111100 9
1%
#3110000
0%
#3115000
b110 6
b11101101 ;
b110000101011000010 :
b100101001110111 9
1%
#3120000
0%
#3125000
b111 6
b111111110011101110 ;
b110000101111101011 :
b100111001001100 9
1%
#3130000
0%
#3135000
b1000 6
b111111111011101110 ;
b110000101101001111 :
b100110001100011 9
1%
#3140000
0%
#3145000
b1001 6
b111111111111101110 ;
b110000101100000011 :
b100101101101110 9
1%
#3150000
0%
#3155000
b1010 6
b1101110 ;
b110000101011011110 :
b100101011110011 9
1%
#3160000
0%
#3165000
b1011 6
b101110 ;
b110000101011110000 :
b100101100110001 9
1%
#3170000
0%
#3175000
b1100 6
b1110 ;
b110000101011111001 :
b100101101010000 9
1%
#3180000
0%
#3185000
b1101 6
b111111111111111110 ;
b110000101011111101 :
b100101101100000 9
1%
#3190000
0%
#3195000
b1110 6
b110 ;
b110000101011111011 :
b100101101011000 9
1%
#3200000
0%
#3205000
07
1"
b110000101011111011 !
b110000101011111011 8
b100101101011000 #
b100101101011000 5
1%
#3210000
1+
b110000110010000101 (
b100111100010011 '
r-0.951099102442967 /
r0.3088858969460769 -
r-1.25677490234375 .
b101011111001000100 $
b101011111001000100 4
b11111111111111101011111001000100 ,
b1001 *
b1011 &
b1000 3
b110000101011111011 1
b110000101101001111 2
0%
#3215000
0"
17
b0 6
b101011111001000100 ;
b0 :
b1001101110101001 9
1%
#3220000
0%
0+
#3225000
b1 6
b111000011101010011 ;
b110110010001010111 :
1%
#3230000
0%
#3235000
b10 6
b111111111000000100 ;
b110001011010000011 :
b100110111010100 9
1%
#3240000
0%
#3245000
b11 6
b11110010111010 ;
b110000001100001110 :
b1001101110100 9
1%
#3250000
0%
#3255000
b100 6
b1110011101001 ;
b110000010101111100 :
b11001100010011 9
1%
#3260000
0%
#3265000
b101 6
b110011101111 ;
b110000100010101101 :
b100001010111100 9
1%
#3270000
0%
#3275000
b110 6
b10011110010 ;
b110000101011000010 :
b100101001110111 9
1%
#3280000
0%
#3285000
b111 6
b11110011 ;
b110000101111101011 :
b100111001001100 9
1%
#3290000
0%
#3295000
b1000 6
b111111111011110011 ;
b110000110010000111 :
b101000000110101 9
1%
#3300000
0%
#3305000
b1001 6
b111111111111110011 ;
b110000110000110111 :
b100111101000001 9
1%
#3310000
0%
#3315000
b1010 6
b1110011 ;
b110000110000010000 :
b100111011000111 9
1%
#3320000
0%
#3325000
b1011 6
b110011 ;
b110000110000100011 :
b100111100000100 9
1%
#3330000
0%
#3335000
b1100 6
b10011 ;
b110000110000101100 :
b100111100100011 9
1%
#3340000
0%
#3345000
b1101 6
b11 ;
b110000110000110000 :
b100111100110011 9
1%
#3350000
0%
#3355000
b1110 6
b111111111111111011 ;
b110000110000110010 :
b100111100111011 9
1%
#3360000
0%
#3365000
07
1"
b110000110000110010 !
b110000110000110010 8
b100111100111011 #
b100111100111011 5
1%
#3370000
1+
b110000110111001011 (
b101001011100011 '
r-0.9461321583294912 /
r0.3237806958031604 -
r-1.241073608398438 .
b101100001001001001 $
b101100001001001001 4
b11111111111111101100001001001001 ,
b1010 *
b1100 &
b111 3
b110000110000110010 1
b110000110010000101 2
0%
#3375000
0"
17
b0 6
b101100001001001001 ;
b0 :
b1001101110101001 9
1%
#3380000
0%
0+
#3385000
b1 6
b111000101101011000 ;
b110110010001010111 :
1%
#3390000
0%
#3395000
b10 6
b1000001001 ;
b110001011010000011 :
b100110111010100 9
1%
#3400000
0%
#3405000
b11 6
b111100001101010011 ;
b110010100111111000 :
b1000100000110100 9
1%
#3410000
0%
#3415000
b100 6
b111110001100100100 ;
b110001100011110010 :
b110110101110011 9
1%
#3420000
0%
#3425000
b101 6
b111111001100011110 ;
b110001001000011011 :
b101111100000010 9
1%
#3430000
0%
#3435000
b110 6
b111111101100011011 ;
b110000111100100011 :
b101011110010010 9
1%
#3440000
0%
#3445000
b111 6
b111111111100011010 ;
b110000110111000101 :
b101001111001110 9
1%
#3450000
0%
#3455000
b1000 6
b100011010 ;
b110000110100011110 :
b101000111101001 9
1%
#3460000
0%
#3465000
b1001 6
b11010 ;
b110000110101101111 :
b101001011011100 9
1%
#3470000
0%
#3475000
b1010 6
b111111111110011010 ;
b110000110110011000 :
b101001101010110 9
1%
#3480000
0%
#3485000
b1011 6
b111111111111011010 ;
b110000110110000100 :
b101001100011001 9
1%
#3490000
0%
#3495000
b1100 6
b111111111111111010 ;
b110000110101111010 :
b101001011111010 9
1%
#3500000
0%
#3505000
b1101 6
b1010 ;
b110000110101110101 :
b101001011101010 9
1%
#3510000
0%
#3515000
b1110 6
b10 ;
b110000110101110111 :
b101001011110010 9
1%
#3520000
0%
#3525000
07
1"
b110000110101110111 !
b110000110101110111 8
b101001011110010 #
b101001011110010 5
1%
#3530000
1+
b110000111100100000 (
b101011010101110 '
r-0.940931968449397 /
r0.3385956744406859 -
r-1.225372314453125 .
b101100011001001110 $
b101100011001001110 4
b11111111111111101100011001001110 ,
b1101 &
b111 3
b110000110101110111 1
b110000110111001011 2
0%
#3535000
0"
17
b0 6
b101100011001001110 ;
b0 :
b1001101110101001 9
1%
#3540000
0%
0+
#3545000
b1 6
b111000111101011101 ;
b110110010001010111 :
1%
#3550000
0%
#3555000
b10 6
b11000001110 ;
b110001011010000011 :
b100110111010100 9
1%
#3560000
0%
#3565000
b11 6
b111100011101011000 ;
b110010100111111000 :
b1000100000110100 9
1%
#3570000
0%
#3575000
b100 6
b111110011100101001 ;
b110001100011110010 :
b110110101110011 9
1%
#3580000
0%
#3585000
b101 6
b111111011100100011 ;
b110001001000011011 :
b101111100000010 9
1%
#3590000
0%
#3595000
b110 6
b111111111100100000 ;
b110000111100100011 :
b101011110010010 9
1%
#3600000
0%
#3605000
b111 6
b1100011111 ;
b110000110111000101 :
b101001111001110 9
1%
#3610000
0%
#3615000
b1000 6
b100011111 ;
b110000111001101100 :
b101010110110011 9
1%
#3620000
0%
#3625000
b1001 6
b11111 ;
b110000111011000001 :
b101011010100101 9
1%
#3630000
0%
#3635000
b1010 6
b111111111110011111 ;
b110000111011101100 :
b101011100011110 9
1%
#3640000
0%
#3645000
b1011 6
b111111111111011111 ;
b110000111011010111 :
b101011011100001 9
1%
#3650000
0%
#3655000
b1100 6
b111111111111111111 ;
b110000111011001101 :
b101011011000010 9
1%
#3660000
0%
#3665000
b1101 6
b1111 ;
b110000111011001000 :
b101011010110010 9
1%
#3670000
0%
#3675000
b1110 6
b111 ;
b110000111011001010 :
b101011010111010 9
1%
#3680000
0%
#3685000
07
1"
b110000111011001010 !
b110000111011001010 8
b101011010111010 #
b101011010111010 5
1%
#3690000
1+
b110001000010000100 (
b101101001110011 '
r-0.9354998147824425 /
r0.3533271805876473 -
r-1.209671020507812 .
b101100101001010011 $
b101100101001010011 4
b11111111111111101100101001010011 ,
b1001 *
b1000 3
b110000111011001010 1
b110000111100100000 2
0%
#3695000
0"
17
b0 6
b101100101001010011 ;
b0 :
b1001101110101001 9
1%
#3700000
0%
0+
#3705000
b1 6
b111001001101100010 ;
b110110010001010111 :
1%
#3710000
0%
#3715000
b10 6
b101000010011 ;
b110001011010000011 :
b100110111010100 9
1%
#3720000
0%
#3725000
b11 6
b111100101101011101 ;
b110010100111111000 :
b1000100000110100 9
1%
#3730000
0%
#3735000
b100 6
b111110101100101110 ;
b110001100011110010 :
b110110101110011 9
1%
#3740000
0%
#3745000
b101 6
b111111101100101000 ;
b110001001000011011 :
b101111100000010 9
1%
#3750000
0%
#3755000
b110 6
b1100100101 ;
b110000111100100011 :
b101011110010010 9
1%
#3760000
0%
#3765000
b111 6
b111111111100100110 ;
b110001000010000001 :
b101101101010110 9
1%
#3770000
0%
#3775000
b1000 6
b100100110 ;
b110000111111001011 :
b101100101110111 9
1%
#3780000
0%
#3785000
b1001 6
b100110 ;
b110001000000100100 :
b101101001101000 9
1%
#3790000
0%
#3795000
b1010 6
b111111111110100110 ;
b110001000001010001 :
b101101011100000 9
1%
#3800000
0%
#3805000
b1011 6
b111111111111100110 ;
b110001000000111011 :
b101101010100100 9
1%
#3810000
0%
#3815000
b1100 6
b110 ;
b110001000000110000 :
b101101010000110 9
1%
#3820000
0%
#3825000
b1101 6
b111111111111110110 ;
b110001000000110101 :
b101101010010101 9
1%
#3830000
0%
#3835000
b1110 6
b111111111111111110 ;
b110001000000110011 :
b101101010001101 9
1%
#3840000
0%
#3845000
07
1"
b110001000000110011 !
b110001000000110011 8
b101101010001101 #
b101101010001101 5
1%
#3850000
1+
b110001000111110111 (
b101111000110011 '
r-0.9298370364933892 /
r0.3679715825511416 -
r-1.1939697265625 .
b101100111001011000 $
b101100111001011000 4
b11111111111111101100111001011000 ,
b1010 *
b1010 &
b111 3
b110001000000110011 1
b110001000010000100 2
0%
#3855000
0"
17
b0 6
b101100111001011000 ;
b0 :
b1001101110101001 9
1%
#3860000
0%
0+
#3865000
b1 6
b111001011101100111 ;
b110110010001010111 :
1%
#3870000
0%
#3875000
b10 6
b111000011000 ;
b110001011010000011 :
b100110111010100 9
1%
#3880000
0%
#3885000
b11 6
b111100111101100010 ;
b110010100111111000 :
b1000100000110100 9
1%
#3890000
0%
#3895000
b100 6
b111110111100110011 ;
b110001100011110010 :
b110110101110011 9
1%
#3900000
0%
#3905000
b101 6
b111111111100101101 ;
b110001001000011011 :
b101111100000010 9
1%
#3910000
0%
#3915000
b110 6
b11100101010 ;
b110000111100100011 :
b101011110010010 9
1%
#3920000
0%
#3925000
b111 6
b1100101011 ;
b110001000010000001 :
b101101101010110 9
1%
#3930000
0%
#3935000
b1000 6
b100101011 ;
b110001000100110111 :
b101110100110101 9
1%
#3940000
0%
#3945000
b1001 6
b101011 ;
b110001000110010100 :
b101111000100100 9
1%
#3950000
0%
#3955000
b1010 6
b111111111110101011 ;
b110001000111000011 :
b101111010011100 9
1%
#3960000
0%
#3965000
b1011 6
b111111111111101011 ;
b110001000110101100 :
b101111001100000 9
1%
#3970000
0%
#3975000
b1100 6
b1011 ;
b110001000110100001 :
b101111001000010 9
1%
#3980000
0%
#3985000
b1101 6
b111111111111111011 ;
b110001000110100110 :
b101111001010001 9
1%
#3990000
0%
#3995000
b1110 6
b11 ;
b110001000110100100 :
b101111001001001 9
1%
#4000000
0%
#4005000
07
1"
b110001000110100100 !
b110001000110100100 8
b101111001001001 #
b101111001001001 5
1%
#4010000
1+
b110001001101111001 (
b110000111101101 '
r-0.9239450296018648 /
r0.3825252701116741 -
r-1.178268432617188 .
b101101001001011101 $
b101101001001011101 4
b11111111111111101101001001011101 ,
b1011 *
b1011 &
b110 3
b110001000110100100 1
b110001000111110111 2
0%
#4015000
0"
17
b0 6
b101101001001011101 ;
b0 :
b1001101110101001 9
1%
#4020000
0%
0+
#4025000
b1 6
b111001101101101100 ;
b110110010001010111 :
1%
#4030000
0%
#4035000
b10 6
b1001000011101 ;
b110001011010000011 :
b100110111010100 9
1%
#4040000
0%
#4045000
b11 6
b111101001101100111 ;
b110010100111111000 :
b1000100000110100 9
1%
#4050000
0%
#4055000
b100 6
b111111001100111000 ;
b110001100011110010 :
b110110101110011 9
1%
#4060000
0%
#4065000
b101 6
b1100110010 ;
b110001001000011011 :
b101111100000010 9
1%
#4070000
0%
#4075000
b110 6
b111111101100110101 ;
b110001010100010011 :
b110011001110010 9
1%
#4080000
0%
#4085000
b111 6
b111111111100110100 ;
b110001001101111010 :
b110001011000110 9
1%
#4090000
0%
#4095000
b1000 6
b100110100 ;
b110001001010110101 :
b110000011101100 9
1%
#4100000
0%
#4105000
b1001 6
b110100 ;
b110001001100010101 :
b110000111011010 9
1%
#4110000
0%
#4115000
b1010 6
b111111111110110100 ;
b110001001101000101 :
b110001001010001 9
1%
#4120000
0%
#4125000
b1011 6
b111111111111110100 ;
b110001001100101101 :
b110001000010101 9
1%
#4130000
0%
#4135000
b1100 6
b10100 ;
b110001001100100001 :
b110000111110111 9
1%
#4140000
0%
#4145000
b1101 6
b100 ;
b110001001100100111 :
b110001000000110 9
1%
#4150000
0%
#4155000
b1110 6
b111111111111111100 ;
b110001001100101010 :
b110001000001110 9
1%
#4160000
0%
#4165000
07
1"
b110001001100101010 !
b110001001100101010 8
b110001000001110 #
b110001000001110 5
1%
#4170000
1+
b110001010100001010 (
b110010110100000 '
r-0.9178252466382079 /
r0.3969846554131696 -
r-1.162567138671875 .
b101101011001100010 $
b101101011001100010 4
b11111111111111101101011001100010 ,
b1000 &
b110 3
b110001001100101010 1
b110001001101111001 2
0%
#4175000
0"
17
b0 6
b101101011001100010 ;
b0 :
b1001101110101001 9
1%
#4180000
0%
0+
#4185000
b1 6
b111001111101110001 ;
b110110010001010111 :
1%
#4190000
0%
#4195000
b10 6
b1011000100010 ;
b110001011010000011 :
b100110111010100 9
1%
#4200000
0%
#4205000
b11 6
b111101011101101100 ;
b110010100111111000 :
b1000100000110100 9
1%
#4210000
0%
#4215000
b100 6
b111111011100111101 ;
b110001100011110010 :
b110110101110011 9
1%
#4220000
0%
#4225000
b101 6
b11100110111 ;
b110001001000011011 :
b101111100000010 9
1%
#4230000
0%
#4235000
b110 6
b111111111100111010 ;
b110001010100010011 :
b110011001110010 9
1%
#4240000
0%
#4245000
b111 6
b1100111001 ;
b110001001101111010 :
b110001011000110 9
1%
#4250000
0%
#4255000
b1000 6
b100111001 ;
b110001010000111111 :
b110010010100000 9
1%
#4260000
0%
#4265000
b1001 6
b111001 ;
b110001010010100011 :
b110010110001100 9
1%
#4270000
0%
#4275000
b1010 6
b111111111110111001 ;
b110001010011010101 :
b110011000000010 9
1%
#4280000
0%
#4285000
b1011 6
b111111111111111001 ;
b110001010010111100 :
b110010111000111 9
1%
#4290000
0%
#4295000
b1100 6
b11001 ;
b110001010010110000 :
b110010110101001 9
1%
#4300000
0%
#4305000
b1101 6
b1001 ;
b110001010010110110 :
b110010110111000 9
1%
#4310000
0%
#4315000
b1110 6
b1 ;
b110001010010111001 :
b110010111000000 9
1%
#4320000
0%
#4325000
07
1"
b110001010010111001 !
b110001010010111001 8
b110010111000000 #
b110010111000000 5
1%
#4330000
1+
b110001011010101010 (
b110100101001101 '
r-0.9114791962853822 /
r0.4113461738474707 -
r-1.146865844726562 .
b101101101001100111 $
b101101101001100111 4
b11111111111111101101101001100111 ,
b1001 *
b1011 &
b1000 3
b110001010010111001 1
b110001010100001010 2
0%
#4335000
0"
17
b0 6
b101101101001100111 ;
b0 :
b1001101110101001 9
1%
#4340000
0%
0+
#4345000
b1 6
b111010001101110110 ;
b110110010001010111 :
1%
#4350000
0%
#4355000
b10 6
b1101000100111 ;
b110001011010000011 :
b100110111010100 9
1%
#4360000
0%
#4365000
b11 6
b111101101101110001 ;
b110010100111111000 :
b1000100000110100 9
1%
#4370000
0%
#4375000
b100 6
b111111101101000010 ;
b110001100011110010 :
b110110101110011 9
1%
#4380000
0%
#4385000
b101 6
b101100111100 ;
b110001001000011011 :
b101111100000010 9
1%
#4390000
0%
#4395000
b110 6
b1100111111 ;
b110001010100010011 :
b110011001110010 9
1%
#4400000
0%
#4405000
b111 6
b111111111101000000 ;
b110001011010101100 :
b110101000011110 9
1%
#4410000
0%
#4415000
b1000 6
b101000000 ;
b110001010111011000 :
b110100001001011 9
1%
#4420000
0%
#4425000
b1001 6
b1000000 ;
b110001011001000000 :
b110100100110110 9
1%
#4430000
0%
#4435000
b1010 6
b111111111111000000 ;
b110001011001110100 :
b110100110101011 9
1%
#4440000
0%
#4445000
b1011 6
b0 ;
b110001011001011010 :
b110100101110000 9
1%
#4450000
0%
#4455000
b1100 6
b111111111111100000 ;
b110001011001100111 :
b110100110001110 9
1%
#4460000
0%
#4465000
b1101 6
b111111111111110000 ;
b110001011001100001 :
b110100101111111 9
1%
#4470000
0%
#4475000
b1110 6
b111111111111111000 ;
b110001011001011110 :
b110100101110111 9
1%
#4480000
0%
#4485000
07
1"
b110001011001011110 !
b110001011001011110 8
b110100101110111 #
b110100101110111 5
1%
#4490000
1+
b110001100001011000 (
b110110011110100 '
r-0.9049084430070483 /
r0.4256062849331052 -
r-1.13116455078125 .
b101101111001101100 $
b101101111001101100 4
b11111111111111101101111001101100 ,
b1010 *
b1100 &
b111 3
b110001011001011110 1
b110001011010101010 2
0%
#4495000
0"
17
b0 6
b101101111001101100 ;
b0 :
b1001101110101001 9
1%
#4500000
0%
0+
#4505000
b1 6
b111010011101111011 ;
b110110010001010111 :
1%
#4510000
0%
#4515000
b10 6
b1111000101100 ;
b110001011010000011 :
b100110111010100 9
1%
#4520000
0%
#4525000
b11 6
b111101111101110110 ;
b110010100111111000 :
b1000100000110100 9
1%
#4530000
0%
#4535000
b100 6
b111111111101000111 ;
b110001100011110010 :
b110110101110011 9
1%
#4540000
0%
#4545000
b101 6
b111101000001 ;
b110001001000011011 :
b101111100000010 9
1%
#4550000
0%
#4555000
b110 6
b11101000100 ;
b110001010100010011 :
b110011001110010 9
1%
#4560000
0%
#4565000
b111 6
b1101000101 ;
b110001011010101100 :
b110101000011110 9
1%
#4570000
0%
#4575000
b1000 6
b101000101 ;
b110001011110000000 :
b110101111110001 9
1%
#4580000
0%
#4585000
b1001 6
b1000101 ;
b110001011111101011 :
b110110011011010 9
1%
#4590000
0%
#4595000
b1010 6
b111111111111000101 ;
b110001100000100001 :
b110110101001111 9
1%
#4600000
0%
#4605000
b1011 6
b101 ;
b110001100000000110 :
b110110100010101 9
1%
#4610000
0%
#4615000
b1100 6
b111111111111100101 ;
b110001100000010011 :
b110110100110010 9
1%
#4620000
0%
#4625000
b1101 6
b111111111111110101 ;
b110001100000001101 :
b110110100100011 9
1%
#4630000
0%
#4635000
b1110 6
b111111111111111101 ;
b110001100000001010 :
b110110100011011 9
1%
#4640000
0%
#4645000
07
1"
b110001100000001010 !
b110001100000001010 8
b110110100011011 #
b110110100011011 5
1%
#4650000
1+
b110001101000010110 (
b111000010010100 '
r-0.8981146066618825 /
r0.4397614731881046 -
r-1.115463256835938 .
b101110001001110001 $
b101110001001110001 4
b11111111111111101110001001110001 ,
b1011 *
b1001 &
b110 3
b110001100000001010 1
b110001100001011000 2
0%
#4655000
0"
17
b0 6
b101110001001110001 ;
b0 :
b1001101110101001 9
1%
#4660000
0%
0+
#4665000
b1 6
b111010101110000000 ;
b110110010001010111 :
1%
#4670000
0%
#4675000
b10 6
b10001000110001 ;
b110001011010000011 :
b100110111010100 9
1%
#4680000
0%
#4685000
b11 6
b111110001101111011 ;
b110010100111111000 :
b1000100000110100 9
1%
#4690000
0%
#4695000
b100 6
b1101001100 ;
b110001100011110010 :
b110110101110011 9
1%
#4700000
0%
#4705000
b101 6
b111111001101010010 ;
b110001111111001001 :
b111101111100100 9
1%
#4710000
0%
#4715000
b110 6
b111111101101001111 ;
b110001101111101010 :
b111010011100010 9
1%
#4720000
0%
#4725000
b111 6
b111111111101001110 ;
b110001101000010111 :
b111000101010001 9
1%
#4730000
0%
#4735000
b1000 6
b101001110 ;
b110001100100110101 :
b110111110000101 9
1%
#4740000
0%
#4745000
b1001 6
b1001110 ;
b110001100110100100 :
b111000001101100 9
1%
#4750000
0%
#4755000
b1010 6
b111111111111001110 ;
b110001100111011100 :
b111000011100000 9
1%
#4760000
0%
#4765000
b1011 6
b1110 ;
b110001100111000000 :
b111000010100110 9
1%
#4770000
0%
#4775000
b1100 6
b111111111111101110 ;
b110001100111001110 :
b111000011000011 9
1%
#4780000
0%
#4785000
b1101 6
b111111111111111110 ;
b110001100111000111 :
b111000010110100 9
1%
#4790000
0%
#4795000
b1110 6
b110 ;
b110001100111000100 :
b111000010101100 9
1%
#4800000
0%
#4805000
07
1"
b110001100111000100 !
b110001100111000100 8
b111000010101100 #
b111000010101100 5
1%
#4810000
1+
b110001101111100001 (
b111010000101100 '
r-0.8910993621042406 /
r0.453808248996661 -
r-1.099761962890625 .
b101110011001110110 $
b101110011001110110 4
b11111111111111101110011001110110 ,
b1000 *
b1100 &
b1001 3
b110001100111000100 1
b110001101000010110 2
0%
#4815000
0"
17
b0 6
b101110011001110110 ;
b0 :
b1001101110101001 9
1%
#4820000
0%
0+
#4825000
b1 6
b111010111110000101 ;
b110110010001010111 :
1%
#4830000
0%
#4835000
b10 6
b10011000110110 ;
b110001011010000011 :
b100110111010100 9
1%
#4840000
0%
#4845000
b11 6
b111110011110000000 ;
b110010100111111000 :
b1000100000110100 9
1%
#4850000
0%
#4855000
b100 6
b11101010001 ;
b110001100011110010 :
b110110101110011 9
1%
#4860000
0%
#4865000
b101 6
b111111011101010111 ;
b110001111111001001 :
b111101111100100 9
1%
#4870000
0%
#4875000
b110 6
b111111111101010100 ;
b110001101111101010 :
b111010011100010 9
1%
#4880000
0%
#4885000
b111 6
b1101010011 ;
b110001101000010111 :
b111000101010001 9
1%
#4890000
0%
#4895000
b1000 6
b101010011 ;
b110001101011111001 :
b111001100011101 9
1%
#4900000
0%
#4905000
b1001 6
b1010011 ;
b110001101101101100 :
b111010000000011 9
1%
#4910000
0%
#4915000
b1010 6
b111111111111010011 ;
b110001101110100110 :
b111010001110110 9
1%
#4920000
0%
#4925000
b1011 6
b10011 ;
b110001101110001001 :
b111010000111100 9
1%
#4930000
0%
#4935000
b1100 6
b111111111111110011 ;
b110001101110010111 :
b111010001011001 9
1%
#4940000
0%
#4945000
b1101 6
b11 ;
b110001101110010000 :
b111010001001010 9
1%
#4950000
0%
#4955000
b1110 6
b111111111111111011 ;
b110001101110010011 :
b111010001010010 9
1%
#4960000
0%
#4965000
07
1"
b110001101110010011 !
b110001101110010011 8
b111010001010010 #
b111010001010010 5
1%
#4970000
1+
b110001110110111100 (
b111011110111110 '
r-0.8838644387712636 /
r0.4677431494694061 -
r-1.084060668945312 .
b101110101001111011 $
b101110101001111011 4
b11111111111111101110101001111011 ,
b1011 *
b1011 &
b110 3
b110001101110010011 1
b110001101111100001 2
0%
#4975000
0"
17
b0 6
b101110101001111011 ;
b0 :
b1001101110101001 9
1%
#4980000
0%
0+
#4985000
b1 6
b111011001110001010 ;
b110110010001010111 :
1%
#4990000
0%
#4995000
b10 6
b10101000111011 ;
b110001011010000011 :
b100110111010100 9
1%
#5000000
0%
#5005000
b11 6
b111110101110000101 ;
b110010100111111000 :
b1000100000110100 9
1%
#5010000
0%
#5015000
b100 6
b101101010110 ;
b110001100011110010 :
b110110101110011 9
1%
#5020000
0%
#5025000
b101 6
b111111101101011100 ;
b110001111111001001 :
b111101111100100 9
1%
#5030000
0%
#5035000
b110 6
b1101011001 ;
b110001101111101010 :
b111010011100010 9
1%
#5040000
0%
#5045000
b111 6
b111111111101011010 ;
b110001110110111101 :
b111100001110011 9
1%
#5050000
0%
#5055000
b1000 6
b101011010 ;
b110001110011001101 :
b111011010101110 9
1%
#5060000
0%
#5065000
b1001 6
b1011010 ;
b110001110101000011 :
b111011110010010 9
1%
#5070000
0%
#5075000
b1010 6
b111111111111011010 ;
b110001110101111110 :
b111100000000100 9
1%
#5080000
0%
#5085000
b1011 6
b11010 ;
b110001110101100000 :
b111011111001011 9
1%
#5090000
0%
#5095000
b1100 6
b111111111111111010 ;
b110001110101101110 :
b111011111101000 9
1%
#5100000
0%
#5105000
b1101 6
b1010 ;
b110001110101100111 :
b111011111011001 9
1%
#5110000
0%
#5115000
b1110 6
b10 ;
b110001110101101010 :
b111011111100001 9
1%
#5120000
0%
#5125000
07
1"
b110001110101101010 !
b110001110101101010 8
b111011111100001 #
b111011111100001 5
1%
#5130000
1+
b110001111110100100 (
b111101101000111 '
r-0.876411620256527 /
r0.4815627392971025 -
r-1.068359375 .
b101110111010000000 $
b101110111010000000 4
b11111111111111101110111010000000 ,
b1010 *
b111 3
b110001110101101010 1
b110001110110111100 2
0%
#5135000
0"
17
b0 6
b101110111010000000 ;
b0 :
b1001101110101001 9
1%
#5140000
0%
0+
#5145000
b1 6
b111011011110001111 ;
b110110010001010111 :
1%
#5150000
0%
#5155000
b10 6
b10111001000000 ;
b110001011010000011 :
b100110111010100 9
1%
#5160000
0%
#5165000
b11 6
b111110111110001010 ;
b110010100111111000 :
b1000100000110100 9
1%
#5170000
0%
#5175000
b100 6
b111101011011 ;
b110001100011110010 :
b110110101110011 9
1%
#5180000
0%
#5185000
b101 6
b111111111101100001 ;
b110001111111001001 :
b111101111100100 9
1%
#5190000
0%
#5195000
b110 6
b11101011110 ;
b110001101111101010 :
b111010011100010 9
1%
#5200000
0%
#5205000
b111 6
b1101011111 ;
b110001110110111101 :
b111100001110011 9
1%
#5210000
0%
#5215000
b1000 6
b101011111 ;
b110001111010101101 :
b111101000111000 9
1%
#5220000
0%
#5225000
b1001 6
b1011111 ;
b110001111100100111 :
b111101100011010 9
1%
#5230000
0%
#5235000
b1010 6
b111111111111011111 ;
b110001111101100100 :
b111101110001011 9
1%
#5240000
0%
#5245000
b1011 6
b11111 ;
b110001111101000110 :
b111101101010010 9
1%
#5250000
0%
#5255000
b1100 6
b111111111111111111 ;
b110001111101010101 :
b111101101101111 9
1%
#5260000
0%
#5265000
b1101 6
b1111 ;
b110001111101001110 :
b111101101100000 9
1%
#5270000
0%
#5275000
b1110 6
b111 ;
b110001111101010001 :
b111101101101000 9
1%
#5280000
0%
#5285000
07
1"
b110001111101010001 !
b110001111101010001 8
b111101101101000 #
b111101101101000 5
1%
#5290000
1+
b110010000110011011 (
b111111011001001 '
r-0.8687427438703396 /
r0.4952636115975346 -
r-1.052658081054688 .
b101111001010000101 $
b101111001010000101 4
b11111111111111101111001010000101 ,
b1100 &
b111 3
b110001111101010001 1
b110001111110100100 2
0%
#5295000
0"
17
b0 6
b101111001010000101 ;
b0 :
b1001101110101001 9
1%
#5300000
0%
0+
#5305000
b1 6
b111011101110010100 ;
b110110010001010111 :
1%
#5310000
0%
#5315000
b10 6
b11001001000101 ;
b110001011010000011 :
b100110111010100 9
1%
#5320000
0%
#5325000
b11 6
b111111001110001111 ;
b110010100111111000 :
b1000100000110100 9
1%
#5330000
0%
#5335000
b100 6
b1001101100000 ;
b110001100011110010 :
b110110101110011 9
1%
#5340000
0%
#5345000
b101 6
b1101100110 ;
b110001111111001001 :
b111101111100100 9
1%
#5350000
0%
#5355000
b110 6
b111111101101101001 ;
b110010001110101000 :
b1000001011100110 9
1%
#5360000
0%
#5365000
b111 6
b111111111101101000 ;
b110010000110011101 :
b111111101110100 9
1%
#5370000
0%
#5375000
b1000 6
b101101000 ;
b110010000010011111 :
b111110110110111 9
1%
#5380000
0%
#5385000
b1001 6
b1101000 ;
b110010000100011100 :
b111111010010111 9
1%
#5390000
0%
#5395000
b1010 6
b111111111111101000 ;
b110010000101011011 :
b111111100000111 9
1%
#5400000
0%
#5405000
b1011 6
b101000 ;
b110010000100111100 :
b111111011001111 9
1%
#5410000
0%
#5415000
b1100 6
b1000 ;
b110010000101001011 :
b111111011101011 9
1%
#5420000
0%
#5425000
b1101 6
b111111111111111000 ;
b110010000101010010 :
b111111011111001 9
1%
#5430000
0%
#5435000
b1110 6
b0 ;
b110010000101001111 :
b111111011110010 9
1%
#5440000
0%
#5445000
07
1"
b110010000101001111 !
b110010000101001111 8
b111111011110010 #
b111111011110010 5
1%
#5450000
1+
b110010001110011111 (
b1000001001000011 '
r-0.8608597001867992 /
r0.5088423887553926 -
r-1.036956787109375 .
b101111011010001010 $
b101111011010001010 4
b11111111111111101111011010001010 ,
b111 3
b110010000101001111 1
b110010000110011011 2
0%
#5455000
0"
17
b0 6
b101111011010001010 ;
b0 :
b1001101110101001 9
1%
#5460000
0%
0+
#5465000
b1 6
b111011111110011001 ;
b110110010001010111 :
1%
#5470000
0%
#5475000
b10 6
b11011001001010 ;
b110001011010000011 :
b100110111010100 9
1%
#5480000
0%
#5485000
b11 6
b111111011110010100 ;
b110010100111111000 :
b1000100000110100 9
1%
#5490000
0%
#5495000
b100 6
b1011101100101 ;
b110001100011110010 :
b110110101110011 9
1%
#5500000
0%
#5505000
b101 6
b11101101011 ;
b110001111111001001 :
b111101111100100 9
1%
#5510000
0%
#5515000
b110 6
b111111111101101110 ;
b110010001110101000 :
b1000001011100110 9
1%
#5520000
0%
#5525000
b111 6
b1101101101 ;
b110010000110011101 :
b111111101110100 9
1%
#5530000
0%
#5535000
b1000 6
b101101101 ;
b110010001010011011 :
b1000000100110001 9
1%
#5540000
0%
#5545000
b1001 6
b1101101 ;
b110010001100011100 :
b1000001000001111 9
1%
#5550000
0%
#5555000
b1010 6
b111111111111101101 ;
b110010001101011101 :
b1000001001111110 9
1%
#5560000
0%
#5565000
b1011 6
b101101 ;
b110010001100111101 :
b1000001001000110 9
1%
#5570000
0%
#5575000
b1100 6
b1101 ;
b110010001101001101 :
b1000001001100010 9
1%
#5580000
0%
#5585000
b1101 6
b111111111111111101 ;
b110010001101010101 :
b1000001001110000 9
1%
#5590000
0%
#5595000
b1110 6
b101 ;
b110010001101010001 :
b1000001001101001 9
1%
#5600000
0%
#5605000
07
1"
b110010001101010001 !
b110010001101010001 8
b1000001001101001 #
b1000001001101001 5
1%
#5610000
1+
b110010010110110010 (
b1000010110110101 '
r-0.8527644325777185 /
r0.5222957232549409 -
r-1.021255493164062 .
b101111101010001111 $
b101111101010001111 4
b11111111111111101111101010001111 ,
b111 3
b110010001101010001 1
b110010001110011111 2
0%
#5615000
0"
17
b0 6
b101111101010001111 ;
b0 :
b1001101110101001 9
1%
#5620000
0%
0+
#5625000
b1 6
b111100001110011110 ;
b110110010001010111 :
1%
#5630000
0%
#5635000
b10 6
b11101001001111 ;
b110001011010000011 :
b100110111010100 9
1%
#5640000
0%
#5645000
b11 6
b111111101110011001 ;
b110010100111111000 :
b1000100000110100 9
1%
#5650000
0%
#5655000
b100 6
b1101101101010 ;
b110001100011110010 :
b110110101110011 9
1%
#5660000
0%
#5665000
b101 6
b101101110000 ;
b110001111111001001 :
b111101111100100 9
1%
#5670000
0%
#5675000
b110 6
b1101110011 ;
b110010001110101000 :
b1000001011100110 9
1%
#5680000
0%
#5685000
b111 6
b111111111101110100 ;
b110010010110110011 :
b1000011001011000 9
1%
#5690000
0%
#5695000
b1000 6
b101110100 ;
b110010010010100111 :
b1000010010100011 9
1%
#5700000
0%
#5705000
b1001 6
b1110100 ;
b110010010100101011 :
b1000010101111111 9
1%
#5710000
0%
#5715000
b1010 6
b111111111111110100 ;
b110010010101101101 :
b1000010111101101 9
1%
#5720000
0%
#5725000
b1011 6
b110100 ;
b110010010101001100 :
b1000010110110110 9
1%
#5730000
0%
#5735000
b1100 6
b10100 ;
b110010010101011100 :
b1000010111010010 9
1%
#5740000
0%
#5745000
b1101 6
b100 ;
b110010010101100100 :
b1000010111100000 9
1%
#5750000
0%
#5755000
b1110 6
b111111111111111100 ;
b110010010101101000 :
b1000010111100111 9
1%
#5760000
0%
#5765000
07
1"
b110010010101101000 !
b110010010101101000 8
b1000010111100111 #
b1000010111100111 5
1%
#5770000
1+
b110010011111010010 (
b1000100100011110 '
r-0.8444589367335331 /
r0.5356202985052665 -
r-1.00555419921875 .
b101111111010010100 $
b101111111010010100 4
b11111111111111101111111010010100 ,
b1011 &
b111 3
b110010010101101000 1
b110010010110110010 2
0%
#5775000
0"
17
b0 6
b101111111010010100 ;
b0 :
b1001101110101001 9
1%
#5780000
0%
0+
#5785000
b1 6
b111100011110100011 ;
b110110010001010111 :
1%
#5790000
0%
#5795000
b10 6
b11111001010100 ;
b110001011010000011 :
b100110111010100 9
1%
#5800000
0%
#5805000
b11 6
b111111111110011110 ;
b110010100111111000 :
b1000100000110100 9
1%
#5810000
0%
#5815000
b100 6
b1111101101111 ;
b110001100011110010 :
b110110101110011 9
1%
#5820000
0%
#5825000
b101 6
b111101110101 ;
b110001111111001001 :
b111101111100100 9
1%
#5830000
0%
#5835000
b110 6
b11101111000 ;
b110010001110101000 :
b1000001011100110 9
1%
#5840000
0%
#5845000
b111 6
b1101111001 ;
b110010010110110011 :
b1000011001011000 9
1%
#5850000
0%
#5855000
b1000 6
b101111001 ;
b110010011010111111 :
b1000100000001101 9
1%
#5860000
0%
#5865000
b1001 6
b1111001 ;
b110010011101000111 :
b1000100011100111 9
1%
#5870000
0%
#5875000
b1010 6
b111111111111111001 ;
b110010011110001011 :
b1000100101010100 9
1%
#5880000
0%
#5885000
b1011 6
b111001 ;
b110010011101101001 :
b1000100100011101 9
1%
#5890000
0%
#5895000
b1100 6
b11001 ;
b110010011101111010 :
b1000100100111001 9
1%
#5900000
0%
#5905000
b1101 6
b1001 ;
b110010011110000010 :
b1000100101000111 9
1%
#5910000
0%
#5915000
b1110 6
b1 ;
b110010011110000110 :
b1000100101001110 9
1%
#5920000
0%
#5925000
07
1"
b110010011110000110 !
b110010011110000110 8
b1000100101001110 #
b1000100101001110 5
1%
#5930000
1+
b110010101000000000 (
b1000110001111110 '
r-0.8359452601713138 /
r0.548812829657903 -
r-0.9898529052734375 .
b110000001010011001 $
b110000001010011001 4
b11111111111111110000001010011001 ,
b1011 *
b110 3
b110010011110000110 1
b110010011111010010 2
0%
#5935000
0"
17
b0 6
b110000001010011001 ;
b0 :
b1001101110101001 9
1%
#5940000
0%
0+
#5945000
b1 6
b111100101110101000 ;
b110110010001010111 :
1%
#5950000
0%
#5955000
b10 6
b100001001011001 ;
b110001011010000011 :
b100110111010100 9
1%
#5960000
0%
#5965000
b11 6
b1110100011 ;
b110010100111111000 :
b1000100000110100 9
1%
#5970000
0%
#5975000
b100 6
b111110001111010010 ;
b110011101011111110 :
b1010001011110101 9
1%
#5980000
0%
#5985000
b101 6
b111111001111001100 ;
b110011000011001111 :
b1001011010100100 9
1%
#5990000
0%
#5995000
b110 6
b111111101111001001 ;
b110010110000011010 :
b1001000000101010 9
1%
#6000000
0%
#6005000
b111 6
b111111111111001000 ;
b110010100111011010 :
b1000110011011010 9
1%
#6010000
0%
#6015000
b1000 6
b111001000 ;
b110010100011000001 :
b1000101100101101 9
1%
#6020000
0%
#6025000
b1001 6
b11001000 ;
b110010100101001100 :
b1000110000000101 9
1%
#6030000
0%
#6035000
b1010 6
b1001000 ;
b110010100110010010 :
b1000110001110001 9
1%
#6040000
0%
#6045000
b1011 6
b1000 ;
b110010100110110101 :
b1000110010100111 9
1%
#6050000
0%
#6055000
b1100 6
b111111111111101000 ;
b110010100111000110 :
b1000110011000010 9
1%
#6060000
0%
#6065000
b1101 6
b111111111111111000 ;
b110010100110111110 :
b1000110010110100 9
1%
#6070000
0%
#6075000
b1110 6
b0 ;
b110010100110111010 :
b1000110010101101 9
1%
#6080000
0%
#6085000
07
1"
b110010100110111010 !
b110010100110111010 8
b1000110010101101 #
b1000110010101101 5
1%
#6090000
1+
b110010110000111011 (
b1000111111010110 '
r-0.8272255017300008 /
r0.5618700644166305 -
r-0.974151611328125 .
b110000011010011110 $
b110000011010011110 4
b11111111111111110000011010011110 ,
b1000 *
b1010 &
b1001 3
b110010100110111010 1
b110010101000000000 2
0%
#6095000
0"
17
b0 6
b110000011010011110 ;
b0 :
b1001101110101001 9
1%
#6100000
0%
0+
#6105000
b1 6
b111100111110101101 ;
b110110010001010111 :
1%
#6110000
0%
#6115000
b10 6
b100011001011110 ;
b110001011010000011 :
b100110111010100 9
1%
#6120000
0%
#6125000
b11 6
b11110101000 ;
b110010100111111000 :
b1000100000110100 9
1%
#6130000
0%
#6135000
b100 6
b111110011111010111 ;
b110011101011111110 :
b1010001011110101 9
1%
#6140000
0%
#6145000
b101 6
b111111011111010001 ;
b110011000011001111 :
b1001011010100100 9
1%
#6150000
0%
#6155000
b110 6
b111111111111001110 ;
b110010110000011010 :
b1001000000101010 9
1%
#6160000
0%
#6165000
b111 6
b1111001101 ;
b110010100111011010 :
b1000110011011010 9
1%
#6170000
0%
#6175000
b1000 6
b111001101 ;
b110010101011110011 :
b1000111010000111 9
1%
#6180000
0%
#6185000
b1001 6
b11001101 ;
b110010101110000001 :
b1000111101011101 9
1%
#6190000
0%
#6195000
b1010 6
b1001101 ;
b110010101111001000 :
b1000111111001000 9
1%
#6200000
0%
#6205000
b1011 6
b1101 ;
b110010101111101011 :
b1000111111111110 9
1%
#6210000
0%
#6215000
b1100 6
b111111111111101101 ;
b110010101111111100 :
b1001000000011001 9
1%
#6220000
0%
#6225000
b1101 6
b111111111111111101 ;
b110010101111110011 :
b1001000000001011 9
1%
#6230000
0%
#6235000
b1110 6
b101 ;
b110010101111101111 :
b1001000000000100 9
1%
#6240000
0%
#6245000
07
1"
b110010101111101111 !
b110010101111101111 8
b1001000000000100 #
b1001000000000100 5
1%
#6250000
1+
b110010111010000100 (
b1001001100100101 '
r-0.8183018110529864 /
r0.5747887838392488 -
r-0.9584503173828125 .
b110000101010100011 $
b110000101010100011 4
b11111111111111110000101010100011 ,
b111 *
b101 &
b1010 3
b110010101111101111 1
b110010110000111011 2
0%
#6255000
0"
17
b0 6
b110000101010100011 ;
b0 :
b1001101110101001 9
1%
#6260000
0%
0+
#6265000
b1 6
b111101001110110010 ;
b110110010001010111 :
1%
#6270000
0%
#6275000
b10 6
b100101001100011 ;
b110001011010000011 :
b100110111010100 9
1%
#6280000
0%
#6285000
b11 6
b101110101101 ;
b110010100111111000 :
b1000100000110100 9
1%
#6290000
0%
#6295000
b100 6
b111110101111011100 ;
b110011101011111110 :
b1010001011110101 9
1%
#6300000
0%
#6305000
b101 6
b111111101111010110 ;
b110011000011001111 :
b1001011010100100 9
1%
#6310000
0%
#6315000
b110 6
b1111010011 ;
b110010110000011010 :
b1001000000101010 9
1%
#6320000
0%
#6325000
b111 6
b111111111111010100 ;
b110010111001011010 :
b1001001101111010 9
1%
#6330000
0%
#6335000
b1000 6
b111010100 ;
b110010110100110100 :
b1001000111010110 9
1%
#6340000
0%
#6345000
b1001 6
b11010100 ;
b110010110111000101 :
b1001001010101001 9
1%
#6350000
0%
#6355000
b1010 6
b1010100 ;
b110010111000001110 :
b1001001100010011 9
1%
#6360000
0%
#6365000
b1011 6
b10100 ;
b110010111000110010 :
b1001001101001000 9
1%
#6370000
0%
#6375000
b1100 6
b111111111111110100 ;
b110010111001000100 :
b1001001101100011 9
1%
#6380000
0%
#6385000
b1101 6
b100 ;
b110010111000111011 :
b1001001101010101 9
1%
#6390000
0%
#6395000
b1110 6
b111111111111111100 ;
b110010111000111111 :
b1001001101011100 9
1%
#6400000
0%
#6405000
07
1"
b110010111000111111 !
b110010111000111111 8
b1001001101011100 #
b1001001101011100 5
1%
#6410000
1+
b110011000011011010 (
b1001011001101010 '
r-0.8091763880581727 /
r0.5875658031311297 -
r-0.9427490234375 .
b110000111010101000 $
b110000111010101000 4
b11111111111111110000111010101000 ,
b1010 *
b1011 &
b111 3
b110010111000111111 1
b110010111010000100 2
0%
#6415000
0"
17
b0 6
b110000111010101000 ;
b0 :
b1001101110101001 9
1%
#6420000
0%
0+
#6425000
b1 6
b111101011110110111 ;
b110110010001010111 :
1%
#6430000
0%
#6435000
b10 6
b100111001101000 ;
b110001011010000011 :
b100110111010100 9
1%
#6440000
0%
#6445000
b11 6
b111110110010 ;
b110010100111111000 :
b1000100000110100 9
1%
#6450000
0%
#6455000
b100 6
b111110111111100001 ;
b110011101011111110 :
b1010001011110101 9
1%
#6460000
0%
#6465000
b101 6
b111111111111011011 ;
b110011000011001111 :
b1001011010100100 9
1%
#6470000
0%
#6475000
b110 6
b11111011000 ;
b110010110000011010 :
b1001000000101010 9
1%
#6480000
0%
#6485000
b111 6
b1111011001 ;
b110010111001011010 :
b1001001101111010 9
1%
#6490000
0%
#6495000
b1000 6
b111011001 ;
b110010111110000000 :
b1001010100011110 9
1%
#6500000
0%
#6505000
b1001 6
b11011001 ;
b110011000000010101 :
b1001010111101111 9
1%
#6510000
0%
#6515000
b1010 6
b1011001 ;
b110011000001011111 :
b1001011001010111 9
1%
#6520000
0%
#6525000
b1011 6
b11001 ;
b110011000010000100 :
b1001011010001011 9
1%
#6530000
0%
#6535000
b1100 6
b111111111111111001 ;
b110011000010010110 :
b1001011010100101 9
1%
#6540000
0%
#6545000
b1101 6
b1001 ;
b110011000010001101 :
b1001011010011000 9
1%
#6550000
0%
#6555000
b1110 6
b1 ;
b110011000010010001 :
b1001011010011111 9
1%
#6560000
0%
#6565000
07
1"
b110011000010010001 !
b110011000010010001 8
b1001011010011111 #
b1001011010011111 5
1%
#6570000
1+
b110011001100111101 (
b1001100110100110 '
r-0.7998514823956362 /
r0.60019797243035 -
r-0.9270477294921875 .
b110001001010101101 $
b110001001010101101 4
b11111111111111110001001010101101 ,
b1011 *
b1010 &
b110 3
b110011000010010001 1
b110011000011011010 2
0%
#6575000
0"
17
b0 6
b110001001010101101 ;
b0 :
b1001101110101001 9
1%
#6580000
0%
0+
#6585000
b1 6
b111101101110111100 ;
b110110010001010111 :
1%
#6590000
0%
#6595000
b10 6
b101001001101101 ;
b110001011010000011 :
b100110111010100 9
1%
#6600000
0%
#6605000
b11 6
b1001110110111 ;
b110010100111111000 :
b1000100000110100 9
1%
#6610000
0%
#6615000
b100 6
b111111001111100110 ;
b110011101011111110 :
b1010001011110101 9
1%
#6620000
0%
#6625000
b101 6
b1111100000 ;
b110011000011001111 :
b1001011010100100 9
1%
#6630000
0%
#6635000
b110 6
b111111101111100011 ;
b110011010110000100 :
b1001110100011110 9
1%
#6640000
0%
#6645000
b111 6
b111111111111100010 ;
b110011001100010000 :
b1001100111110100 9
1%
#6650000
0%
#6655000
b1000 6
b111100010 ;
b110011000111011101 :
b1001100001011010 9
1%
#6660000
0%
#6665000
b1001 6
b11100010 ;
b110011001001110101 :
b1001100100101001 9
1%
#6670000
0%
#6675000
b1010 6
b1100010 ;
b110011001011000001 :
b1001100110010000 9
1%
#6680000
0%
#6685000
b1011 6
b100010 ;
b110011001011100111 :
b1001100111000100 9
1%
#6690000
0%
#6695000
b1100 6
b10 ;
b110011001011111010 :
b1001100111011110 9
1%
#6700000
0%
#6705000
b1101 6
b111111111111110010 ;
b110011001100000011 :
b1001100111101011 9
1%
#6710000
0%
#6715000
b1110 6
b111111111111111010 ;
b110011001011111111 :
b1001100111100100 9
1%
#6720000
0%
#6725000
07
1"
b110011001011111111 !
b110011001011111111 8
b1001100111100100 #
b1001100111100100 5
1%
#6730000
1+
b110011010110101101 (
b1001110011011000 '
r-0.7903293928930308 /
r0.6126821775842131 -
r-0.911346435546875 .
b110001011010110010 $
b110001011010110010 4
b11111111111111110001011010110010 ,
b1001 *
b1011 &
b1000 3
b110011001011111111 1
b110011001100111101 2
0%
#6735000
0"
17
b0 6
b110001011010110010 ;
b0 :
b1001101110101001 9
1%
#6740000
0%
0+
#6745000
b1 6
b111101111111000001 ;
b110110010001010111 :
1%
#6750000
0%
#6755000
b10 6
b101011001110010 ;
b110001011010000011 :
b100110111010100 9
1%
#6760000
0%
#6765000
b11 6
b1011110111100 ;
b110010100111111000 :
b1000100000110100 9
1%
#6770000
0%
#6775000
b100 6
b111111011111101011 ;
b110011101011111110 :
b1010001011110101 9
1%
#6780000
0%
#6785000
b101 6
b11111100101 ;
b110011000011001111 :
b1001011010100100 9
1%
#6790000
0%
#6795000
b110 6
b111111111111101000 ;
b110011010110000100 :
b1001110100011110 9
1%
#6800000
0%
#6805000
b111 6
b1111100111 ;
b110011001100010000 :
b1001100111110100 9
1%
#6810000
0%
#6815000
b1000 6
b111100111 ;
b110011010001000011 :
b1001101110001110 9
1%
#6820000
0%
#6825000
b1001 6
b11100111 ;
b110011010011011110 :
b1001110001011010 9
1%
#6830000
0%
#6835000
b1010 6
b1100111 ;
b110011010100101100 :
b1001110011000000 9
1%
#6840000
0%
#6845000
b1011 6
b100111 ;
b110011010101010011 :
b1001110011110011 9
1%
#6850000
0%
#6855000
b1100 6
b111 ;
b110011010101100110 :
b1001110100001101 9
1%
#6860000
0%
#6865000
b1101 6
b111111111111110111 ;
b110011010101101111 :
b1001110100011010 9
1%
#6870000
0%
#6875000
b1110 6
b111111111111111111 ;
b110011010101101011 :
b1001110100010011 9
1%
#6880000
0%
#6885000
07
1"
b110011010101101011 !
b110011010101101011 8
b1001110100010011 #
b1001110100010011 5
1%
#6890000
1+
b110011100000101010 (
b1010000000000001 '
r-0.7806124669888685 /
r0.6250153409169671 -
r-0.8956451416015625 .
b110001101010110111 $
b110001101010110111 4
b11111111111111110001101010110111 ,
b1010 *
b1001 &
b111 3
b110011010101101011 1
b110011010110101101 2
0%
#6895000
0"
17
b0 6
b110001101010110111 ;
b0 :
b1001101110101001 9
1%
#6900000
0%
0+
#6905000
b1 6
b111110001111000110 ;
b110110010001010111 :
1%
#6910000
0%
#6915000
b10 6
b101101001110111 ;
b110001011010000011 :
b100110111010100 9
1%
#6920000
0%
#6925000
b11 6
b1101111000001 ;
b110010100111111000 :
b1000100000110100 9
1%
#6930000
0%
#6935000
b100 6
b111111101111110000 ;
b110011101011111110 :
b1010001011110101 9
1%
#6940000
0%
#6945000
b101 6
b101111101010 ;
b110011000011001111 :
b1001011010100100 9
1%
#6950000
0%
#6955000
b110 6
b1111101101 ;
b110011010110000100 :
b1001110100011110 9
1%
#6960000
0%
#6965000
b111 6
b111111111111101110 ;
b110011011111111000 :
b1010000001001000 9
1%
#6970000
0%
#6975000
b1000 6
b111101110 ;
b110011011010111000 :
b1001111010110111 9
1%
#6980000
0%
#6985000
b1001 6
b11101110 ;
b110011011101010110 :
b1001111110000001 9
1%
#6990000
0%
#6995000
b1010 6
b1101110 ;
b110011011110100101 :
b1001111111100110 9
1%
#7000000
0%
#7005000
b1011 6
b101110 ;
b110011011111001100 :
b1010000000011001 9
1%
#7010000
0%
#7015000
b1100 6
b1110 ;
b110011011111100000 :
b1010000000110011 9
1%
#7020000
0%
#7025000
b1101 6
b111111111111111110 ;
b110011011111101010 :
b1010000001000000 9
1%
#7030000
0%
#7035000
b1110 6
b110 ;
b110011011111100101 :
b1010000000111001 9
1%
#7040000
0%
#7045000
07
1"
b110011011111100101 !
b110011011111100101 8
b1010000000111001 #
b1010000000111001 5
1%
#7050000
1+
b110011101010110100 (
b1010001100011111 '
r-0.7707031001538155 /
r0.6371944219885308 -
r-0.87994384765625 .
b110001111010111100 $
b110001111010111100 4
b11111111111111110001111010111100 ,
b110 *
b1100 &
b1011 3
b110011011111100101 1
b110011100000101010 2
0%
#7055000
0"
17
b0 6
b110001111010111100 ;
b0 :
b1001101110101001 9
1%
#7060000
0%
0+
#7065000
b1 6
b111110011111001011 ;
b110110010001010111 :
1%
#7070000
0%
#7075000
b10 6
b101111001111100 ;
b110001011010000011 :
b100110111010100 9
1%
#7080000
0%
#7085000
b11 6
b1111111000110 ;
b110010100111111000 :
b1000100000110100 9
1%
#7090000
0%
#7095000
b100 6
b111111111111110101 ;
b110011101011111110 :
b1010001011110101 9
1%
#7100000
0%
#7105000
b101 6
b111111101111 ;
b110011000011001111 :
b1001011010100100 9
1%
#7110000
0%
#7115000
b110 6
b11111110010 ;
b110011010110000100 :
b1001110100011110 9
1%
#7120000
0%
#7125000
b111 6
b1111110011 ;
b110011011111111000 :
b1010000001001000 9
1%
#7130000
0%
#7135000
b1000 6
b111110011 ;
b110011100100111000 :
b1010000111011001 9
1%
#7140000
0%
#7145000
b1001 6
b11110011 ;
b110011100111011001 :
b1010001010100000 9
1%
#7150000
0%
#7155000
b1010 6
b1110011 ;
b110011101000101010 :
b1010001100000100 9
1%
#7160000
0%
#7165000
b1011 6
b110011 ;
b110011101001010010 :
b1010001100110110 9
1%
#7170000
0%
#7175000
b1100 6
b10011 ;
b110011101001100110 :
b1010001101001111 9
1%
#7180000
0%
#7185000
b1101 6
b11 ;
b110011101001110000 :
b1010001101011100 9
1%
#7190000
0%
#7195000
b1110 6
b111111111111111011 ;
b110011101001110101 :
b1010001101100011 9
1%
#7200000
0%
#7205000
07
1"
b110011101001110101 !
b110011101001110101 8
b1010001101100011 #
b1010001101100011 5
1%
#7210000
1+
b110011110101001010 (
b1010011000110011 '
r-0.7606037353001476 /
r0.6492164183440396 -
r-0.8642425537109375 .
b110010001011000001 $
b110010001011000001 4
b11111111111111110010001011000001 ,
b1010 *
b1011 &
b111 3
b110011101001110101 1
b110011101010110100 2
0%
#7215000
0"
17
b0 6
b110010001011000001 ;
b0 :
b1001101110101001 9
1%
#7220000
0%
0+
#7225000
b1 6
b111110101111010000 ;
b110110010001010111 :
1%
#7230000
0%
#7235000
b10 6
b110001010000001 ;
b110001011010000011 :
b100110111010100 9
1%
#7240000
0%
#7245000
b11 6
b10001111001011 ;
b110010100111111000 :
b1000100000110100 9
1%
#7250000
0%
#7255000
b100 6
b1111111010 ;
b110011101011111110 :
b1010001011110101 9
1%
#7260000
0%
#7265000
b101 6
b111111010000000000 ;
b110100010100101101 :
b1010111101000110 9
1%
#7270000
0%
#7275000
b110 6
b111111101111111101 ;
b110011111110110011 :
b1010100101101111 9
1%
#7280000
0%
#7285000
b111 6
b111111111111111100 ;
b110011110100001110 :
b1010011001101101 9
1%
#7290000
0%
#7295000
b1000 6
b111111100 ;
b110011101111000010 :
b1010010011100111 9
1%
#7300000
0%
#7305000
b1001 6
b11111100 ;
b110011110001100110 :
b1010010110101100 9
1%
#7310000
0%
#7315000
b1010 6
b1111100 ;
b110011110010111000 :
b1010011000001110 9
1%
#7320000
0%
#7325000
b1011 6
b111100 ;
b110011110011100001 :
b1010011000111111 9
1%
#7330000
0%
#7335000
b1100 6
b11100 ;
b110011110011110101 :
b1010011001011000 9
1%
#7340000
0%
#7345000
b1101 6
b1100 ;
b110011110011111111 :
b1010011001100101 9
1%
#7350000
0%
#7355000
b1110 6
b100 ;
b110011110100000100 :
b1010011001101100 9
1%
#7360000
0%
#7365000
07
1"
b110011110100000100 !
b110011110100000100 8
b1010011001101100 #
b1010011001101100 5
1%
#7370000
1+
b110011111111101100 (
b1010100100111100 '
r-0.7503168621795099 /
r0.6610783662540277 -
r-0.848541259765625 .
b110010011011000110 $
b110010011011000110 4
b11111111111111110010011011000110 ,
b1011 *
b110 3
b110011110100000100 1
b110011110101001010 2
0%
#7375000
0"
17
b0 6
b110010011011000110 ;
b0 :
b1001101110101001 9
1%
#7380000
0%
0+
#7385000
b1 6
b111110111111010101 ;
b110110010001010111 :
1%
#7390000
0%
#7395000
b10 6
b110011010000110 ;
b110001011010000011 :
b100110111010100 9
1%
#7400000
0%
#7405000
b11 6
b10011111010000 ;
b110010100111111000 :
b1000100000110100 9
1%
#7410000
0%
#7415000
b100 6
b11111111111 ;
b110011101011111110 :
b1010001011110101 9
1%
#7420000
0%
#7425000
b101 6
b111111100000000101 ;
b110100010100101101 :
b1010111101000110 9
1%
#7430000
0%
#7435000
b110 6
b10 ;
b110011111110110011 :
b1010100101101111 9
1%
#7440000
0%
#7445000
b111 6
b111111110000000011 ;
b110100001001011000 :
b1010110001110001 9
1%
#7450000
0%
#7455000
b1000 6
b111111111000000011 ;
b110100000100000000 :
b1010101011110101 9
1%
#7460000
0%
#7465000
b1001 6
b111111111100000011 ;
b110100000001010110 :
b1010101000110110 9
1%
#7470000
0%
#7475000
b1010 6
b111111111110000011 ;
b110100000000000001 :
b1010100111010110 9
1%
#7480000
0%
#7485000
b1011 6
b111111111111000011 ;
b110011111111010111 :
b1010100110100110 9
1%
#7490000
0%
#7495000
b1100 6
b111111111111100011 ;
b110011111111000010 :
b1010100110001101 9
1%
#7500000
0%
#7505000
b1101 6
b111111111111110011 ;
b110011111110111000 :
b1010100110000000 9
1%
#7510000
0%
#7515000
b1110 6
b111111111111111011 ;
b110011111110110011 :
b1010100101111001 9
1%
#7520000
0%
#7525000
07
1"
b110011111110110011 !
b110011111110110011 8
b1010100101111001 #
b1010100101111001 5
1%
#7530000
1+
b110100001010011010 (
b1010110000111011 '
r-0.7398450167691292 /
r0.672777341445063 -
r-0.8328399658203125 .
b110010101011001011 $
b110010101011001011 4
b11111111111111110010101011001011 ,
b110 3
b110011111110110011 1
b110011111111101100 2
0%
#7535000
0"
17
b0 6
b110010101011001011 ;
b0 :
b1001101110101001 9
1%
#7540000
0%
0+
#7545000
b1 6
b111111001111011010 ;
b110110010001010111 :
1%
#7550000
0%
#7555000
b10 6
b110101010001011 ;
b110001011010000011 :
b100110111010100 9
1%
#7560000
0%
#7565000
b11 6
b10101111010101 ;
b110010100111111000 :
b1000100000110100 9
1%
#7570000
0%
#7575000
b100 6
b110000000100 ;
b110011101011111110 :
b1010001011110101 9
1%
#7580000
0%
#7585000
b101 6
b111111110000001010 ;
b110100010100101101 :
b1010111101000110 9
1%
#7590000
0%
#7595000
b110 6
b10000000111 ;
b110011111110110011 :
b1010100101101111 9
1%
#7600000
0%
#7605000
b111 6
b1000 ;
b110100001001011000 :
b1010110001110001 9
1%
#7610000
0%
#7615000
b1000 6
b111111111000001000 ;
b110100001110110000 :
b1010110111101101 9
1%
#7620000
0%
#7625000
b1001 6
b111111111100001000 ;
b110100001100000011 :
b1010110100110000 9
1%
#7630000
0%
#7635000
b1010 6
b111111111110001000 ;
b110100001010101101 :
b1010110011010001 9
1%
#7640000
0%
#7645000
b1011 6
b111111111111001000 ;
b110100001010000010 :
b1010110010100001 9
1%
#7650000
0%
#7655000
b1100 6
b111111111111101000 ;
b110100001001101101 :
b1010110010001001 9
1%
#7660000
0%
#7665000
b1101 6
b111111111111111000 ;
b110100001001100011 :
b1010110001111101 9
1%
#7670000
0%
#7675000
b1110 6
b0 ;
b110100001001011110 :
b1010110001110111 9
1%
#7680000
0%
#7685000
07
1"
b110100001001011110 !
b110100001001011110 8
b1010110001110111 #
b1010110001110111 5
1%
#7690000
1+
b110100010101010100 (
b1010111100101110 '
r-0.7291907806466311 /
r0.6843104598206553 -
r-0.817138671875 .
b110010111011010000 $
b110010111011010000 4
b11111111111111110010111011010000 ,
b1010 *
b111 3
b110100001001011110 1
b110100001010011010 2
0%
#7695000
0"
17
b0 6
b110010111011010000 ;
b0 :
b1001101110101001 9
1%
#7700000
0%
0+
#7705000
b1 6
b111111011111011111 ;
b110110010001010111 :
1%
#7710000
0%
#7715000
b10 6
b110111010010000 ;
b110001011010000011 :
b100110111010100 9
1%
#7720000
0%
#7725000
b11 6
b10111111011010 ;
b110010100111111000 :
b1000100000110100 9
1%
#7730000
0%
#7735000
b100 6
b1000000001001 ;
b110011101011111110 :
b1010001011110101 9
1%
#7740000
0%
#7745000
b101 6
b1111 ;
b110100010100101101 :
b1010111101000110 9
1%
#7750000
0%
#7755000
b110 6
b111111100000010010 ;
b110100101010100111 :
b1011010100011101 9
1%
#7760000
0%
#7765000
b111 6
b111111110000010001 ;
b110100011111010011 :
b1011001001000111 9
1%
#7770000
0%
#7775000
b1000 6
b111111111000010001 ;
b110100011001101111 :
b1011000011010110 9
1%
#7780000
0%
#7785000
b1001 6
b111111111100010001 ;
b110100010110111111 :
b1011000000011100 9
1%
#7790000
0%
#7795000
b1010 6
b111111111110010001 ;
b110100010101100111 :
b1010111110111110 9
1%
#7800000
0%
#7805000
b1011 6
b111111111111010001 ;
b110100010100111100 :
b1010111110001111 9
1%
#7810000
0%
#7815000
b1100 6
b111111111111110001 ;
b110100010100100111 :
b1010111101110111 9
1%
#7820000
0%
#7825000
b1101 6
b1 ;
b110100010100011101 :
b1010111101101011 9
1%
#7830000
0%
#7835000
b1110 6
b111111111111111001 ;
b110100010100100010 :
b1010111101110001 9
1%
#7840000
0%
#7845000
07
1"
b110100010100100010 !
b110100010100100010 8
b1010111101110001 #
b1010111101110001 5
1%
#7850000
1+
b110100100000011010 (
b1011001000010111 '
r-0.7183567803536146 /
r0.6956748781722599 -
r-0.8014373779296875 .
b110011001011010101 $
b110011001011010101 4
b11111111111111110011001011010101 ,
b1011 *
b110 3
b110100010100100010 1
b110100010101010100 2
0%
#7855000
0"
17
b0 6
b110011001011010101 ;
b0 :
b1001101110101001 9
1%
#7860000
0%
0+
#7865000
b1 6
b111111101111100100 ;
b110110010001010111 :
1%
#7870000
0%
#7875000
b10 6
b111001010010101 ;
b110001011010000011 :
b100110111010100 9
1%
#7880000
0%
#7885000
b11 6
b11001111011111 ;
b110010100111111000 :
b1000100000110100 9
1%
#7890000
0%
#7895000
b100 6
b1010000001110 ;
b110011101011111110 :
b1010001011110101 9
1%
#7900000
0%
#7905000
b101 6
b10000010100 ;
b110100010100101101 :
b1010111101000110 9
1%
#7910000
0%
#7915000
b110 6
b111111110000010111 ;
b110100101010100111 :
b1011010100011101 9
1%
#7920000
0%
#7925000
b111 6
b10110 ;
b110100011111010011 :
b1011001001000111 9
1%
#7930000
0%
#7935000
b1000 6
b111111111000010110 ;
b110100100100110111 :
b1011001110111000 9
1%
#7940000
0%
#7945000
b1001 6
b111111111100010110 ;
b110100100010000100 :
b1011001100000001 9
1%
#7950000
0%
#7955000
b1010 6
b111111111110010110 ;
b110100100000101011 :
b1011001010100101 9
1%
#7960000
0%
#7965000
b1011 6
b111111111111010110 ;
b110100011111111111 :
b1011001001110111 9
1%
#7970000
0%
#7975000
b1100 6
b111111111111110110 ;
b110100011111101001 :
b1011001001011111 9
1%
#7980000
0%
#7985000
b1101 6
b110 ;
b110100011111011110 :
b1011001001010011 9
1%
#7990000
0%
#7995000
b1110 6
b111111111111111110 ;
b110100011111100011 :
b1011001001011001 9
1%
#8000000
0%
#8005000
07
1"
b110100011111100011 !
b110100011111100011 8
b1011001001011001 #
b1011001001011001 5
1%
#8010000
1+
b110100101011101100 (
b1011010011110101 '
r-0.7073456867481429 /
r0.7068677948802011 -
r-0.785736083984375 .
b110011011011011010 $
b110011011011011010 4
b11111111111111110011011011011010 ,
b110 *
b1011 3
b110100011111100011 1
b110100100000011010 2
0%
#8015000
0"
17
b0 6
b110011011011011010 ;
b0 :
b1001101110101001 9
1%
#8020000
0%
0+
#8025000
b1 6
b111111111111101001 ;
b110110010001010111 :
1%
#8030000
0%
#8035000
b10 6
b111011010011010 ;
b110001011010000011 :
b100110111010100 9
1%
#8040000
0%
#8045000
b11 6
b11011111100100 ;
b110010100111111000 :
b1000100000110100 9
1%
#8050000
0%
#8055000
b100 6
b1100000010011 ;
b110011101011111110 :
b1010001011110101 9
1%
#8060000
0%
#8065000
b101 6
b100000011001 ;
b110100010100101101 :
b1010111101000110 9
1%
#8070000
0%
#8075000
b110 6
b11100 ;
b110100101010100111 :
b1011010100011101 9
1%
#8080000
0%
#8085000
b111 6
b111111110000011101 ;
b110100110101111011 :
b1011011111110011 9
1%
#8090000
0%
#8095000
b1000 6
b111111111000011101 ;
b110100110000001100 :
b1011011010001101 9
1%
#8100000
0%
#8105000
b1001 6
b111111111100011101 ;
b110100101101010110 :
b1011010111011001 9
1%
#8110000
0%
#8115000
b1010 6
b111111111110011101 ;
b110100101011111100 :
b1011010101111110 9
1%
#8120000
0%
#8125000
b1011 6
b111111111111011101 ;
b110100101011001111 :
b1011010101010000 9
1%
#8130000
0%
#8135000
b1100 6
b111111111111111101 ;
b110100101010111001 :
b1011010100111001 9
1%
#8140000
0%
#8145000
b1101 6
b1101 ;
b110100101010101110 :
b1011010100101101 9
1%
#8150000
0%
#8155000
b1110 6
b101 ;
b110100101010110011 :
b1011010100110011 9
1%
#8160000
0%
#8165000
07
1"
b110100101010110011 !
b110100101010110011 8
b1011010100110011 #
b1011010100110011 5
1%
#8170000
1+
b110100110111001001 (
b1011011111000111 '
r-0.6961602143463084 /
r0.7178864506043432 -
r-0.7700347900390625 .
b110011101011011111 $
b110011101011011111 4
b11111111111111110011101011011111 ,
b1011 *
b1001 &
b110 3
b110100101010110011 1
b110100101011101100 2
0%
#8175000
0"
17
b0 6
b110011101011011111 ;
b0 :
b1001101110101001 9
1%
#8180000
0%
0+
#8185000
b1 6
b1111101110 ;
b110110010001010111 :
1%
#8190000
0%
#8195000
b10 6
b111000110100111101 ;
b111011001000101011 :
b1110100101111110 9
1%
#8200000
0%
#8205000
b11 6
b111100101111110011 ;
b110111011111001100 :
b1101011000001000 9
1%
#8210000
0%
#8215000
b100 6
b111110101111000100 ;
b110101110100001011 :
b1100010100000001 9
1%
#8220000
0%
#8225000
b101 6
b111111101110111110 ;
b110101000010111011 :
b1011101011010001 9
1%
#8230000
0%
#8235000
b110 6
b1110111011 ;
b110100101011100101 :
b1011010101010110 9
1%
#8240000
0%
#8245000
b111 6
b111111111110111100 ;
b110100110110111010 :
b1011100000101011 9
1%
#8250000
0%
#8255000
b1000 6
b110111100 ;
b110100110001001010 :
b1011011011000110 9
1%
#8260000
0%
#8265000
b1001 6
b10111100 ;
b110100110100000000 :
b1011011101111010 9
1%
#8270000
0%
#8275000
b1010 6
b111100 ;
b110100110101011011 :
b1011011111010100 9
1%
#8280000
0%
#8285000
b1011 6
b111111111111111100 ;
b110100110110001000 :
b1011100000000001 9
1%
#8290000
0%
#8295000
b1100 6
b11100 ;
b110100110101110001 :
b1011011111101010 9
1%
#8300000
0%
#8305000
b1101 6
b1100 ;
b110100110101111100 :
b1011011111110110 9
1%
#8310000
0%
#8315000
b1110 6
b100 ;
b110100110110000001 :
b1011011111111100 9
1%
#8320000
0%
#8325000
07
1"
b110100110110000001 !
b110100110110000001 8
b1011011111111100 #
b1011011111111100 5
1%
#8330000
1+
b110101000010110001 (
b1011101010001101 '
r-0.6848031206530349 /
r0.728728128964338 -
r-0.75433349609375 .
b110011111011100100 $
b110011111011100100 4
b11111111111111110011111011100100 ,
b1100 &
b110 3
b110100110110000001 1
b110100110111001001 2
0%
#8335000
0"
17
b0 6
b110011111011100100 ;
b0 :
b1001101110101001 9
1%
#8340000
0%
0+
#8345000
b1 6
b11111110011 ;
b110110010001010111 :
1%
#8350000
0%
#8355000
b10 6
b111001000101000010 ;
b111011001000101011 :
b1110100101111110 9
1%
#8360000
0%
#8365000
b11 6
b111100111111111000 ;
b110111011111001100 :
b1101011000001000 9
1%
#8370000
0%
#8375000
b100 6
b111110111111001001 ;
b110101110100001011 :
b1100010100000001 9
1%
#8380000
0%
#8385000
b101 6
b111111111111000011 ;
b110101000010111011 :
b1011101011010001 9
1%
#8390000
0%
#8395000
b110 6
b11111000000 ;
b110100101011100101 :
b1011010101010110 9
1%
#8400000
0%
#8405000
b111 6
b1111000001 ;
b110100110110111010 :
b1011100000101011 9
1%
#8410000
0%
#8415000
b1000 6
b111000001 ;
b110100111100101010 :
b1011100110010000 9
1%
#8420000
0%
#8425000
b1001 6
b11000001 ;
b110100111111100011 :
b1011101001000001 9
1%
#8430000
0%
#8435000
b1010 6
b1000001 ;
b110101000001000000 :
b1011101010011010 9
1%
#8440000
0%
#8445000
b1011 6
b1 ;
b110101000001101110 :
b1011101011000110 9
1%
#8450000
0%
#8455000
b1100 6
b111111111111100001 ;
b110101000010000101 :
b1011101011011100 9
1%
#8460000
0%
#8465000
b1101 6
b111111111111110001 ;
b110101000001111010 :
b1011101011010001 9
1%
#8470000
0%
#8475000
b1110 6
b111111111111111001 ;
b110101000001110101 :
b1011101011001011 9
1%
#8480000
0%
#8485000
07
1"
b110101000001110101 !
b110101000001110101 8
b1011101011001011 #
b1011101011001011 5
1%
#8490000
1+
b110101001110100101 (
b1011110101001000 '
r-0.673277205482283 /
r0.7393901572092827 -
r-0.7386322021484375 .
b110100001011101001 $
b110100001011101001 4
b11111111111111110100001011101001 ,
b1010 *
b1011 &
b111 3
b110101000001110101 1
b110101000010110001 2
0%
#8495000
0"
17
b0 6
b110100001011101001 ;
b0 :
b1001101110101001 9
1%
#8500000
0%
0+
#8505000
b1 6
b101111111000 ;
b110110010001010111 :
1%
#8510000
0%
#8515000
b10 6
b111001010101000111 ;
b111011001000101011 :
b1110100101111110 9
1%
#8520000
0%
#8525000
b11 6
b111101001111111101 ;
b110111011111001100 :
b1101011000001000 9
1%
#8530000
0%
#8535000
b100 6
b111111001111001110 ;
b110101110100001011 :
b1100010100000001 9
1%
#8540000
0%
#8545000
b101 6
b1111001000 ;
b110101000010111011 :
b1011101011010001 9
1%
#8550000
0%
#8555000
b110 6
b111111101111001011 ;
b110101011010010001 :
b1100000001001100 9
1%
#8560000
0%
#8565000
b111 6
b111111111111001010 ;
b110101001110010000 :
b1011110110100110 9
1%
#8570000
0%
#8575000
b1000 6
b111001010 ;
b110101001000010101 :
b1011110001001101 9
1%
#8580000
0%
#8585000
b1001 6
b11001010 ;
b110101001011010001 :
b1011110011111011 9
1%
#8590000
0%
#8595000
b1010 6
b1001010 ;
b110101001100101111 :
b1011110101010010 9
1%
#8600000
0%
#8605000
b1011 6
b1010 ;
b110101001101011110 :
b1011110101111110 9
1%
#8610000
0%
#8615000
b1100 6
b111111111111101010 ;
b110101001101110101 :
b1011110110010100 9
1%
#8620000
0%
#8625000
b1101 6
b111111111111111010 ;
b110101001101101010 :
b1011110110001001 9
1%
#8630000
0%
#8635000
b1110 6
b10 ;
b110101001101100101 :
b1011110110000011 9
1%
#8640000
0%
#8645000
07
1"
b110101001101100101 !
b110101001101100101 8
b1011110110000011 #
b1011110110000011 5
1%
#8650000
1+
b110101011010100011 (
b1011111111110111 '
r-0.6615853102668229 /
r0.7498699068766207 -
r-0.722930908203125 .
b110100011011101110 $
b110100011011101110 4
b11111111111111110100011011101110 ,
b1010 &
b111 3
b110101001101100101 1
b110101001110100101 2
0%
#8655000
0"
17
b0 6
b110100011011101110 ;
b0 :
b1001101110101001 9
1%
#8660000
0%
0+
#8665000
b1 6
b111111111101 ;
b110110010001010111 :
1%
#8670000
0%
#8675000
b10 6
b111001100101001100 ;
b111011001000101011 :
b1110100101111110 9
1%
#8680000
0%
#8685000
b11 6
b111101100000000010 ;
b110111011111001100 :
b1101011000001000 9
1%
#8690000
0%
#8695000
b100 6
b111111011111010011 ;
b110101110100001011 :
b1100010100000001 9
1%
#8700000
0%
#8705000
b101 6
b11111001101 ;
b110101000010111011 :
b1011101011010001 9
1%
#8710000
0%
#8715000
b110 6
b111111111111010000 ;
b110101011010010001 :
b1100000001001100 9
1%
#8720000
0%
#8725000
b111 6
b1111001111 ;
b110101001110010000 :
b1011110110100110 9
1%
#8730000
0%
#8735000
b1000 6
b111001111 ;
b110101010100001011 :
b1011111011111111 9
1%
#8740000
0%
#8745000
b1001 6
b11001111 ;
b110101010111001001 :
b1011111110101010 9
1%
#8750000
0%
#8755000
b1010 6
b1001111 ;
b110101011000101000 :
b1100000000000000 9
1%
#8760000
0%
#8765000
b1011 6
b1111 ;
b110101011001011000 :
b1100000000101011 9
1%
#8770000
0%
#8775000
b1100 6
b111111111111101111 ;
b110101011001110000 :
b1100000001000001 9
1%
#8780000
0%
#8785000
b1101 6
b111111111111111111 ;
b110101011001100100 :
b1100000000110110 9
1%
#8790000
0%
#8795000
b1110 6
b111 ;
b110101011001011110 :
b1100000000110000 9
1%
#8800000
0%
#8805000
07
1"
b110101011001011110 !
b110101011001011110 8
b1100000000110000 #
b1100000000110000 5
1%
#8810000
1+
b110101100110101100 (
b1100001010011010 '
r-0.6497303173577499 /
r0.7601647944401251 -
r-0.7072296142578125 .
b110100101011110011 $
b110100101011110011 4
b11111111111111110100101011110011 ,
b11 &
b111 3
b110101011001011110 1
b110101011010100011 2
0%
#8815000
0"
17
b0 6
b110100101011110011 ;
b0 :
b1001101110101001 9
1%
#8820000
0%
0+
#8825000
b1 6
b1010000000010 ;
b110110010001010111 :
1%
#8830000
0%
#8835000
b10 6
b111001110101010001 ;
b111011001000101011 :
b1110100101111110 9
1%
#8840000
0%
#8845000
b11 6
b111101110000000111 ;
b110111011111001100 :
b1101011000001000 9
1%
#8850000
0%
#8855000
b100 6
b111111101111011000 ;
b110101110100001011 :
b1100010100000001 9
1%
#8860000
0%
#8865000
b101 6
b101111010010 ;
b110101000010111011 :
b1011101011010001 9
1%
#8870000
0%
#8875000
b110 6
b1111010101 ;
b110101011010010001 :
b1100000001001100 9
1%
#8880000
0%
#8885000
b111 6
b111111111111010110 ;
b110101100110010010 :
b1100001011110010 9
1%
#8890000
0%
#8895000
b1000 6
b111010110 ;
b110101100000001101 :
b1100000110100101 9
1%
#8900000
0%
#8905000
b1001 6
b11010110 ;
b110101100011001110 :
b1100001001001101 9
1%
#8910000
0%
#8915000
b1010 6
b1010110 ;
b110101100100101111 :
b1100001010100001 9
1%
#8920000
0%
#8925000
b1011 6
b10110 ;
b110101100101011111 :
b1100001011001011 9
1%
#8930000
0%
#8935000
b1100 6
b111111111111110110 ;
b110101100101110111 :
b1100001011100000 9
1%
#8940000
0%
#8945000
b1101 6
b110 ;
b110101100101101011 :
b1100001011010101 9
1%
#8950000
0%
#8955000
b1110 6
b111111111111111110 ;
b110101100101110001 :
b1100001011011011 9
1%
#8960000
0%
#8965000
07
1"
b110101100101110001 !
b110101100101110001 8
b1100001011011011 #
b1100001011011011 5
1%
#8970000
1+
b110101110010111111 (
b1100010100110000 '
r-0.6377151493139105 /
r0.7702722819468041 -
r-0.6915283203125 .
b110100111011111000 $
b110100111011111000 4
b11111111111111110100111011111000 ,
b1011 &
b111 3
b110101100101110001 1
b110101100110101100 2
0%
#8975000
0"
17
b0 6
b110100111011111000 ;
b0 :
b1001101110101001 9
1%
#8980000
0%
0+
#8985000
b1 6
b1100000000111 ;
b110110010001010111 :
1%
#8990000
0%
#8995000
b10 6
b111010000101010110 ;
b111011001000101011 :
b1110100101111110 9
1%
#9000000
0%
#9005000
b11 6
b111110000000001100 ;
b110111011111001100 :
b1101011000001000 9
1%
#9010000
0%
#9015000
b100 6
b111111111111011101 ;
b110101110100001011 :
b1100010100000001 9
1%
#9020000
0%
#9025000
b101 6
b111111010111 ;
b110101000010111011 :
b1011101011010001 9
1%
#9030000
0%
#9035000
b110 6
b11111011010 ;
b110101011010010001 :
b1100000001001100 9
1%
#9040000
0%
#9045000
b111 6
b1111011011 ;
b110101100110010010 :
b1100001011110010 9
1%
#9050000
0%
#9055000
b1000 6
b111011011 ;
b110101101100010111 :
b1100010000111111 9
1%
#9060000
0%
#9065000
b1001 6
b11011011 ;
b110101101111011011 :
b1100010011100100 9
1%
#9070000
0%
#9075000
b1010 6
b1011011 ;
b110101110000111101 :
b1100010100110111 9
1%
#9080000
0%
#9085000
b1011 6
b11011 ;
b110101110001101110 :
b1100010101100000 9
1%
#9090000
0%
#9095000
b1100 6
b111111111111111011 ;
b110101110010000110 :
b1100010101110101 9
1%
#9100000
0%
#9105000
b1101 6
b1011 ;
b110101110001111010 :
b1100010101101010 9
1%
#9110000
0%
#9115000
b1110 6
b11 ;
b110101110010000000 :
b1100010101110000 9
1%
#9120000
0%
#9125000
07
1"
b110101110010000000 !
b110101110010000000 8
b1100010101110000 #
b1100010101110000 5
1%
#9130000
1+
b110101111111011101 (
b1100011110111010 '
r-0.6255427681814173 /
r0.7801898776425709 -
r-0.6758270263671875 .
b110101001011111101 $
b110101001011111101 4
b11111111111111110101001011111101 ,
b1100 *
b101 3
b110101110010000000 1
b110101110010111111 2
0%
#9135000
0"
17
b0 6
b110101001011111101 ;
b0 :
b1001101110101001 9
1%
#9140000
0%
0+
#9145000
b1 6
b1110000001100 ;
b110110010001010111 :
1%
#9150000
0%
#9155000
b10 6
b111010010101011011 ;
b111011001000101011 :
b1110100101111110 9
1%
#9160000
0%
#9165000
b11 6
b111110010000010001 ;
b110111011111001100 :
b1101011000001000 9
1%
#9170000
0%
#9175000
b100 6
b1111100010 ;
b110101110100001011 :
b1100010100000001 9
1%
#9180000
0%
#9185000
b101 6
b111111001111101000 ;
b110110100101011011 :
b1100111100110001 9
1%
#9190000
0%
#9195000
b110 6
b111111101111100101 ;
b110110001011100010 :
b1100101001111011 9
1%
#9200000
0%
#9205000
b111 6
b111111111111100100 ;
b110101111110111001 :
b1100100000000110 9
1%
#9210000
0%
#9215000
b1000 6
b111100100 ;
b110101111000101001 :
b1100011011000101 9
1%
#9220000
0%
#9225000
b1001 6
b11100100 ;
b110101111011101111 :
b1100011101100111 9
1%
#9230000
0%
#9235000
b1010 6
b1100100 ;
b110101111101010010 :
b1100011110111000 9
1%
#9240000
0%
#9245000
b1011 6
b100100 ;
b110101111110000011 :
b1100011111100001 9
1%
#9250000
0%
#9255000
b1100 6
b100 ;
b110101111110011011 :
b1100011111110110 9
1%
#9260000
0%
#9265000
b1101 6
b111111111111110100 ;
b110101111110100111 :
b1100100000000001 9
1%
#9270000
0%
#9275000
b1110 6
b111111111111111100 ;
b110101111110100001 :
b1100011111111011 9
1%
#9280000
0%
#9285000
07
1"
b110101111110100001 !
b110101111110100001 8
b1100011111111011 #
b1100011111111011 5
1%
#9290000
1+
b110110001100000101 (
b1100101000110111 '
r-0.6132161747634283 /
r0.789915136586525 -
r-0.660125732421875 .
b110101011100000010 $
b110101011100000010 4
b11111111111111110101011100000010 ,
b1011 *
b110 3
b110101111110100001 1
b110101111111011101 2
0%
#9295000
0"
17
b0 6
b110101011100000010 ;
b0 :
b1001101110101001 9
1%
#9300000
0%
0+
#9305000
b1 6
b10000000010001 ;
b110110010001010111 :
1%
#9310000
0%
#9315000
b10 6
b111010100101100000 ;
b111011001000101011 :
b1110100101111110 9
1%
#9320000
0%
#9325000
b11 6
b111110100000010110 ;
b110111011111001100 :
b1101011000001000 9
1%
#9330000
0%
#9335000
b100 6
b11111100111 ;
b110101110100001011 :
b1100010100000001 9
1%
#9340000
0%
#9345000
b101 6
b111111011111101101 ;
b110110100101011011 :
b1100111100110001 9
1%
#9350000
0%
#9355000
b110 6
b111111111111101010 ;
b110110001011100010 :
b1100101001111011 9
1%
#9360000
0%
#9365000
b111 6
b1111101001 ;
b110101111110111001 :
b1100100000000110 9
1%
#9370000
0%
#9375000
b1000 6
b111101001 ;
b110110000101001001 :
b1100100101000111 9
1%
#9380000
0%
#9385000
b1001 6
b11101001 ;
b110110001000010010 :
b1100100111100110 9
1%
#9390000
0%
#9395000
b1010 6
b1101001 ;
b110110001001110110 :
b1100101000110101 9
1%
#9400000
0%
#9405000
b1011 6
b101001 ;
b110110001010101000 :
b1100101001011101 9
1%
#9410000
0%
#9415000
b1100 6
b1001 ;
b110110001011000001 :
b1100101001110001 9
1%
#9420000
0%
#9425000
b1101 6
b111111111111111001 ;
b110110001011001101 :
b1100101001111011 9
1%
#9430000
0%
#9435000
b1110 6
b1 ;
b110110001011000111 :
b1100101001110110 9
1%
#9440000
0%
#9445000
07
1"
b110110001011000111 !
b110110001011000111 8
b1100101001110110 #
b1100101001110110 5
1%
#9450000
1+
b110110011000110111 (
b1100110010101000 '
r-0.600738407880373 /
r0.7994456612536931 -
r-0.6444244384765625 .
b110101101100000111 $
b110101101100000111 4
b11111111111111110101101100000111 ,
b1001 *
b1000 3
b110110001011000111 1
b110110001100000101 2
0%
#9455000
0"
17
b0 6
b110101101100000111 ;
b0 :
b1001101110101001 9
1%
#9460000
0%
0+
#9465000
b1 6
b10010000010110 ;
b110110010001010111 :
1%
#9470000
0%
#9475000
b10 6
b111010110101100101 ;
b111011001000101011 :
b1110100101111110 9
1%
#9480000
0%
#9485000
b11 6
b111110110000011011 ;
b110111011111001100 :
b1101011000001000 9
1%
#9490000
0%
#9495000
b100 6
b101111101100 ;
b110101110100001011 :
b1100010100000001 9
1%
#9500000
0%
#9505000
b101 6
b111111101111110010 ;
b110110100101011011 :
b1100111100110001 9
1%
#9510000
0%
#9515000
b110 6
b1111101111 ;
b110110001011100010 :
b1100101001111011 9
1%
#9520000
0%
#9525000
b111 6
b111111111111110000 ;
b110110011000001011 :
b1100110011110000 9
1%
#9530000
0%
#9535000
b1000 6
b111110000 ;
b110110010001110010 :
b1100101110111100 9
1%
#9540000
0%
#9545000
b1001 6
b11110000 ;
b110110010100111101 :
b1100110001011000 9
1%
#9550000
0%
#9555000
b1010 6
b1110000 ;
b110110010110100011 :
b1100110010100110 9
1%
#9560000
0%
#9565000
b1011 6
b110000 ;
b110110010111010110 :
b1100110011001101 9
1%
#9570000
0%
#9575000
b1100 6
b10000 ;
b110110010111101111 :
b1100110011100001 9
1%
#9580000
0%
#9585000
b1101 6
b0 ;
b110110010111111011 :
b1100110011101011 9
1%
#9590000
0%
#9595000
b1110 6
b111111111111111000 ;
b110110011000000001 :
b1100110011110000 9
1%
#9600000
0%
#9605000
07
1"
b110110011000000001 !
b110110011000000001 8
b1100110011110000 #
b1100110011110000 5
1%
#9610000
1+
b110110100101110010 (
b1100111100001100 '
r-0.5881125436208048 /
r0.8087791021260793 -
r-0.62872314453125 .
b110101111100001100 $
b110101111100001100 4
b11111111111111110101111100001100 ,
b1100 *
b101 3
b110110011000000001 1
b110110011000110111 2
0%
#9615000
0"
17
b0 6
b110101111100001100 ;
b0 :
b1001101110101001 9
1%
#9620000
0%
0+
#9625000
b1 6
b10100000011011 ;
b110110010001010111 :
1%
#9630000
0%
#9635000
b10 6
b111011000101101010 ;
b111011001000101011 :
b1110100101111110 9
1%
#9640000
0%
#9645000
b11 6
b111111000000100000 ;
b110111011111001100 :
b1101011000001000 9
1%
#9650000
0%
#9655000
b100 6
b111111110001 ;
b110101110100001011 :
b1100010100000001 9
1%
#9660000
0%
#9665000
b101 6
b111111111111110111 ;
b110110100101011011 :
b1100111100110001 9
1%
#9670000
0%
#9675000
b110 6
b11111110100 ;
b110110001011100010 :
b1100101001111011 9
1%
#9680000
0%
#9685000
b111 6
b1111110101 ;
b110110011000001011 :
b1100110011110000 9
1%
#9690000
0%
#9695000
b1000 6
b111110101 ;
b110110011110100100 :
b1100111000100100 9
1%
#9700000
0%
#9705000
b1001 6
b11110101 ;
b110110100001110010 :
b1100111010111101 9
1%
#9710000
0%
#9715000
b1010 6
b1110101 ;
b110110100011011001 :
b1100111100001001 9
1%
#9720000
0%
#9725000
b1011 6
b110101 ;
b110110100100001100 :
b1100111100101111 9
1%
#9730000
0%
#9735000
b1100 6
b10101 ;
b110110100100100101 :
b1100111101000010 9
1%
#9740000
0%
#9745000
b1101 6
b101 ;
b110110100100110001 :
b1100111101001100 9
1%
#9750000
0%
#9755000
b1110 6
b111111111111111101 ;
b110110100100110111 :
b1100111101010001 9
1%
#9760000
0%
#9765000
07
1"
b110110100100110111 !
b110110100100110111 8
b1100111101010001 #
b1100111101010001 5
1%
#9770000
1+
b110110110010110111 (
b1101000101100010 '
r-0.5753416945830669 /
r0.8179131582718822 -
r-0.6130218505859375 .
b110110001100010001 $
b110110001100010001 4
b11111111111111110110001100010001 ,
b1011 *
b110 3
b110110100100110111 1
b110110100101110010 2
0%
#9775000
0"
17
b0 6
b110110001100010001 ;
b0 :
b1001101110101001 9
1%
#9780000
0%
0+
#9785000
b1 6
b10110000100000 ;
b110110010001010111 :
1%
#9790000
0%
#9795000
b10 6
b111011010101101111 ;
b111011001000101011 :
b1110100101111110 9
1%
#9800000
0%
#9805000
b11 6
b111111010000100101 ;
b110111011111001100 :
b1101011000001000 9
1%
#9810000
0%
#9815000
b100 6
b1001111110110 ;
b110101110100001011 :
b1100010100000001 9
1%
#9820000
0%
#9825000
b101 6
b1111111100 ;
b110110100101011011 :
b1100111100110001 9
1%
#9830000
0%
#9835000
b110 6
b111111101111111111 ;
b110110111111010100 :
b1101001111100111 9
1%
#9840000
0%
#9845000
b111 6
b111111111111111110 ;
b110110110010000101 :
b1101000110100110 9
1%
#9850000
0%
#9855000
b1000 6
b111111110 ;
b110110101011100010 :
b1101000001111111 9
1%
#9860000
0%
#9865000
b1001 6
b11111110 ;
b110110101110110010 :
b1101000100010101 9
1%
#9870000
0%
#9875000
b1010 6
b1111110 ;
b110110110000011010 :
b1101000101100000 9
1%
#9880000
0%
#9885000
b1011 6
b111110 ;
b110110110001001110 :
b1101000110000101 9
1%
#9890000
0%
#9895000
b1100 6
b11110 ;
b110110110001101000 :
b1101000110011000 9
1%
#9900000
0%
#9905000
b1101 6
b1110 ;
b110110110001110101 :
b1101000110100010 9
1%
#9910000
0%
#9915000
b1110 6
b110 ;
b110110110001111011 :
b1101000110100111 9
1%
#9920000
0%
#9925000
07
1"
b110110110001111011 !
b110110110001111011 8
b1101000110100111 #
b1101000110100111 5
1%
#9930000
1+
b110111000000000101 (
b1101001110101100 '
r-0.5624290091079572 /
r0.8268455779127329 -
r-0.597320556640625 .
b110110011100010110 $
b110110011100010110 4
b11111111111111110110011100010110 ,
b1010 *
b1010 &
b111 3
b110110110001111011 1
b110110110010110111 2
0%
#9935000
0"
17
b0 6
b110110011100010110 ;
b0 :
b1001101110101001 9
1%
#9940000
0%
0+
#9945000
b1 6
b11000000100101 ;
b110110010001010111 :
1%
#9950000
0%
#9955000
b10 6
b111011100101110100 ;
b111011001000101011 :
b1110100101111110 9
1%
#9960000
0%
#9965000
b11 6
b111111100000101010 ;
b110111011111001100 :
b1101011000001000 9
1%
#9970000
0%
#9975000
b100 6
b1011111111011 ;
b110101110100001011 :
b1100010100000001 9
1%
#9980000
0%
#9985000
b101 6
b100000000001 ;
b110110100101011011 :
b1100111100110001 9
1%
#9990000
0%
#9995000
b110 6
b100 ;
b110110111111010100 :
b1101001111100111 9
1%
#10000000
0%
#10005000
b111 6
b111111110000000101 ;
b110111001100100011 :
b1101011000101000 9
1%
#10010000
0%
#10015000
b1000 6
b111111111000000101 ;
b110111000101110111 :
b1101010100001110 9
1%
#10020000
0%
#10025000
b1001 6
b111111111100000101 ;
b110111000010100010 :
b1101010001111111 9
1%
#10030000
0%
#10035000
b1010 6
b111111111110000101 ;
b110111000000111000 :
b1101010000110111 9
1%
#10040000
0%
#10045000
b1011 6
b111111111111000101 ;
b110111000000000011 :
b1101010000010011 9
1%
#10050000
0%
#10055000
b1100 6
b111111111111100101 ;
b110110111111101001 :
b1101010000000001 9
1%
#10060000
0%
#10065000
b1101 6
b111111111111110101 ;
b110110111111011100 :
b1101001111110111 9
1%
#10070000
0%
#10075000
b1110 6
b111111111111111101 ;
b110110111111010110 :
b1101001111110010 9
1%
#10080000
0%
#10085000
07
1"
b110110111111010110 !
b110110111111010110 8
b1101001111110010 #
b1101001111110010 5
1%
#10090000
1+
b110111001101011100 (
b1101010111101000 '
r-0.5493776705025815 /
r0.8355741589788168 -
r-0.5816192626953125 .
b110110101100011011 $
b110110101100011011 4
b11111111111111110110101100011011 ,
b101 *
b1011 &
b1100 3
b110110111111010110 1
b110111000000000101 2
0%
#10095000
0"
17
b0 6
b110110101100011011 ;
b0 :
b1001101110101001 9
1%
#10100000
0%
0+
#10105000
b1 6
b11010000101010 ;
b110110010001010111 :
1%
#10110000
0%
#10115000
b10 6
b111011110101111001 ;
b111011001000101011 :
b1110100101111110 9
1%
#10120000
0%
#10125000
b11 6
b111111110000101111 ;
b110111011111001100 :
b1101011000001000 9
1%
#10130000
0%
#10135000
b100 6
b1110000000000 ;
b110101110100001011 :
b1100010100000001 9
1%
#10140000
0%
#10145000
b101 6
b110000000110 ;
b110110100101011011 :
b1100111100110001 9
1%
#10150000
0%
#10155000
b110 6
b10000001001 ;
b110110111111010100 :
b1101001111100111 9
1%
#10160000
0%
#10165000
b111 6
b1010 ;
b110111001100100011 :
b1101011000101000 9
1%
#10170000
0%
#10175000
b1000 6
b111111111000001010 ;
b110111010011001111 :
b1101011101000010 9
1%
#10180000
0%
#10185000
b1001 6
b111111111100001010 ;
b110111001111111000 :
b1101011010110110 9
1%
#10190000
0%
#10195000
b1010 6
b111111111110001010 ;
b110111001110001101 :
b1101011001101111 9
1%
#10200000
0%
#10205000
b1011 6
b111111111111001010 ;
b110111001101011000 :
b1101011001001011 9
1%
#10210000
0%
#10215000
b1100 6
b111111111111101010 ;
b110111001100111110 :
b1101011000111001 9
1%
#10220000
0%
#10225000
b1101 6
b111111111111111010 ;
b110111001100110001 :
b1101011000110000 9
1%
#10230000
0%
#10235000
b1110 6
b10 ;
b110111001100101011 :
b1101011000101011 9
1%
#10240000
0%
#10245000
07
1"
b110111001100101011 !
b110111001100101011 8
b1101011000101011 #
b1101011000101011 5
1%
#10250000
1+
b110111011010111101 (
b1101100000010110 '
r-0.5361908962555871 /
r0.8440967496517389 -
r-0.56591796875 .
b110110111100100000 $
b110110111100100000 4
b11111111111111110110111100100000 ,
b1011 *
b1000 &
b110 3
b110111001100101011 1
b110111001101011100 2
0%
#10255000
0"
17
b0 6
b110110111100100000 ;
b0 :
b1001101110101001 9
1%
#10260000
0%
0+
#10265000
b1 6
b11100000101111 ;
b110110010001010111 :
1%
#10270000
0%
#10275000
b10 6
b111100000101111110 ;
b111011001000101011 :
b1110100101111110 9
1%
#10280000
0%
#10285000
b11 6
b110100 ;
b110111011111001100 :
b1101011000001000 9
1%
#10290000
0%
#10295000
b100 6
b111110000001100011 ;
b111001001010001101 :
b1110011100001111 9
1%
#10300000
0%
#10305000
b101 6
b111111000001011101 ;
b111000010000011101 :
b1110000000110111 9
1%
#10310000
0%
#10315000
b110 6
b111111100001011010 ;
b110111110100011100 :
b1101110001010111 9
1%
#10320000
0%
#10325000
b111 6
b111111110001011001 ;
b110111100110101011 :
b1101101001001011 9
1%
#10330000
0%
#10335000
b1000 6
b111111111001011001 ;
b110111011111110111 :
b1101100100111110 9
1%
#10340000
0%
#10345000
b1001 6
b111111111101011001 ;
b110111011100011110 :
b1101100010110101 9
1%
#10350000
0%
#10355000
b1010 6
b111111111111011001 ;
b110111011010110010 :
b1101100001110000 9
1%
#10360000
0%
#10365000
b1011 6
b11001 ;
b110111011001111100 :
b1101100001001101 9
1%
#10370000
0%
#10375000
b1100 6
b111111111111111001 ;
b110111011010010111 :
b1101100001011111 9
1%
#10380000
0%
#10385000
b1101 6
b1001 ;
b110111011010001010 :
b1101100001010110 9
1%
#10390000
0%
#10395000
b1110 6
b1 ;
b110111011010010000 :
b1101100001011011 9
1%
#10400000
0%
#10405000
07
1"
b110111011010010000 !
b110111011010010000 8
b1101100001011011 #
b1101100001011011 5
1%
#10410000
1+
b110111101000100110 (
b1101101000110111 '
r-0.52287193724397 /
r0.8524112488950025 -
r-0.5502166748046875 .
b110111001100100101 $
b110111001100100101 4
b11111111111111110111001100100101 ,
b1100 *
b1011 &
b101 3
b110111011010010000 1
b110111011010111101 2
0%
#10415000
0"
17
b0 6
b110111001100100101 ;
b0 :
b1001101110101001 9
1%
#10420000
0%
0+
#10425000
b1 6
b11110000110100 ;
b110110010001010111 :
1%
#10430000
0%
#10435000
b10 6
b111100010110000011 ;
b111011001000101011 :
b1110100101111110 9
1%
#10440000
0%
#10445000
b11 6
b10000111001 ;
b110111011111001100 :
b1101011000001000 9
1%
#10450000
0%
#10455000
b100 6
b111110010001101000 ;
b111001001010001101 :
b1110011100001111 9
1%
#10460000
0%
#10465000
b101 6
b111111010001100010 ;
b111000010000011101 :
b1110000000110111 9
1%
#10470000
0%
#10475000
b110 6
b111111110001011111 ;
b110111110100011100 :
b1101110001010111 9
1%
#10480000
0%
#10485000
b111 6
b1011110 ;
b110111100110101011 :
b1101101001001011 9
1%
#10490000
0%
#10495000
b1000 6
b111111111001011110 ;
b110111101101011111 :
b1101101101011000 9
1%
#10500000
0%
#10505000
b1001 6
b111111111101011110 ;
b110111101010000100 :
b1101101011010011 9
1%
#10510000
0%
#10515000
b1010 6
b111111111111011110 ;
b110111101000010111 :
b1101101010010000 9
1%
#10520000
0%
#10525000
b1011 6
b11110 ;
b110111100111100001 :
b1101101001101110 9
1%
#10530000
0%
#10535000
b1100 6
b111111111111111110 ;
b110111100111111100 :
b1101101001111111 9
1%
#10540000
0%
#10545000
b1101 6
b1110 ;
b110111100111101111 :
b1101101001110110 9
1%
#10550000
0%
#10555000
b1110 6
b110 ;
b110111100111110101 :
b1101101001111011 9
1%
#10560000
0%
#10565000
07
1"
b110111100111110101 !
b110111100111110101 8
b1101101001111011 #
b1101101001111011 5
1%
#10570000
1+
b110111110110010111 (
b1101110001001010 '
r-0.5094240769316498 /
r0.8605156069719692 -
r-0.534515380859375 .
b110111011100101010 $
b110111011100101010 4
b11111111111111110111011100101010 ,
b1000 *
b1001 3
b110111100111110101 1
b110111101000100110 2
0%
#10575000
0"
17
b0 6
b110111011100101010 ;
b0 :
b1001101110101001 9
1%
#10580000
0%
0+
#10585000
b1 6
b100000000111001 ;
b110110010001010111 :
1%
#10590000
0%
#10595000
b10 6
b111100100110001000 ;
b111011001000101011 :
b1110100101111110 9
1%
#10600000
0%
#10605000
b11 6
b100000111110 ;
b110111011111001100 :
b1101011000001000 9
1%
#10610000
0%
#10615000
b100 6
b111110100001101101 ;
b111001001010001101 :
b1110011100001111 9
1%
#10620000
0%
#10625000
b101 6
b111111100001100111 ;
b111000010000011101 :
b1110000000110111 9
1%
#10630000
0%
#10635000
b110 6
b1100100 ;
b110111110100011100 :
b1101110001010111 9
1%
#10640000
0%
#10645000
b111 6
b111111110001100101 ;
b111000000010001101 :
b1101111001100011 9
1%
#10650000
0%
#10655000
b1000 6
b111111111001100101 ;
b110111111011010001 :
b1101110101100100 9
1%
#10660000
0%
#10665000
b1001 6
b111111111101100101 ;
b110111110111110100 :
b1101110011100010 9
1%
#10670000
0%
#10675000
b1010 6
b111111111111100101 ;
b110111110110000110 :
b1101110010100000 9
1%
#10680000
0%
#10685000
b1011 6
b100101 ;
b110111110101001111 :
b1101110001111111 9
1%
#10690000
0%
#10695000
b1100 6
b101 ;
b110111110101101010 :
b1101110010010000 9
1%
#10700000
0%
#10705000
b1101 6
b111111111111110101 ;
b110111110101110111 :
b1101110010011001 9
1%
#10710000
0%
#10715000
b1110 6
b111111111111111101 ;
b110111110101110001 :
b1101110010010100 9
1%
#10720000
0%
#10725000
07
1"
b110111110101110001 !
b110111110101110001 8
b1101110010010100 #
b1101110010010100 5
1%
#10730000
1+
b111000000100010000 (
b1101111001001111 '
r-0.4958506305600127 /
r0.8684078259511702 -
r-0.5188140869140625 .
b110111101100101111 $
b110111101100101111 4
b11111111111111110111101100101111 ,
b1010 *
b1010 &
b111 3
b110111110101110001 1
b110111110110010111 2
0%
#10735000
0"
17
b0 6
b110111101100101111 ;
b0 :
b1001101110101001 9
1%
#10740000
0%
0+
#10745000
b1 6
b100010000111110 ;
b110110010001010111 :
1%
#10750000
0%
#10755000
b10 6
b111100110110001101 ;
b111011001000101011 :
b1110100101111110 9
1%
#10760000
0%
#10765000
b11 6
b110001000011 ;
b110111011111001100 :
b1101011000001000 9
1%
#10770000
0%
#10775000
b100 6
b111110110001110010 ;
b111001001010001101 :
b1110011100001111 9
1%
#10780000
0%
#10785000
b101 6
b111111110001101100 ;
b111000010000011101 :
b1110000000110111 9
1%
#10790000
0%
#10795000
b110 6
b10001101001 ;
b110111110100011100 :
b1101110001010111 9
1%
#10800000
0%
#10805000
b111 6
b1101010 ;
b111000000010001101 :
b1101111001100011 9
1%
#10810000
0%
#10815000
b1000 6
b111111111001101010 ;
b111000001001001001 :
b1101111101100010 9
1%
#10820000
0%
#10825000
b1001 6
b111111111101101010 ;
b111000000101101010 :
b1101111011100100 9
1%
#10830000
0%
#10835000
b1010 6
b111111111111101010 ;
b111000000011111011 :
b1101111010100100 9
1%
#10840000
0%
#10845000
b1011 6
b101010 ;
b111000000011000100 :
b1101111010000100 9
1%
#10850000
0%
#10855000
b1100 6
b1010 ;
b111000000011011111 :
b1101111010010100 9
1%
#10860000
0%
#10865000
b1101 6
b111111111111111010 ;
b111000000011101100 :
b1101111010011100 9
1%
#10870000
0%
#10875000
b1110 6
b10 ;
b111000000011100110 :
b1101111010011000 9
1%
#10880000
0%
#10885000
07
1"
b111000000011100110 !
b111000000011100110 8
b1101111010011000 #
b1101111010011000 5
1%
#10890000
1+
b111000010010010010 (
b1110000001000111 '
r-0.482154944330619 /
r0.8760859601988481 -
r-0.50311279296875 .
b110111111100110100 $
b110111111100110100 4
b11111111111111110111111100110100 ,
b1001 *
b1000 3
b111000000011100110 1
b111000000100010000 2
0%
#10895000
0"
17
b0 6
b110111111100110100 ;
b0 :
b1001101110101001 9
1%
#10900000
0%
0+
#10905000
b1 6
b100100001000011 ;
b110110010001010111 :
1%
#10910000
0%
#10915000
b10 6
b111101000110010010 ;
b111011001000101011 :
b1110100101111110 9
1%
#10920000
0%
#10925000
b11 6
b1000001001000 ;
b110111011111001100 :
b1101011000001000 9
1%
#10930000
0%
#10935000
b100 6
b111111000001110111 ;
b111001001010001101 :
b1110011100001111 9
1%
#10940000
0%
#10945000
b101 6
b1110001 ;
b111000010000011101 :
b1110000000110111 9
1%
#10950000
0%
#10955000
b110 6
b111111100001110100 ;
b111000101100011110 :
b1110010000010111 9
1%
#10960000
0%
#10965000
b111 6
b111111110001110011 ;
b111000011110001110 :
b1110001001000011 9
1%
#10970000
0%
#10975000
b1000 6
b111111111001110011 ;
b111000010111001010 :
b1110000101010010 9
1%
#10980000
0%
#10985000
b1001 6
b111111111101110011 ;
b111000010011101001 :
b1110000011010111 9
1%
#10990000
0%
#10995000
b1010 6
b111111111111110011 ;
b111000010001111001 :
b1110000010011001 9
1%
#11000000
0%
#11005000
b1011 6
b110011 ;
b111000010001000001 :
b1110000001111010 9
1%
#11010000
0%
#11015000
b1100 6
b10011 ;
b111000010001011101 :
b1110000010001010 9
1%
#11020000
0%
#11025000
b1101 6
b11 ;
b111000010001101011 :
b1110000010010010 9
1%
#11030000
0%
#11035000
b1110 6
b111111111111111011 ;
b111000010001110010 :
b1110000010010110 9
1%
#11040000
0%
#11045000
07
1"
b111000010001110010 !
b111000010001110010 8
b1110000010010110 #
b1110000010010110 5
1%
#11050000
1+
b111000100000011011 (
b1110001000110000 '
r-0.4683403945802794 /
r0.8835481168586056 -
r-0.4874114990234375 .
b111000001100111001 $
b111000001100111001 4
b11111111111111111000001100111001 ,
b1010 *
b111 3
b111000010001110010 1
b111000010010010010 2
0%
#11055000
0"
17
b0 6
b111000001100111001 ;
b0 :
b1001101110101001 9
1%
#11060000
0%
0+
#11065000
b1 6
b100110001001000 ;
b110110010001010111 :
1%
#11070000
0%
#11075000
b10 6
b111101010110010111 ;
b111011001000101011 :
b1110100101111110 9
1%
#11080000
0%
#11085000
b11 6
b1010001001101 ;
b110111011111001100 :
b1101011000001000 9
1%
#11090000
0%
#11095000
b100 6
b111111010001111100 ;
b111001001010001101 :
b1110011100001111 9
1%
#11100000
0%
#11105000
b101 6
b10001110110 ;
b111000010000011101 :
b1110000000110111 9
1%
#11110000
0%
#11115000
b110 6
b111111110001111001 ;
b111000101100011110 :
b1110010000010111 9
1%
#11120000
0%
#11125000
b111 6
b1111000 ;
b111000011110001110 :
b1110001001000011 9
1%
#11130000
0%
#11135000
b1000 6
b111111111001111000 ;
b111000100101010010 :
b1110001100110100 9
1%
#11140000
0%
#11145000
b1001 6
b111111111101111000 ;
b111000100001101111 :
b1110001010111101 9
1%
#11150000
0%
#11155000
b1010 6
b111111111111111000 ;
b111000011111111110 :
b1110001010000001 9
1%
#11160000
0%
#11165000
b1011 6
b111000 ;
b111000011111000110 :
b1110001001100010 9
1%
#11170000
0%
#11175000
b1100 6
b11000 ;
b111000011111100010 :
b1110001001110010 9
1%
#11180000
0%
#11185000
b1101 6
b1000 ;
b111000011111110000 :
b1110001001111010 9
1%
#11190000
0%
#11195000
b1110 6
b0 ;
b111000011111110111 :
b1110001001111110 9
1%
#11200000
0%
#11205000
07
1"
b111000011111110111 !
b111000011111110111 8
b1110001001111110 #
b1110001001111110 5
1%
#11210000
1+
b111000101110101100 (
b1110010000001010 '
r-0.4544103869487016 /
r0.8907924563180423 -
r-0.471710205078125 .
b111000011100111110 $
b111000011100111110 4
b11111111111111111000011100111110 ,
b110 *
b1011 &
b1011 3
b111000011111110111 1
b111000100000011011 2
0%
#11215000
0"
17
b0 6
b111000011100111110 ;
b0 :
b1001101110101001 9
1%
#11220000
0%
0+
#11225000
b1 6
b101000001001101 ;
b110110010001010111 :
1%
#11230000
0%
#11235000
b10 6
b111101100110011100 ;
b111011001000101011 :
b1110100101111110 9
1%
#11240000
0%
#11245000
b11 6
b1100001010010 ;
b110111011111001100 :
b1101011000001000 9
1%
#11250000
0%
#11255000
b100 6
b111111100010000001 ;
b111001001010001101 :
b1110011100001111 9
1%
#11260000
0%
#11265000
b101 6
b100001111011 ;
b111000010000011101 :
b1110000000110111 9
1%
#11270000
0%
#11275000
b110 6
b1111110 ;
b111000101100011110 :
b1110010000010111 9
1%
#11280000
0%
#11285000
b111 6
b111111110001111111 ;
b111000111010101110 :
b1110010111101011 9
1%
#11290000
0%
#11295000
b1000 6
b111111111001111111 ;
b111000110011100011 :
b1110010100001000 9
1%
#11300000
0%
#11305000
b1001 6
b111111111101111111 ;
b111000101111111110 :
b1110010010010100 9
1%
#11310000
0%
#11315000
b1010 6
b111111111111111111 ;
b111000101110001100 :
b1110010001011001 9
1%
#11320000
0%
#11325000
b1011 6
b111111 ;
b111000101101010011 :
b1110010000111011 9
1%
#11330000
0%
#11335000
b1100 6
b11111 ;
b111000101101101111 :
b1110010001001010 9
1%
#11340000
0%
#11345000
b1101 6
b1111 ;
b111000101101111101 :
b1110010001010010 9
1%
#11350000
0%
#11355000
b1110 6
b111 ;
b111000101110000100 :
b1110010001010110 9
1%
#11360000
0%
#11365000
07
1"
b111000101110000100 !
b111000101110000100 8
b1110010001010110 #
b1110010001010110 5
1%
#11370000
1+
b111000111101000101 (
b1110010111010111 '
r-0.4403683555389126 /
r0.8978171926622668 -
r-0.4560089111328125 .
b111000101101000011 $
b111000101101000011 4
b11111111111111111000101101000011 ,
b1100 *
b101 3
b111000101110000100 1
b111000101110101100 2
0%
#11375000
0"
17
b0 6
b111000101101000011 ;
b0 :
b1001101110101001 9
1%
#11380000
0%
0+
#11385000
b1 6
b101010001010010 ;
b110110010001010111 :
1%
#11390000
0%
#11395000
b10 6
b111101110110100001 ;
b111011001000101011 :
b1110100101111110 9
1%
#11400000
0%
#11405000
b11 6
b1110001010111 ;
b110111011111001100 :
b1101011000001000 9
1%
#11410000
0%
#11415000
b100 6
b111111110010000110 ;
b111001001010001101 :
b1110011100001111 9
1%
#11420000
0%
#11425000
b101 6
b110010000000 ;
b111000010000011101 :
b1110000000110111 9
1%
#11430000
0%
#11435000
b110 6
b10010000011 ;
b111000101100011110 :
b1110010000010111 9
1%
#11440000
0%
#11445000
b111 6
b10000100 ;
b111000111010101110 :
b1110010111101011 9
1%
#11450000
0%
#11455000
b1000 6
b111111111010000100 ;
b111001000001111001 :
b1110011011001110 9
1%
#11460000
0%
#11465000
b1001 6
b111111111110000100 ;
b111000111110010011 :
b1110011001011110 9
1%
#11470000
0%
#11475000
b1010 6
b100 ;
b111000111100100000 :
b1110011000100101 9
1%
#11480000
0%
#11485000
b1011 6
b111111111111000100 ;
b111000111101011001 :
b1110011001000010 9
1%
#11490000
0%
#11495000
b1100 6
b111111111111100100 ;
b111000111100111101 :
b1110011000110011 9
1%
#11500000
0%
#11505000
b1101 6
b111111111111110100 ;
b111000111100101111 :
b1110011000101011 9
1%
#11510000
0%
#11515000
b1110 6
b111111111111111100 ;
b111000111100101000 :
b1110011000100111 9
1%
#11520000
0%
#11525000
07
1"
b111000111100101000 !
b111000111100101000 8
b1110011000100111 #
b1110011000100111 5
1%
#11530000
1+
b111001001011100100 (
b1110011110010101 '
r-0.426217762070665 /
r0.9046205941141701 -
r-0.4403076171875 .
b111000111101001000 $
b111000111101001000 4
b11111111111111111000111101001000 ,
b1011 *
b1000 &
b110 3
b111000111100101000 1
b111000111101000101 2
0%
#11535000
0"
17
b0 6
b111000111101001000 ;
b0 :
b1001101110101001 9
1%
#11540000
0%
0+
#11545000
b1 6
b101100001010111 ;
b110110010001010111 :
1%
#11550000
0%
#11555000
b10 6
b111110000110100110 ;
b111011001000101011 :
b1110100101111110 9
1%
#11560000
0%
#11565000
b11 6
b10000001011100 ;
b110111011111001100 :
b1101011000001000 9
1%
#11570000
0%
#11575000
b100 6
b10001011 ;
b111001001010001101 :
b1110011100001111 9
1%
#11580000
0%
#11585000
b101 6
b111111000010010001 ;
b111010000011111101 :
b1110110111100111 9
1%
#11590000
0%
#11595000
b110 6
b111111100010001110 ;
b111001100110001110 :
b1110101011101110 9
1%
#11600000
0%
#11605000
b111 6
b111111110010001101 ;
b111001010111100011 :
b1110100101010100 9
1%
#11610000
0%
#11615000
b1000 6
b111111111010001101 ;
b111001010000010001 :
b1110100001111111 9
1%
#11620000
0%
#11625000
b1001 6
b111111111110001101 ;
b111001001100101001 :
b1110100000010011 9
1%
#11630000
0%
#11635000
b1010 6
b1101 ;
b111001001010110101 :
b1110011111011100 9
1%
#11640000
0%
#11645000
b1011 6
b111111111111001101 ;
b111001001011101110 :
b1110011111111000 9
1%
#11650000
0%
#11655000
b1100 6
b111111111111101101 ;
b111001001011010010 :
b1110011111101010 9
1%
#11660000
0%
#11665000
b1101 6
b111111111111111101 ;
b111001001011000100 :
b1110011111100011 9
1%
#11670000
0%
#11675000
b1110 6
b101 ;
b111001001010111101 :
b1110011111011111 9
1%
#11680000
0%
#11685000
07
1"
b111001001010111101 !
b111001001010111101 8
b1110011111011111 #
b1110011111011111 5
1%
#11690000
1+
b111001011010001010 (
b1110100101000100 '
r-0.4119620950270345 /
r0.9112009834613528 -
r-0.4246063232421875 .
b111001001101001101 $
b111001001101001101 4
b11111111111111111001001101001101 ,
b1011 &
b110 3
b111001001010111101 1
b111001001011100100 2
0%
#11695000
0"
17
b0 6
b111001001101001101 ;
b0 :
b1001101110101001 9
1%
#11700000
0%
0+
#11705000
b1 6
b101110001011100 ;
b110110010001010111 :
1%
#11710000
0%
#11715000
b10 6
b111110010110101011 ;
b111011001000101011 :
b1110100101111110 9
1%
#11720000
0%
#11725000
b11 6
b10010001100001 ;
b110111011111001100 :
b1101011000001000 9
1%
#11730000
0%
#11735000
b100 6
b10010010000 ;
b111001001010001101 :
b1110011100001111 9
1%
#11740000
0%
#11745000
b101 6
b111111010010010110 ;
b111010000011111101 :
b1110110111100111 9
1%
#11750000
0%
#11755000
b110 6
b111111110010010011 ;
b111001100110001110 :
b1110101011101110 9
1%
#11760000
0%
#11765000
b111 6
b10010010 ;
b111001010111100011 :
b1110100101010100 9
1%
#11770000
0%
#11775000
b1000 6
b111111111010010010 ;
b111001011110110101 :
b1110101000101001 9
1%
#11780000
0%
#11785000
b1001 6
b111111111110010010 ;
b111001011011001011 :
b1110100111000000 9
1%
#11790000
0%
#11795000
b1010 6
b10010 ;
b111001011001010111 :
b1110100110001011 9
1%
#11800000
0%
#11805000
b1011 6
b111111111111010010 ;
b111001011010010001 :
b1110100110100110 9
1%
#11810000
0%
#11815000
b1100 6
b111111111111110010 ;
b111001011001110100 :
b1110100110011000 9
1%
#11820000
0%
#11825000
b1101 6
b10 ;
b111001011001100110 :
b1110100110010001 9
1%
#11830000
0%
#11835000
b1110 6
b111111111111111010 ;
b111001011001101101 :
b1110100110010101 9
1%
#11840000
0%
#11845000
07
1"
b111001011001101101 !
b111001011001101101 8
b1110100110010101 #
b1110100110010101 5
1%
#11850000
1+
b111001101000110111 (
b1110101011100100 '
r-0.3976048687944194 /
r0.9175567384696014 -
r-0.408905029296875 .
b111001011101010010 $
b111001011101010010 4
b11111111111111111001011101010010 ,
b1010 *
b1010 &
b111 3
b111001011001101101 1
b111001011010001010 2
0%
#11855000
0"
17
b0 6
b111001011101010010 ;
b0 :
b1001101110101001 9
1%
#11860000
0%
0+
#11865000
b1 6
b110000001100001 ;
b110110010001010111 :
1%
#11870000
0%
#11875000
b10 6
b111110100110110000 ;
b111011001000101011 :
b1110100101111110 9
1%
#11880000
0%
#11885000
b11 6
b10100001100110 ;
b110111011111001100 :
b1101011000001000 9
1%
#11890000
0%
#11895000
b100 6
b100010010101 ;
b111001001010001101 :
b1110011100001111 9
1%
#11900000
0%
#11905000
b101 6
b111111100010011011 ;
b111010000011111101 :
b1110110111100111 9
1%
#11910000
0%
#11915000
b110 6
b10011000 ;
b111001100110001110 :
b1110101011101110 9
1%
#11920000
0%
#11925000
b111 6
b111111110010011001 ;
b111001110100111001 :
b1110110010001000 9
1%
#11930000
0%
#11935000
b1000 6
b111111111010011001 ;
b111001101101100000 :
b1110101111000010 9
1%
#11940000
0%
#11945000
b1001 6
b111111111110011001 ;
b111001101001110101 :
b1110101101011101 9
1%
#11950000
0%
#11955000
b1010 6
b11001 ;
b111001101000000000 :
b1110101100101010 9
1%
#11960000
0%
#11965000
b1011 6
b111111111111011001 ;
b111001101000111010 :
b1110101101000100 9
1%
#11970000
0%
#11975000
b1100 6
b111111111111111001 ;
b111001101000011101 :
b1110101100110111 9
1%
#11980000
0%
#11985000
b1101 6
b1001 ;
b111001101000001111 :
b1110101100110000 9
1%
#11990000
0%
#11995000
b1110 6
b1 ;
b111001101000010110 :
b1110101100110100 9
1%
#12000000
0%
#12005000
07
1"
b111001101000010110 !
b111001101000010110 8
b1110101100110100 #
b1110101100110100 5
1%
#12010000
1+
b111001110111101010 (
b1110110001110110 '
r-0.3831496227961545 /
r0.9236862922828099 -
r-0.3932037353515625 .
b111001101101010111 $
b111001101101010111 4
b11111111111111111001101101010111 ,
b1100 *
b1001 &
b101 3
b111001101000010110 1
b111001101000110111 2
0%
#12015000
0"
17
b0 6
b111001101101010111 ;
b0 :
b1001101110101001 9
1%
#12020000
0%
0+
#12025000
b1 6
b110010001100110 ;
b110110010001010111 :
1%
#12030000
0%
#12035000
b10 6
b111110110110110101 ;
b111011001000101011 :
b1110100101111110 9
1%
#12040000
0%
#12045000
b11 6
b10110001101011 ;
b110111011111001100 :
b1101011000001000 9
1%
#12050000
0%
#12055000
b100 6
b110010011010 ;
b111001001010001101 :
b1110011100001111 9
1%
#12060000
0%
#12065000
b101 6
b111111110010100000 ;
b111010000011111101 :
b1110110111100111 9
1%
#12070000
0%
#12075000
b110 6
b10010011101 ;
b111001100110001110 :
b1110101011101110 9
1%
#12080000
0%
#12085000
b111 6
b10011110 ;
b111001110100111001 :
b1110110010001000 9
1%
#12090000
0%
#12095000
b1000 6
b111111111010011110 ;
b111001111100010010 :
b1110110101001110 9
1%
#12100000
0%
#12105000
b1001 6
b111111111110011110 ;
b111001111000100101 :
b1110110011101101 9
1%
#12110000
0%
#12115000
b1010 6
b11110 ;
b111001110110101111 :
b1110110010111100 9
1%
#12120000
0%
#12125000
b1011 6
b111111111111011110 ;
b111001110111101010 :
b1110110011010101 9
1%
#12130000
0%
#12135000
b1100 6
b111111111111111110 ;
b111001110111001101 :
b1110110011001000 9
1%
#12140000
0%
#12145000
b1101 6
b1110 ;
b111001110110111111 :
b1110110011000001 9
1%
#12150000
0%
#12155000
b1110 6
b110 ;
b111001110111000110 :
b1110110011000101 9
1%
#12160000
0%
#12165000
07
1"
b111001110111000110 !
b111001110111000110 8
b1110110011000101 #
b1110110011000101 5
1%
#12170000
1+
b111010000110100100 (
b1110110111111001 '
r-0.3685999206199532 /
r0.9295881338092501 -
r-0.37750244140625 .
b111001111101011100 $
b111001111101011100 4
b11111111111111111001111101011100 ,
b1010 &
b101 3
b111001110111000110 1
b111001110111101010 2
0%
#12175000
0"
17
b0 6
b111001111101011100 ;
b0 :
b1001101110101001 9
1%
#12180000
0%
0+
#12185000
b1 6
b110100001101011 ;
b110110010001010111 :
1%
#12190000
0%
#12195000
b10 6
b111111000110111010 ;
b111011001000101011 :
b1110100101111110 9
1%
#12200000
0%
#12205000
b11 6
b11000001110000 ;
b110111011111001100 :
b1101011000001000 9
1%
#12210000
0%
#12215000
b100 6
b1000010011111 ;
b111001001010001101 :
b1110011100001111 9
1%
#12220000
0%
#12225000
b101 6
b10100101 ;
b111010000011111101 :
b1110110111100111 9
1%
#12230000
0%
#12235000
b110 6
b111111100010101000 ;
b111010100001101100 :
b1111000011100000 9
1%
#12240000
0%
#12245000
b111 6
b111111110010100111 ;
b111010010010101001 :
b1110111110000001 9
1%
#12250000
0%
#12255000
b1000 6
b111111111010100111 ;
b111010001011001010 :
b1110111011001010 9
1%
#12260000
0%
#12265000
b1001 6
b111111111110100111 ;
b111010000111011100 :
b1110111001101100 9
1%
#12270000
0%
#12275000
b1010 6
b100111 ;
b111010000101100101 :
b1110111000111100 9
1%
#12280000
0%
#12285000
b1011 6
b111111111111100111 ;
b111010000110100000 :
b1110111001010100 9
1%
#12290000
0%
#12295000
b1100 6
b111 ;
b111010000110000011 :
b1110111001001000 9
1%
#12300000
0%
#12305000
b1101 6
b111111111111110111 ;
b111010000110010001 :
b1110111001001110 9
1%
#12310000
0%
#12315000
b1110 6
b111111111111111111 ;
b111010000110001010 :
b1110111001001011 9
1%
#12320000
0%
#12325000
07
1"
b111010000110001010 !
b111010000110001010 8
b1110111001001011 #
b1110111001001011 5
1%
#12330000
1+
b111010010101100011 (
b1110111101101101 '
r-0.3539593491393915 /
r0.9352608080940943 -
r-0.3618011474609375 .
b111010001101100001 $
b111010001101100001 4
b11111111111111111010001101100001 ,
b1000 &
b101 3
b111010000110001010 1
b111010000110100100 2
0%
#12335000
0"
17
b0 6
b111010001101100001 ;
b0 :
b1001101110101001 9
1%
#12340000
0%
0+
#12345000
b1 6
b110110001110000 ;
b110110010001010111 :
1%
#12350000
0%
#12355000
b10 6
b111111010110111111 ;
b111011001000101011 :
b1110100101111110 9
1%
#12360000
0%
#12365000
b11 6
b11010001110101 ;
b110111011111001100 :
b1101011000001000 9
1%
#12370000
0%
#12375000
b100 6
b1010010100100 ;
b111001001010001101 :
b1110011100001111 9
1%
#12380000
0%
#12385000
b101 6
b10010101010 ;
b111010000011111101 :
b1110110111100111 9
1%
#12390000
0%
#12395000
b110 6
b111111110010101101 ;
b111010100001101100 :
b1111000011100000 9
1%
#12400000
0%
#12405000
b111 6
b10101100 ;
b111010010010101001 :
b1110111110000001 9
1%
#12410000
0%
#12415000
b1000 6
b111111111010101100 ;
b111010011010001000 :
b1111000000111000 9
1%
#12420000
0%
#12425000
b1001 6
b111111111110101100 ;
b111010010110011000 :
b1110111111011110 9
1%
#12430000
0%
#12435000
b1010 6
b101100 ;
b111010010100100001 :
b1110111110110000 9
1%
#12440000
0%
#12445000
b1011 6
b111111111111101100 ;
b111010010101011100 :
b1110111111000111 9
1%
#12450000
0%
#12455000
b1100 6
b1100 ;
b111010010100111111 :
b1110111110111011 9
1%
#12460000
0%
#12465000
b1101 6
b111111111111111100 ;
b111010010101001101 :
b1110111111000001 9
1%
#12470000
0%
#12475000
b1110 6
b100 ;
b111010010101000110 :
b1110111110111110 9
1%
#12480000
0%
#12485000
07
1"
b111010010101000110 !
b111010010101000110 8
b1110111110111110 #
b1110111110111110 5
1%
#12490000
1+
b111010100100101001 (
b1111000011010001 '
r-0.3392315176296523 /
r0.9407029166780992 -
r-0.346099853515625 .
b111010011101100110 $
b111010011101100110 4
b11111111111111111010011101100110 ,
b1010 &
b101 3
b111010010101000110 1
b111010010101100011 2
0%
#12495000
0"
17
b0 6
b111010011101100110 ;
b0 :
b1001101110101001 9
1%
#12500000
0%
0+
#12505000
b1 6
b111000001110101 ;
b110110010001010111 :
1%
#12510000
0%
#12515000
b10 6
b111111100111000100 ;
b111011001000101011 :
b1110100101111110 9
1%
#12520000
0%
#12525000
b11 6
b11100001111010 ;
b110111011111001100 :
b1101011000001000 9
1%
#12530000
0%
#12535000
b100 6
b1100010101001 ;
b111001001010001101 :
b1110011100001111 9
1%
#12540000
0%
#12545000
b101 6
b100010101111 ;
b111010000011111101 :
b1110110111100111 9
1%
#12550000
0%
#12555000
b110 6
b10110010 ;
b111010100001101100 :
b1111000011100000 9
1%
#12560000
0%
#12565000
b111 6
b111111110010110011 ;
b111010110000101111 :
b1111001000111111 9
1%
#12570000
0%
#12575000
b1000 6
b111111111010110011 ;
b111010101001001011 :
b1111000110010111 9
1%
#12580000
0%
#12585000
b1001 6
b111111111110110011 ;
b111010100101011010 :
b1111000101000001 9
1%
#12590000
0%
#12595000
b1010 6
b110011 ;
b111010100011100010 :
b1111000100010101 9
1%
#12600000
0%
#12605000
b1011 6
b111111111111110011 ;
b111010100100011110 :
b1111000100101011 9
1%
#12610000
0%
#12615000
b1100 6
b10011 ;
b111010100100000000 :
b1111000100100000 9
1%
#12620000
0%
#12625000
b1101 6
b11 ;
b111010100100001111 :
b1111000100100110 9
1%
#12630000
0%
#12635000
b1110 6
b111111111111111011 ;
b111010100100010110 :
b1111000100101001 9
1%
#12640000
0%
#12645000
07
1"
b111010100100010110 !
b111010100100010110 8
b1111000100101001 #
b1111000100101001 5
1%
#12650000
1+
b111010110011110011 (
b1111001000100111 '
r-0.3244200568777463 /
r0.9459131179423614 -
r-0.3303985595703125 .
b111010101101101011 $
b111010101101101011 4
b11111111111111111010101101101011 ,
b1001 &
b101 3
b111010100100010110 1
b111010100100101001 2
0%
#12655000
0"
17
b0 6
b111010101101101011 ;
b0 :
b1001101110101001 9
1%
#12660000
0%
0+
#12665000
b1 6
b111010001111010 ;
b110110010001010111 :
1%
#12670000
0%
#12675000
b10 6
b111111110111001001 ;
b111011001000101011 :
b1110100101111110 9
1%
#12680000
0%
#12685000
b11 6
b11110001111111 ;
b110111011111001100 :
b1101011000001000 9
1%
#12690000
0%
#12695000
b100 6
b1110010101110 ;
b111001001010001101 :
b1110011100001111 9
1%
#12700000
0%
#12705000
b101 6
b110010110100 ;
b111010000011111101 :
b1110110111100111 9
1%
#12710000
0%
#12715000
b110 6
b10010110111 ;
b111010100001101100 :
b1111000011100000 9
1%
#12720000
0%
#12725000
b111 6
b10111000 ;
b111010110000101111 :
b1111001000111111 9
1%
#12730000
0%
#12735000
b1000 6
b111111111010111000 ;
b111010111000010011 :
b1111001011100111 9
1%
#12740000
0%
#12745000
b1001 6
b111111111110111000 ;
b111010110100100001 :
b1111001010010101 9
1%
#12750000
0%
#12755000
b1010 6
b111000 ;
b111010110010101000 :
b1111001001101011 9
1%
#12760000
0%
#12765000
b1011 6
b111111111111111000 ;
b111010110011100100 :
b1111001010000000 9
1%
#12770000
0%
#12775000
b1100 6
b11000 ;
b111010110011000110 :
b1111001001110101 9
1%
#12780000
0%
#12785000
b1101 6
b1000 ;
b111010110011010101 :
b1111001001111011 9
1%
#12790000
0%
#12795000
b1110 6
b0 ;
b111010110011011100 :
b1111001001111110 9
1%
#12800000
0%
#12805000
07
1"
b111010110011011100 !
b111010110011011100 8
b1111001001111110 #
b1111001001111110 5
1%
#12810000
1+
b111011000011000011 (
b1111001101101101 '
r-0.3095286182874311 /
r0.9508901274390611 -
r-0.314697265625 .
b111010111101110000 $
b111010111101110000 4
b11111111111111111010111101110000 ,
b1011 &
b101 3
b111010110011011100 1
b111010110011110011 2
0%
#12815000
0"
17
b0 6
b111010111101110000 ;
b0 :
b1001101110101001 9
1%
#12820000
0%
0+
#12825000
b1 6
b111100001111111 ;
b110110010001010111 :
1%
#12830000
0%
#12835000
b10 6
b111001110 ;
b111011001000101011 :
b1110100101111110 9
1%
#12840000
0%
#12845000
b11 6
b111100001100011000 ;
b111110110010001010 :
b1111110011110100 9
1%
#12850000
0%
#12855000
b100 6
b111110001011101001 ;
b111100110011101100 :
b1111101010000101 9
1%
#12860000
0%
#12865000
b101 6
b111111001011100011 ;
b111011110101000100 :
b1111011101010011 9
1%
#12870000
0%
#12875000
b110 6
b111111101011100000 ;
b111011010110001010 :
b1111010100111101 9
1%
#12880000
0%
#12885000
b111 6
b111111111011011111 ;
b111011000110110110 :
b1111010000010011 9
1%
#12890000
0%
#12895000
b1000 6
b11011111 ;
b111010111111001110 :
b1111001101110110 9
1%
#12900000
0%
#12905000
b1001 6
b111111111111011111 ;
b111011000011000001 :
b1111001111000111 9
1%
#12910000
0%
#12915000
b1010 6
b1011111 ;
b111011000001001000 :
b1111001110011111 9
1%
#12920000
0%
#12925000
b1011 6
b11111 ;
b111011000010000100 :
b1111001110110011 9
1%
#12930000
0%
#12935000
b1100 6
b111111111111111111 ;
b111011000010100010 :
b1111001110111101 9
1%
#12940000
0%
#12945000
b1101 6
b1111 ;
b111011000010010011 :
b1111001110111000 9
1%
#12950000
0%
#12955000
b1110 6
b111 ;
b111011000010011010 :
b1111001110111011 9
1%
#12960000
0%
#12965000
07
1"
b111011000010011010 !
b111011000010011010 8
b1111001110111011 #
b1111001110111011 5
1%
#12970000
1+
b111011010010011000 (
b1111010010100100 '
r-0.2945608729790457 /
r0.9556327182081108 -
r-0.2989959716796875 .
b111011001101110101 $
b111011001101110101 4
b11111111111111111011001101110101 ,
b1011 *
b1010 &
b110 3
b111011000010011010 1
b111011000011000011 2
0%
#12975000
0"
17
b0 6
b111011001101110101 ;
b0 :
b1001101110101001 9
1%
#12980000
0%
0+
#12985000
b1 6
b111110010000100 ;
b110110010001010111 :
1%
#12990000
0%
#12995000
b10 6
b10111010011 ;
b111011001000101011 :
b1110100101111110 9
1%
#13000000
0%
#13005000
b11 6
b111100011100011101 ;
b111110110010001010 :
b1111110011110100 9
1%
#13010000
0%
#13015000
b100 6
b111110011011101110 ;
b111100110011101100 :
b1111101010000101 9
1%
#13020000
0%
#13025000
b101 6
b111111011011101000 ;
b111011110101000100 :
b1111011101010011 9
1%
#13030000
0%
#13035000
b110 6
b111111111011100101 ;
b111011010110001010 :
b1111010100111101 9
1%
#13040000
0%
#13045000
b111 6
b1011100100 ;
b111011000110110110 :
b1111010000010011 9
1%
#13050000
0%
#13055000
b1000 6
b11100100 ;
b111011001110011110 :
b1111010010110000 9
1%
#13060000
0%
#13065000
b1001 6
b111111111111100100 ;
b111011010010010010 :
b1111010011111101 9
1%
#13070000
0%
#13075000
b1010 6
b1100100 ;
b111011010000011000 :
b1111010011010111 9
1%
#13080000
0%
#13085000
b1011 6
b100100 ;
b111011010001010101 :
b1111010011101010 9
1%
#13090000
0%
#13095000
b1100 6
b100 ;
b111011010001110011 :
b1111010011110100 9
1%
#13100000
0%
#13105000
b1101 6
b111111111111110100 ;
b111011010010000010 :
b1111010011111001 9
1%
#13110000
0%
#13115000
b1110 6
b111111111111111100 ;
b111011010001111011 :
b1111010011110110 9
1%
#13120000
0%
#13125000
07
1"
b111011010001111011 !
b111011010001111011 8
b1111010011110110 #
b1111010011110110 5
1%
#13130000
1+
b111011100001110010 (
b1111010111001011 '
r-0.2795205108844863 /
r0.9601397210796332 -
r-0.283294677734375 .
b111011011101111010 $
b111011011101111010 4
b11111111111111111011011101111010 ,
b1010 *
b1011 &
b111 3
b111011010001111011 1
b111011010010011000 2
0%
#13135000
0"
17
b0 6
b111011011101111010 ;
b0 :
b1001101110101001 9
1%
#13140000
0%
0+
#13145000
b1 6
b1000000010001001 ;
b110110010001010111 :
1%
#13150000
0%
#13155000
b10 6
b100111011000 ;
b111011001000101011 :
b1110100101111110 9
1%
#13160000
0%
#13165000
b11 6
b111100101100100010 ;
b111110110010001010 :
b1111110011110100 9
1%
#13170000
0%
#13175000
b100 6
b111110101011110011 ;
b111100110011101100 :
b1111101010000101 9
1%
#13180000
0%
#13185000
b101 6
b111111101011101101 ;
b111011110101000100 :
b1111011101010011 9
1%
#13190000
0%
#13195000
b110 6
b1011101010 ;
b111011010110001010 :
b1111010100111101 9
1%
#13200000
0%
#13205000
b111 6
b111111111011101011 ;
b111011100101011110 :
b1111011001100111 9
1%
#13210000
0%
#13215000
b1000 6
b11101011 ;
b111011011101110010 :
b1111010111011001 9
1%
#13220000
0%
#13225000
b1001 6
b111111111111101011 ;
b111011100001100111 :
b1111011000100010 9
1%
#13230000
0%
#13235000
b1010 6
b1101011 ;
b111011011111101100 :
b1111010111111110 9
1%
#13240000
0%
#13245000
b1011 6
b101011 ;
b111011100000101001 :
b1111011000010001 9
1%
#13250000
0%
#13255000
b1100 6
b1011 ;
b111011100001000111 :
b1111011000011010 9
1%
#13260000
0%
#13265000
b1101 6
b111111111111111011 ;
b111011100001010110 :
b1111011000011111 9
1%
#13270000
0%
#13275000
b1110 6
b11 ;
b111011100001001111 :
b1111011000011100 9
1%
#13280000
0%
#13285000
07
1"
b111011100001001111 !
b111011100001001111 8
b1111011000011100 #
b1111011000011100 5
1%
#13290000
1+
b111011110001010000 (
b1111011011100011 '
r-0.2644112398375434 /
r0.9644100249621906 -
r-0.2675933837890625 .
b111011101101111111 $
b111011101101111111 4
b11111111111111111011101101111111 ,
b1100 *
b1000 &
b101 3
b111011100001001111 1
b111011100001110010 2
0%
#13295000
0"
17
b0 6
b111011101101111111 ;
b0 :
b1001101110101001 9
1%
#13300000
0%
0+
#13305000
b1 6
b1000010010001110 ;
b110110010001010111 :
1%
#13310000
0%
#13315000
b10 6
b110111011101 ;
b111011001000101011 :
b1110100101111110 9
1%
#13320000
0%
#13325000
b11 6
b111100111100100111 ;
b111110110010001010 :
b1111110011110100 9
1%
#13330000
0%
#13335000
b100 6
b111110111011111000 ;
b111100110011101100 :
b1111101010000101 9
1%
#13340000
0%
#13345000
b101 6
b111111111011110010 ;
b111011110101000100 :
b1111011101010011 9
1%
#13350000
0%
#13355000
b110 6
b11011101111 ;
b111011010110001010 :
b1111010100111101 9
1%
#13360000
0%
#13365000
b111 6
b1011110000 ;
b111011100101011110 :
b1111011001100111 9
1%
#13370000
0%
#13375000
b1000 6
b11110000 ;
b111011101101001010 :
b1111011011110101 9
1%
#13380000
0%
#13385000
b1001 6
b111111111111110000 ;
b111011110001000000 :
b1111011100111010 9
1%
#13390000
0%
#13395000
b1010 6
b1110000 ;
b111011101111000101 :
b1111011100011000 9
1%
#13400000
0%
#13405000
b1011 6
b110000 ;
b111011110000000010 :
b1111011100101010 9
1%
#13410000
0%
#13415000
b1100 6
b10000 ;
b111011110000100000 :
b1111011100110011 9
1%
#13420000
0%
#13425000
b1101 6
b0 ;
b111011110000101111 :
b1111011100111000 9
1%
#13430000
0%
#13435000
b1110 6
b111111111111111000 ;
b111011110000110110 :
b1111011100111011 9
1%
#13440000
0%
#13445000
07
1"
b111011110000110110 !
b111011110000110110 8
b1111011100111011 #
b1111011100111011 5
1%
#13450000
1+
b111100000000110011 (
b1111011111101011 '
r-0.2492367846598262 /
r0.9684425771166979 -
r-0.25189208984375 .
b111011111110000100 $
b111011111110000100 4
b11111111111111111011111110000100 ,
b1011 *
b1001 &
b110 3
b111011110000110110 1
b111011110001010000 2
0%
#13455000
0"
17
b0 6
b111011111110000100 ;
b0 :
b1001101110101001 9
1%
#13460000
0%
0+
#13465000
b1 6
b1000100010010011 ;
b110110010001010111 :
1%
#13470000
0%
#13475000
b10 6
b1000111100010 ;
b111011001000101011 :
b1110100101111110 9
1%
#13480000
0%
#13485000
b11 6
b111101001100101100 ;
b111110110010001010 :
b1111110011110100 9
1%
#13490000
0%
#13495000
b100 6
b111111001011111101 ;
b111100110011101100 :
b1111101010000101 9
1%
#13500000
0%
#13505000
b101 6
b1011110111 ;
b111011110101000100 :
b1111011101010011 9
1%
#13510000
0%
#13515000
b110 6
b111111101011111010 ;
b111100010011111110 :
b1111100101101001 9
1%
#13520000
0%
#13525000
b111 6
b111111111011111001 ;
b111100000100011001 :
b1111100001111100 9
1%
#13530000
0%
#13535000
b1000 6
b11111001 ;
b111011111100101001 :
b1111011111111110 9
1%
#13540000
0%
#13545000
b1001 6
b111111111111111001 ;
b111100000000100000 :
b1111100000111111 9
1%
#13550000
0%
#13555000
b1010 6
b1111001 ;
b111011111110100100 :
b1111100000011111 9
1%
#13560000
0%
#13565000
b1011 6
b111001 ;
b111011111111100010 :
b1111100000110000 9
1%
#13570000
0%
#13575000
b1100 6
b11001 ;
b111100000000000001 :
b1111100000111001 9
1%
#13580000
0%
#13585000
b1101 6
b1001 ;
b111100000000010000 :
b1111100000111101 9
1%
#13590000
0%
#13595000
b1110 6
b1 ;
b111100000000010111 :
b1111100000111111 9
1%
#13600000
0%
#13605000
07
1"
b111100000000010111 !
b111100000000010111 8
b1111100000111111 #
b1111100000111111 5
1%
#13610000
1+
b111100010000011001 (
b1111100011100100 '
r-0.2340008862424985 /
r0.9722363834159495 -
r-0.2361907958984375 .
b111100001110001001 $
b111100001110001001 4
b11111111111111111100001110001001 ,
b1100 *
b110 &
b101 3
b111100000000010111 1
b111100000000110011 2
0%
#13615000
0"
17
b0 6
b111100001110001001 ;
b0 :
b1001101110101001 9
1%
#13620000
0%
0+
#13625000
b1 6
b1000110010011000 ;
b110110010001010111 :
1%
#13630000
0%
#13635000
b10 6
b1010111100111 ;
b111011001000101011 :
b1110100101111110 9
1%
#13640000
0%
#13645000
b11 6
b111101011100110001 ;
b111110110010001010 :
b1111110011110100 9
1%
#13650000
0%
#13655000
b100 6
b111111011100000010 ;
b111100110011101100 :
b1111101010000101 9
1%
#13660000
0%
#13665000
b101 6
b11011111100 ;
b111011110101000100 :
b1111011101010011 9
1%
#13670000
0%
#13675000
b110 6
b111111111011111111 ;
b111100010011111110 :
b1111100101101001 9
1%
#13680000
0%
#13685000
b111 6
b1011111110 ;
b111100000100011001 :
b1111100001111100 9
1%
#13690000
0%
#13695000
b1000 6
b11111110 ;
b111100001100001001 :
b1111100011111010 9
1%
#13700000
0%
#13705000
b1001 6
b111111111111111110 ;
b111100010000000001 :
b1111100100110111 9
1%
#13710000
0%
#13715000
b1010 6
b1111110 ;
b111100001110000101 :
b1111100100011001 9
1%
#13720000
0%
#13725000
b1011 6
b111110 ;
b111100001111000011 :
b1111100100101001 9
1%
#13730000
0%
#13735000
b1100 6
b11110 ;
b111100001111100010 :
b1111100100110001 9
1%
#13740000
0%
#13745000
b1101 6
b1110 ;
b111100001111110001 :
b1111100100110101 9
1%
#13750000
0%
#13755000
b1110 6
b110 ;
b111100001111111000 :
b1111100100110111 9
1%
#13760000
0%
#13765000
07
1"
b111100001111111000 !
b111100001111111000 8
b1111100100110111 #
b1111100100110111 5
1%
#13770000
1+
b111100100000000011 (
b1111100111001101 '
r-0.2187073006240537 /
r0.9757905085896972 -
r-0.220489501953125 .
b111100011110001110 $
b111100011110001110 4
b11111111111111111100011110001110 ,
b111 *
b1001 &
b1010 3
b111100001111111000 1
b111100010000011001 2
0%
#13775000
0"
17
b0 6
b111100011110001110 ;
b0 :
b1001101110101001 9
1%
#13780000
0%
0+
#13785000
b1 6
b1001000010011101 ;
b110110010001010111 :
1%
#13790000
0%
#13795000
b10 6
b1100111101100 ;
b111011001000101011 :
b1110100101111110 9
1%
#13800000
0%
#13805000
b11 6
b111101101100110110 ;
b111110110010001010 :
b1111110011110100 9
1%
#13810000
0%
#13815000
b100 6
b111111101100000111 ;
b111100110011101100 :
b1111101010000101 9
1%
#13820000
0%
#13825000
b101 6
b101100000001 ;
b111011110101000100 :
b1111011101010011 9
1%
#13830000
0%
#13835000
b110 6
b1100000100 ;
b111100010011111110 :
b1111100101101001 9
1%
#13840000
0%
#13845000
b111 6
b111111111100000101 ;
b111100100011100011 :
b1111101001010110 9
1%
#13850000
0%
#13855000
b1000 6
b100000101 ;
b111100011011101111 :
b1111100111100111 9
1%
#13860000
0%
#13865000
b1001 6
b101 ;
b111100011111101000 :
b1111101000100001 9
1%
#13870000
0%
#13875000
b1010 6
b111111111110000101 ;
b111100100001100101 :
b1111101000111110 9
1%
#13880000
0%
#13885000
b1011 6
b111111111111000101 ;
b111100100000100111 :
b1111101000110000 9
1%
#13890000
0%
#13895000
b1100 6
b111111111111100101 ;
b111100100000001000 :
b1111101000101001 9
1%
#13900000
0%
#13905000
b1101 6
b111111111111110101 ;
b111100011111111001 :
b1111101000100101 9
1%
#13910000
0%
#13915000
b1110 6
b111111111111111101 ;
b111100011111110010 :
b1111101000100011 9
1%
#13920000
0%
#13925000
07
1"
b111100011111110010 !
b111100011111110010 8
b1111101000100011 #
b1111101000100011 5
1%
#13930000
1+
b111100101111110001 (
b1111101010100110 '
r-0.203359798064355 /
r0.9791040764552177 -
r-0.2047882080078125 .
b111100101110010011 $
b111100101110010011 4
b11111111111111111100101110010011 ,
b110 *
b1000 &
b1011 3
b111100011111110010 1
b111100100000000011 2
0%
#13935000
0"
17
b0 6
b111100101110010011 ;
b0 :
b1001101110101001 9
1%
#13940000
0%
0+
#13945000
b1 6
b1001010010100010 ;
b110110010001010111 :
1%
#13950000
0%
#13955000
b10 6
b1110111110001 ;
b111011001000101011 :
b1110100101111110 9
1%
#13960000
0%
#13965000
b11 6
b111101111100111011 ;
b111110110010001010 :
b1111110011110100 9
1%
#13970000
0%
#13975000
b100 6
b111111111100001100 ;
b111100110011101100 :
b1111101010000101 9
1%
#13980000
0%
#13985000
b101 6
b111100000110 ;
b111011110101000100 :
b1111011101010011 9
1%
#13990000
0%
#13995000
b110 6
b11100001001 ;
b111100010011111110 :
b1111100101101001 9
1%
#14000000
0%
#14005000
b111 6
b1100001010 ;
b111100100011100011 :
b1111101001010110 9
1%
#14010000
0%
#14015000
b1000 6
b100001010 ;
b111100101011010111 :
b1111101011000101 9
1%
#14020000
0%
#14025000
b1001 6
b1010 ;
b111100101111010001 :
b1111101011111011 9
1%
#14030000
0%
#14035000
b1010 6
b111111111110001010 ;
b111100110001001110 :
b1111101100010110 9
1%
#14040000
0%
#14045000
b1011 6
b111111111111001010 ;
b111100110000010000 :
b1111101100001001 9
1%
#14050000
0%
#14055000
b1100 6
b111111111111101010 ;
b111100101111110001 :
b1111101100000010 9
1%
#14060000
0%
#14065000
b1101 6
b111111111111111010 ;
b111100101111100010 :
b1111101011111110 9
1%
#14070000
0%
#14075000
b1110 6
b10 ;
b111100101111011011 :
b1111101011111100 9
1%
#14080000
0%
#14085000
07
1"
b111100101111011011 !
b111100101111011011 8
b1111101011111100 #
b1111101011111100 5
1%
#14090000
1+
b111100111111100010 (
b1111101101101111 '
r-0.1879621621151701 /
r0.982176270133315 -
r-0.1890869140625 .
b111100111110011000 $
b111100111110011000 4
b11111111111111111100111110011000 ,
b1100 *
b1011 &
b101 3
b111100101111011011 1
b111100101111110001 2
0%
#14095000
0"
17
b0 6
b111100111110011000 ;
b0 :
b1001101110101001 9
1%
#14100000
0%
0+
#14105000
b1 6
b1001100010100111 ;
b110110010001010111 :
1%
#14110000
0%
#14115000
b10 6
b10000111110110 ;
b111011001000101011 :
b1110100101111110 9
1%
#14120000
0%
#14125000
b11 6
b111110001101000000 ;
b111110110010001010 :
b1111110011110100 9
1%
#14130000
0%
#14135000
b100 6
b1100010001 ;
b111100110011101100 :
b1111101010000101 9
1%
#14140000
0%
#14145000
b101 6
b111111001100010111 ;
b111101110010010100 :
b1111110110110111 9
1%
#14150000
0%
#14155000
b110 6
b111111101100010100 ;
b111101010010100111 :
b1111110010011011 9
1%
#14160000
0%
#14165000
b111 6
b111111111100010011 ;
b111101000010110101 :
b1111101111101101 9
1%
#14170000
0%
#14175000
b1000 6
b100010011 ;
b111100111010111110 :
b1111101110001110 9
1%
#14180000
0%
#14185000
b1001 6
b10011 ;
b111100111110111001 :
b1111101111000000 9
1%
#14190000
0%
#14195000
b1010 6
b111111111110010011 ;
b111101000000110110 :
b1111101111011001 9
1%
#14200000
0%
#14205000
b1011 6
b111111111111010011 ;
b111100111111111000 :
b1111101111001101 9
1%
#14210000
0%
#14215000
b1100 6
b111111111111110011 ;
b111100111111011001 :
b1111101111000110 9
1%
#14220000
0%
#14225000
b1101 6
b11 ;
b111100111111001010 :
b1111101111000010 9
1%
#14230000
0%
#14235000
b1110 6
b111111111111111011 ;
b111100111111010001 :
b1111101111000100 9
1%
#14240000
0%
#14245000
07
1"
b111100111111010001 !
b111100111111010001 8
b1111101111000100 #
b1111101111000100 5
1%
#14250000
1+
b111101001111010110 (
b1111110000101001 '
r-0.1725181886874293 /
r0.9850063322497011 -
r-0.1733856201171875 .
b111101001110011101 $
b111101001110011101 4
b11111111111111111101001110011101 ,
b1010 &
b101 3
b111100111111010001 1
b111100111111100010 2
0%
#14255000
0"
17
b0 6
b111101001110011101 ;
b0 :
b1001101110101001 9
1%
#14260000
0%
0+
#14265000
b1 6
b1001110010101100 ;
b110110010001010111 :
1%
#14270000
0%
#14275000
b10 6
b10010111111011 ;
b111011001000101011 :
b1110100101111110 9
1%
#14280000
0%
#14285000
b11 6
b111110011101000101 ;
b111110110010001010 :
b1111110011110100 9
1%
#14290000
0%
#14295000
b100 6
b11100010110 ;
b111100110011101100 :
b1111101010000101 9
1%
#14300000
0%
#14305000
b101 6
b111111011100011100 ;
b111101110010010100 :
b1111110110110111 9
1%
#14310000
0%
#14315000
b110 6
b111111111100011001 ;
b111101010010100111 :
b1111110010011011 9
1%
#14320000
0%
#14325000
b111 6
b1100011000 ;
b111101000010110101 :
b1111101111101101 9
1%
#14330000
0%
#14335000
b1000 6
b100011000 ;
b111101001010101100 :
b1111110001001100 9
1%
#14340000
0%
#14345000
b1001 6
b11000 ;
b111101001110101000 :
b1111110001111010 9
1%
#14350000
0%
#14355000
b1010 6
b111111111110011000 ;
b111101010000100110 :
b1111110010010001 9
1%
#14360000
0%
#14365000
b1011 6
b111111111111011000 ;
b111101001111100111 :
b1111110010000110 9
1%
#14370000
0%
#14375000
b1100 6
b111111111111111000 ;
b111101001111001000 :
b1111110010000000 9
1%
#14380000
0%
#14385000
b1101 6
b1000 ;
b111101001110111001 :
b1111110001111101 9
1%
#14390000
0%
#14395000
b1110 6
b0 ;
b111101001111000000 :
b1111110001111111 9
1%
#14400000
0%
#14405000
07
1"
b111101001111000000 !
b111101001111000000 8
b1111110001111111 #
b1111110001111111 5
1%
#14410000
1+
b111101011111001101 (
b1111110011010010 '
r-0.1570316851154356 /
r0.9875935651217087 -
r-0.157684326171875 .
b111101011110100010 $
b111101011110100010 4
b11111111111111111101011110100010 ,
b1101 *
b1011 &
b100 3
b111101001111000000 1
b111101001111010110 2
0%
#14415000
0"
17
b0 6
b111101011110100010 ;
b0 :
b1001101110101001 9
1%
#14420000
0%
0+
#14425000
b1 6
b1010000010110001 ;
b110110010001010111 :
1%
#14430000
0%
#14435000
b10 6
b10101000000000 ;
b111011001000101011 :
b1110100101111110 9
1%
#14440000
0%
#14445000
b11 6
b111110101101001010 ;
b111110110010001010 :
b1111110011110100 9
1%
#14450000
0%
#14455000
b100 6
b101100011011 ;
b111100110011101100 :
b1111101010000101 9
1%
#14460000
0%
#14465000
b101 6
b111111101100100001 ;
b111101110010010100 :
b1111110110110111 9
1%
#14470000
0%
#14475000
b110 6
b1100011110 ;
b111101010010100111 :
b1111110010011011 9
1%
#14480000
0%
#14485000
b111 6
b111111111100011111 ;
b111101100010011001 :
b1111110101001001 9
1%
#14490000
0%
#14495000
b1000 6
b100011111 ;
b111101011010011111 :
b1111110011111010 9
1%
#14500000
0%
#14505000
b1001 6
b11111 ;
b111101011110011011 :
b1111110100100100 9
1%
#14510000
0%
#14515000
b1010 6
b111111111110011111 ;
b111101100000011001 :
b1111110100111001 9
1%
#14520000
0%
#14525000
b1011 6
b111111111111011111 ;
b111101011111011010 :
b1111110100101111 9
1%
#14530000
0%
#14535000
b1100 6
b111111111111111111 ;
b111101011110111011 :
b1111110100101001 9
1%
#14540000
0%
#14545000
b1101 6
b1111 ;
b111101011110101100 :
b1111110100100110 9
1%
#14550000
0%
#14555000
b1110 6
b111 ;
b111101011110110011 :
b1111110100101000 9
1%
#14560000
0%
#14565000
07
1"
b111101011110110011 !
b111101011110110011 8
b1111110100101000 #
b1111110100101000 5
1%
#14570000
1+
b111101101111000111 (
b1111110101101100 '
r-0.1415064692182603 /
r0.9899373309302875 -
r-0.1419830322265625 .
b111101101110100111 $
b111101101110100111 4
b11111111111111111101101110100111 ,
b1011 *
b1001 &
b110 3
b111101011110110011 1
b111101011111001101 2
0%
#14575000
0"
17
b0 6
b111101101110100111 ;
b0 :
b1001101110101001 9
1%
#14580000
0%
0+
#14585000
b1 6
b1010010010110110 ;
b110110010001010111 :
1%
#14590000
0%
#14595000
b10 6
b10111000000101 ;
b111011001000101011 :
b1110100101111110 9
1%
#14600000
0%
#14605000
b11 6
b111110111101001111 ;
b111110110010001010 :
b1111110011110100 9
1%
#14610000
0%
#14615000
b100 6
b111100100000 ;
b111100110011101100 :
b1111101010000101 9
1%
#14620000
0%
#14625000
b101 6
b111111111100100110 ;
b111101110010010100 :
b1111110110110111 9
1%
#14630000
0%
#14635000
b110 6
b11100100011 ;
b111101010010100111 :
b1111110010011011 9
1%
#14640000
0%
#14645000
b111 6
b1100100100 ;
b111101100010011001 :
b1111110101001001 9
1%
#14650000
0%
#14655000
b1000 6
b100100100 ;
b111101101010010011 :
b1111110110011000 9
1%
#14660000
0%
#14665000
b1001 6
b100100 ;
b111101101110010000 :
b1111110110111110 9
1%
#14670000
0%
#14675000
b1010 6
b111111111110100100 ;
b111101110000001110 :
b1111110111010001 9
1%
#14680000
0%
#14685000
b1011 6
b111111111111100100 ;
b111101101111001111 :
b1111110111001000 9
1%
#14690000
0%
#14695000
b1100 6
b100 ;
b111101101110110000 :
b1111110111000011 9
1%
#14700000
0%
#14705000
b1101 6
b111111111111110100 ;
b111101101110111111 :
b1111110111000110 9
1%
#14710000
0%
#14715000
b1110 6
b111111111111111100 ;
b111101101110111000 :
b1111110111000100 9
1%
#14720000
0%
#14725000
07
1"
b111101101110111000 !
b111101101110111000 8
b1111110111000100 #
b1111110111000100 5
1%
#14730000
1+
b111101111111000010 (
b1111110111110110 '
r-0.1259463683585522 /
r0.9920370518772431 -
r-0.12628173828125 .
b111101111110101100 $
b111101111110101100 4
b11111111111111111101111110101100 ,
b1010 &
b110 3
b111101101110111000 1
b111101101111000111 2
0%
#14735000
0"
17
b0 6
b111101111110101100 ;
b0 :
b1001101110101001 9
1%
#14740000
0%
0+
#14745000
b1 6
b1010100010111011 ;
b110110010001010111 :
1%
#14750000
0%
#14755000
b10 6
b11001000001010 ;
b111011001000101011 :
b1110100101111110 9
1%
#14760000
0%
#14765000
b11 6
b111111001101010100 ;
b111110110010001010 :
b1111110011110100 9
1%
#14770000
0%
#14775000
b100 6
b1001100100101 ;
b111100110011101100 :
b1111101010000101 9
1%
#14780000
0%
#14785000
b101 6
b1100101011 ;
b111101110010010100 :
b1111110110110111 9
1%
#14790000
0%
#14795000
b110 6
b111111101100101110 ;
b111110010010000001 :
b1111111011010011 9
1%
#14800000
0%
#14805000
b111 6
b111111111100101101 ;
b111110000010000110 :
b1111111001100101 9
1%
#14810000
0%
#14815000
b1000 6
b100101101 ;
b111101111010001010 :
b1111111000100110 9
1%
#14820000
0%
#14825000
b1001 6
b101101 ;
b111101111110001000 :
b1111111001001000 9
1%
#14830000
0%
#14835000
b1010 6
b111111111110101101 ;
b111110000000000111 :
b1111111001011001 9
1%
#14840000
0%
#14845000
b1011 6
b111111111111101101 ;
b111101111111001000 :
b1111111001010001 9
1%
#14850000
0%
#14855000
b1100 6
b1101 ;
b111101111110101001 :
b1111111001001100 9
1%
#14860000
0%
#14865000
b1101 6
b111111111111111101 ;
b111101111110111000 :
b1111111001001111 9
1%
#14870000
0%
#14875000
b1110 6
b101 ;
b111101111110110001 :
b1111111001001101 9
1%
#14880000
0%
#14885000
07
1"
b111101111110110001 !
b111101111110110001 8
b1111111001001101 #
b1111111001001101 5
1%
#14890000
1+
b111110001111000000 (
b1111111001101111 '
r-0.1103552184989958 /
r0.9938922103276788 -
r-0.1105804443359375 .
b111110001110110001 $
b111110001110110001 4
b11111111111111111110001110110001 ,
b1000 &
b110 3
b111101111110110001 1
b111101111111000010 2
0%
#14895000
0"
17
b0 6
b111110001110110001 ;
b0 :
b1001101110101001 9
1%
#14900000
0%
0+
#14905000
b1 6
b1010110011000000 ;
b110110010001010111 :
1%
#14910000
0%
#14915000
b10 6
b11011000001111 ;
b111011001000101011 :
b1110100101111110 9
1%
#14920000
0%
#14925000
b11 6
b111111011101011001 ;
b111110110010001010 :
b1111110011110100 9
1%
#14930000
0%
#14935000
b100 6
b1011100101010 ;
b111100110011101100 :
b1111101010000101 9
1%
#14940000
0%
#14945000
b101 6
b11100110000 ;
b111101110010010100 :
b1111110110110111 9
1%
#14950000
0%
#14955000
b110 6
b111111111100110011 ;
b111110010010000001 :
b1111111011010011 9
1%
#14960000
0%
#14965000
b111 6
b1100110010 ;
b111110000010000110 :
b1111111001100101 9
1%
#14970000
0%
#14975000
b1000 6
b100110010 ;
b111110001010000010 :
b1111111010100100 9
1%
#14980000
0%
#14985000
b1001 6
b110010 ;
b111110001110000000 :
b1111111011000010 9
1%
#14990000
0%
#14995000
b1010 6
b111111111110110010 ;
b111110001111111111 :
b1111111011010001 9
1%
#15000000
0%
#15005000
b1011 6
b111111111111110010 ;
b111110001111000000 :
b1111111011001001 9
1%
#15010000
0%
#15015000
b1100 6
b10010 ;
b111110001110100001 :
b1111111011000101 9
1%
#15020000
0%
#15025000
b1101 6
b10 ;
b111110001110110000 :
b1111111011000111 9
1%
#15030000
0%
#15035000
b1110 6
b111111111111111010 ;
b111110001110110111 :
b1111111011001000 9
1%
#15040000
0%
#15045000
07
1"
b111110001110110111 !
b111110001110110111 8
b1111111011001000 #
b1111111011001000 5
1%
#15050000
1+
b111110011111000000 (
b1111111011011001 '
r-0.09473686325664746 /
r0.9955023489376061 -
r-0.094879150390625 .
b111110011110110110 $
b111110011110110110 4
b11111111111111111110011110110110 ,
b1010 &
b110 3
b111110001110110111 1
b111110001111000000 2
0%
#15055000
0"
17
b0 6
b111110011110110110 ;
b0 :
b1001101110101001 9
1%
#15060000
0%
0+
#15065000
b1 6
b1011000011000101 ;
b110110010001010111 :
1%
#15070000
0%
#15075000
b10 6
b11101000010100 ;
b111011001000101011 :
b1110100101111110 9
1%
#15080000
0%
#15085000
b11 6
b111111101101011110 ;
b111110110010001010 :
b1111110011110100 9
1%
#15090000
0%
#15095000
b100 6
b1101100101111 ;
b111100110011101100 :
b1111101010000101 9
1%
#15100000
0%
#15105000
b101 6
b101100110101 ;
b111101110010010100 :
b1111110110110111 9
1%
#15110000
0%
#15115000
b110 6
b1100111000 ;
b111110010010000001 :
b1111111011010011 9
1%
#15120000
0%
#15125000
b111 6
b111111111100111001 ;
b111110100001111100 :
b1111111101000001 9
1%
#15130000
0%
#15135000
b1000 6
b100111001 ;
b111110011001111110 :
b1111111100010001 9
1%
#15140000
0%
#15145000
b1001 6
b111001 ;
b111110011101111101 :
b1111111100101011 9
1%
#15150000
0%
#15155000
b1010 6
b111111111110111001 ;
b111110011111111100 :
b1111111100111000 9
1%
#15160000
0%
#15165000
b1011 6
b111111111111111001 ;
b111110011110111101 :
b1111111100110001 9
1%
#15170000
0%
#15175000
b1100 6
b11001 ;
b111110011110011110 :
b1111111100101101 9
1%
#15180000
0%
#15185000
b1101 6
b1001 ;
b111110011110101101 :
b1111111100101111 9
1%
#15190000
0%
#15195000
b1110 6
b1 ;
b111110011110110100 :
b1111111100110000 9
1%
#15200000
0%
#15205000
07
1"
b111110011110110100 !
b111110011110110100 8
b1111111100110000 #
b1111111100110000 5
1%
#15210000
1+
b111110101111000001 (
b1111111100110010 '
r-0.07909515295538605 /
r0.9968670707666916 -
r-0.0791778564453125 .
b111110101110111011 $
b111110101110111011 4
b11111111111111111110101110111011 ,
b1001 &
b110 3
b111110011110110100 1
b111110011111000000 2
0%
#15215000
0"
17
b0 6
b111110101110111011 ;
b0 :
b1001101110101001 9
1%
#15220000
0%
0+
#15225000
b1 6
b1011010011001010 ;
b110110010001010111 :
1%
#15230000
0%
#15235000
b10 6
b11111000011001 ;
b111011001000101011 :
b1110100101111110 9
1%
#15240000
0%
#15245000
b11 6
b111111111101100011 ;
b111110110010001010 :
b1111110011110100 9
1%
#15250000
0%
#15255000
b100 6
b1111100110100 ;
b111100110011101100 :
b1111101010000101 9
1%
#15260000
0%
#15265000
b101 6
b111100111010 ;
b111101110010010100 :
b1111110110110111 9
1%
#15270000
0%
#15275000
b110 6
b11100111101 ;
b111110010010000001 :
b1111111011010011 9
1%
#15280000
0%
#15285000
b111 6
b1100111110 ;
b111110100001111100 :
b1111111101000001 9
1%
#15290000
0%
#15295000
b1000 6
b100111110 ;
b111110101001111010 :
b1111111101110001 9
1%
#15300000
0%
#15305000
b1001 6
b111110 ;
b111110101101111001 :
b1111111110000111 9
1%
#15310000
0%
#15315000
b1010 6
b111111111110111110 ;
b111110101111111000 :
b1111111110010010 9
1%
#15320000
0%
#15325000
b1011 6
b111111111111111110 ;
b111110101110111001 :
b1111111110001100 9
1%
#15330000
0%
#15335000
b1100 6
b11110 ;
b111110101110011010 :
b1111111110001001 9
1%
#15340000
0%
#15345000
b1101 6
b1110 ;
b111110101110101001 :
b1111111110001011 9
1%
#15350000
0%
#15355000
b1110 6
b110 ;
b111110101110110000 :
b1111111110001100 9
1%
#15360000
0%
#15365000
07
1"
b111110101110110000 !
b111110101110110000 8
b1111111110001100 #
b1111111110001100 5
1%
#15370000
1+
b111110111111000011 (
b1111111101111100 '
r-0.06343394367670965 /
r0.9979860393761127 -
r-0.0634765625 .
b111110111111000000 $
b111110111111000000 4
b11111111111111111110111111000000 ,
b1010 &
b110 3
b111110101110110000 1
b111110101111000001 2
0%
#15375000
0"
17
b0 6
b111110111111000000 ;
b0 :
b1001101110101001 9
1%
#15380000
0%
0+
#15385000
b1 6
b1011100011001111 ;
b110110010001010111 :
1%
#15390000
0%
#15395000
b10 6
b100001000011110 ;
b111011001000101011 :
b1110100101111110 9
1%
#15400000
0%
#15405000
b11 6
b1101101000 ;
b111110110010001010 :
b1111110011110100 9
1%
#15410000
0%
#15415000
b100 6
b111110001110010111 ;
b110000101000 :
b1111111101100011 9
1%
#15420000
0%
#15425000
b101 6
b111111001110010001 ;
b111111110000110010 :
b10000000000100101 9
1%
#15430000
0%
#15435000
b110 6
b111111101110001110 ;
b111111010000110001 :
b10000000000000110 9
1%
#15440000
0%
#15445000
b111 6
b111111111110001101 ;
b111111000000110001 :
b1111111111010110 9
1%
#15450000
0%
#15455000
b1000 6
b110001101 ;
b111110111000110010 :
b1111111110110110 9
1%
#15460000
0%
#15465000
b1001 6
b10001101 ;
b111110111100110001 :
b1111111111001000 9
1%
#15470000
0%
#15475000
b1010 6
b1101 ;
b111110111110110000 :
b1111111111010001 9
1%
#15480000
0%
#15485000
b1011 6
b111111111111001101 ;
b111110111111101111 :
b1111111111010110 9
1%
#15490000
0%
#15495000
b1100 6
b111111111111101101 ;
b111110111111010000 :
b1111111111010011 9
1%
#15500000
0%
#15505000
b1101 6
b111111111111111101 ;
b111110111111000001 :
b1111111111010001 9
1%
#15510000
0%
#15515000
b1110 6
b101 ;
b111110111110111010 :
b1111111111010000 9
1%
#15520000
0%
#15525000
07
1"
b111110111110111010 !
b111110111110111010 8
b1111111111010000 #
b1111111111010000 5
1%
#15530000
1+
b111111001111000111 (
b1111111110110101 '
r-0.04775709630911277 /
r0.9988589789114989 -
r-0.0477752685546875 .
b111111001111000101 $
b111111001111000101 4
b11111111111111111111001111000101 ,
b110 3
b111110111110111010 1
b111110111111000011 2
0%
#15535000
0"
17
b0 6
b111111001111000101 ;
b0 :
b1001101110101001 9
1%
#15540000
0%
0+
#15545000
b1 6
b1011110011010100 ;
b110110010001010111 :
1%
#15550000
0%
#15555000
b10 6
b100011000100011 ;
b111011001000101011 :
b1110100101111110 9
1%
#15560000
0%
#15565000
b11 6
b11101101101 ;
b111110110010001010 :
b1111110011110100 9
1%
#15570000
0%
#15575000
b100 6
b111110011110011100 ;
b110000101000 :
b1111111101100011 9
1%
#15580000
0%
#15585000
b101 6
b111111011110010110 ;
b111111110000110010 :
b10000000000100101 9
1%
#15590000
0%
#15595000
b110 6
b111111111110010011 ;
b111111010000110001 :
b10000000000000110 9
1%
#15600000
0%
#15605000
b111 6
b1110010010 ;
b111111000000110001 :
b1111111111010110 9
1%
#15610000
0%
#15615000
b1000 6
b110010010 ;
b111111001000110000 :
b1111111111110110 9
1%
#15620000
0%
#15625000
b1001 6
b10010010 ;
b111111001100101111 :
b10000000000000100 9
1%
#15630000
0%
#15635000
b1010 6
b10010 ;
b111111001110101111 :
b10000000000001011 9
1%
#15640000
0%
#15645000
b1011 6
b111111111111010010 ;
b111111001111101111 :
b10000000000001111 9
1%
#15650000
0%
#15655000
b1100 6
b111111111111110010 ;
b111111001111001111 :
b10000000000001101 9
1%
#15660000
0%
#15665000
b1101 6
b10 ;
b111111001110111111 :
b10000000000001100 9
1%
#15670000
0%
#15675000
b1110 6
b111111111111111010 ;
b111111001111000111 :
b10000000000001101 9
1%
#15680000
0%
#15685000
07
1"
b111111001111000111 !
b111111001111000111 8
b10000000000001101 #
b10000000000001101 5
1%
#15690000
1+
b111111011111001011 (
b1111111111011110 '
r-0.03206847559627863 /
r0.9994856741709363 -
r-0.032073974609375 .
b111111011111001010 $
b111111011111001010 4
b11111111111111111111011111001010 ,
b10010 *
b1 &
b11111111111111111111111111111111 3
b111111001111000111 1
b111111001111000111 2
0%
#15695000
0"
17
b0 6
b111111011111001010 ;
b0 :
b1001101110101001 9
1%
#15700000
0%
0+
#15705000
b1 6
b1100000011011001 ;
b110110010001010111 :
1%
#15710000
0%
#15715000
b10 6
b100101000101000 ;
b111011001000101011 :
b1110100101111110 9
1%
#15720000
0%
#15725000
b11 6
b101101110010 ;
b111110110010001010 :
b1111110011110100 9
1%
#15730000
0%
#15735000
b100 6
b111110101110100001 ;
b110000101000 :
b1111111101100011 9
1%
#15740000
0%
#15745000
b101 6
b111111101110011011 ;
b111111110000110010 :
b10000000000100101 9
1%
#15750000
0%
#15755000
b110 6
b1110011000 ;
b111111010000110001 :
b10000000000000110 9
1%
#15760000
0%
#15765000
b111 6
b111111111110011001 ;
b111111100000110001 :
b10000000000110110 9
1%
#15770000
0%
#15775000
b1000 6
b110011001 ;
b111111011000110001 :
b10000000000100110 9
1%
#15780000
0%
#15785000
b1001 6
b10011001 ;
b111111011100110001 :
b10000000000110000 9
1%
#15790000
0%
#15795000
b1010 6
b11001 ;
b111111011110110001 :
b10000000000110101 9
1%
#15800000
0%
#15805000
b1011 6
b111111111111011001 ;
b111111011111110001 :
b10000000000111000 9
1%
#15810000
0%
#15815000
b1100 6
b111111111111111001 ;
b111111011111010001 :
b10000000000110110 9
1%
#15820000
0%
#15825000
b1101 6
b1001 ;
b111111011111000001 :
b10000000000110101 9
1%
#15830000
0%
#15835000
b1110 6
b1 ;
b111111011111001001 :
b10000000000110110 9
1%
#15840000
0%
#15845000
07
1"
b111111011111001001 !
b111111011111001001 8
b10000000000110110 #
b10000000000110110 5
1%
#15850000
1+
b111111101111010000 (
b1111111111110111 '
r-0.01637194918432109 /
r0.9998659706580207 -
r-0.0163726806640625 .
b111111101111001111 $
b111111101111001111 4
b11111111111111111111101111001111 ,
b10000 *
b1 3
b111111011111001001 1
b111111011111001011 2
0%
#15855000
0"
17
b0 6
b111111101111001111 ;
b0 :
b1001101110101001 9
1%
#15860000
0%
0+
#15865000
b1 6
b1100010011011110 ;
b110110010001010111 :
1%
#15870000
0%
#15875000
b10 6
b100111000101101 ;
b111011001000101011 :
b1110100101111110 9
1%
#15880000
0%
#15885000
b11 6
b111101110111 ;
b111110110010001010 :
b1111110011110100 9
1%
#15890000
0%
#15895000
b100 6
b111110111110100110 ;
b110000101000 :
b1111111101100011 9
1%
#15900000
0%
#15905000
b101 6
b111111111110100000 ;
b111111110000110010 :
b10000000000100101 9
1%
#15910000
0%
#15915000
b110 6
b11110011101 ;
b111111010000110001 :
b10000000000000110 9
1%
#15920000
0%
#15925000
b111 6
b1110011110 ;
b111111100000110001 :
b10000000000110110 9
1%
#15930000
0%
#15935000
b1000 6
b110011110 ;
b111111101000110001 :
b10000000001000110 9
1%
#15940000
0%
#15945000
b1001 6
b10011110 ;
b111111101100110001 :
b10000000001001100 9
1%
#15950000
0%
#15955000
b1010 6
b11110 ;
b111111101110110001 :
b10000000001001111 9
1%
#15960000
0%
#15965000
b1011 6
b111111111111011110 ;
b111111101111110001 :
b10000000001010001 9
1%
#15970000
0%
#15975000
b1100 6
b111111111111111110 ;
b111111101111010001 :
b10000000001010000 9
1%
#15980000
0%
#15985000
b1101 6
b1110 ;
b111111101111000001 :
b10000000001001111 9
1%
#15990000
0%
#15995000
b1110 6
b110 ;
b111111101111001001 :
b10000000001010000 9
1%
#16000000
0%
#16005000
07
1"
b111111101111001001 !
b111111101111001001 8
b10000000001010000 #
b10000000001010000 5
1%
#16010000
1+
b111111111111010101 (
b1111111111111111 '
r-0.0006713866683109408 /
r0.9999997746199454 -
r-0.00067138671875 .
b111111111111010100 $
b111111111111010100 4
b11111111111111111111111111010100 ,
b1101 *
b100 3
b111111101111001001 1
b111111101111010000 2
0%
#16015000
0"
17
b0 6
b111111111111010100 ;
b0 :
b1001101110101001 9
1%
#16020000
0%
0+
#16025000
b1 6
b1100100011100011 ;
b110110010001010111 :
1%
#16030000
0%
#16035000
b10 6
b101001000110010 ;
b111011001000101011 :
b1110100101111110 9
1%
#16040000
0%
#16045000
b11 6
b1001101111100 ;
b111110110010001010 :
b1111110011110100 9
1%
#16050000
0%
#16055000
b100 6
b111111001110101011 ;
b110000101000 :
b1111111101100011 9
1%
#16060000
0%
#16065000
b101 6
b1110100101 ;
b111111110000110010 :
b10000000000100101 9
1%
#16070000
0%
#16075000
b110 6
b111111101110101000 ;
b10000110011 :
b10000000001000100 9
1%
#16080000
0%
#16085000
b111 6
b111111111110100111 ;
b110010 :
b10000000001010100 9
1%
#16090000
0%
#16095000
b1000 6
b110100111 ;
b111111111000110010 :
1%
#16100000
0%
#16105000
b1001 6
b10100111 ;
b111111111100110010 :
b10000000001010110 9
1%
#16110000
0%
#16115000
b1010 6
b100111 ;
b111111111110110010 :
b10000000001010111 9
1%
#16120000
0%
#16125000
b1011 6
b111111111111100111 ;
b111111111111110010 :
b10000000001011000 9
1%
#16130000
0%
#16135000
b1100 6
b111 ;
b111111111111010010 :
b10000000001010111 9
1%
#16140000
0%
#16145000
b1101 6
b111111111111110111 ;
b111111111111100010 :
b10000000001011000 9
1%
#16150000
0%
#16155000
b1110 6
b111111111111111111 ;
b111111111111011010 :
b10000000001010111 9
1%
#16160000
0%
#16165000
07
1"
b111111111111011010 !
b111111111111011010 8
b10000000001010111 #
b10000000001010111 5
1%
#16170000
1+
b1111011000 (
b1111111111111000 '
r0.01502934136167816 /
r0.9998870530706127 -
r0.0150299072265625 .
b1111011001 $
b1111011001 4
b1111011001 ,
b1110 *
b11 3
b111111111111011010 1
b111111111111010101 2
0%
#16175000
0"
17
b0 6
b1111011001 ;
b0 :
b1001101110101001 9
1%
#16180000
0%
0+
#16185000
b1 6
b110011101011001010 ;
b1001101110101001 :
1%
#16190000
0%
#16195000
b10 6
b111011000101111011 ;
b100110111010101 :
b1110100101111101 9
1%
#16200000
0%
#16205000
b11 6
b111111000000110001 ;
b1001101110110 :
b1111110011110010 9
1%
#16210000
0%
#16215000
b100 6
b1000000000010 ;
b111111001111011000 :
b1111111101100000 9
1%
#16220000
0%
#16225000
b101 6
b1000 ;
b1111001110 :
b10000000000100011 9
1%
#16230000
0%
#16235000
b110 6
b111111100000001011 ;
b101111001111 :
b10000000000000101 9
1%
#16240000
0%
#16245000
b111 6
b111111110000001010 ;
b11111001111 :
b10000000000110100 9
1%
#16250000
0%
#16255000
b1000 6
b111111111000001010 ;
b10111001111 :
b10000000001000011 9
1%
#16260000
0%
#16265000
b1001 6
b111111111100001010 ;
b10011001111 :
b10000000001001000 9
1%
#16270000
0%
#16275000
b1010 6
b111111111110001010 ;
b10001001111 :
b10000000001001010 9
1%
#16280000
0%
#16285000
b1011 6
b111111111111001010 ;
b10000001111 :
b10000000001001011 9
1%
#16290000
0%
#16295000
b1100 6
b111111111111101010 ;
b1111101111 :
1%
#16300000
0%
#16305000
b1101 6
b111111111111111010 ;
b1111011111 :
1%
#16310000
0%
#16315000
b1110 6
b10 ;
b1111010111 :
1%
#16320000
0%
#16325000
07
1"
b1111010111 !
b1111010111 8
b10000000001001011 #
b10000000001001011 5
1%
#16330000
1+
b11111011101 (
b1111111111100001 '
r0.03072636427476916 /
r0.9995278337987663 -
r0.030731201171875 .
b11111011110 $
b11111011110 4
b11111011110 ,
b11 3
b1111010111 1
b1111011000 2
0%
#16335000
0"
17
b0 6
b11111011110 ;
b0 :
b1001101110101001 9
1%
#16340000
0%
0+
#16345000
b1 6
b110011111011001111 ;
b1001101110101001 :
1%
#16350000
0%
#16355000
b10 6
b111011010110000000 ;
b100110111010101 :
b1110100101111101 9
1%
#16360000
0%
#16365000
b11 6
b111111010000110110 ;
b1001101110110 :
b1111110011110010 9
1%
#16370000
0%
#16375000
b100 6
b1010000000111 ;
b111111001111011000 :
b1111111101100000 9
1%
#16380000
0%
#16385000
b101 6
b10000001101 ;
b1111001110 :
b10000000000100011 9
1%
#16390000
0%
#16395000
b110 6
b111111110000010000 ;
b101111001111 :
b10000000000000101 9
1%
#16400000
0%
#16405000
b111 6
b1111 ;
b11111001111 :
b10000000000110100 9
1%
#16410000
0%
#16415000
b1000 6
b111111111000001111 ;
b100111001111 :
b10000000000100101 9
1%
#16420000
0%
#16425000
b1001 6
b111111111100001111 ;
b100011001111 :
b10000000000101110 9
1%
#16430000
0%
#16435000
b1010 6
b111111111110001111 ;
b100001001111 :
b10000000000110010 9
1%
#16440000
0%
#16445000
b1011 6
b111111111111001111 ;
b100000001111 :
b10000000000110100 9
1%
#16450000
0%
#16455000
b1100 6
b111111111111101111 ;
b11111101111 :
b10000000000110101 9
1%
#16460000
0%
#16465000
b1101 6
b111111111111111111 ;
b11111011111 :
1%
#16470000
0%
#16475000
b1110 6
b111 ;
b11111010111 :
1%
#16480000
0%
#16485000
07
1"
b11111010111 !
b11111010111 8
b10000000000110101 #
b10000000000110101 5
1%
#16490000
1+
b101111100001 (
b1111111110111001 '
r0.04641581235349102 /
r0.998922205361141 -
r0.0464324951171875 .
b101111100011 $
b101111100011 4
b101111100011 ,
b11 3
b11111010111 1
b11111011101 2
0%
#16495000
0"
17
b0 6
b101111100011 ;
b0 :
b1001101110101001 9
1%
#16500000
0%
0+
#16505000
b1 6
b110100001011010100 ;
b1001101110101001 :
1%
#16510000
0%
#16515000
b10 6
b111011100110000101 ;
b100110111010101 :
b1110100101111101 9
1%
#16520000
0%
#16525000
b11 6
b111111100000111011 ;
b1001101110110 :
b1111110011110010 9
1%
#16530000
0%
#16535000
b100 6
b1100000001100 ;
b111111001111011000 :
b1111111101100000 9
1%
#16540000
0%
#16545000
b101 6
b100000010010 ;
b1111001110 :
b10000000000100011 9
1%
#16550000
0%
#16555000
b110 6
b10101 ;
b101111001111 :
b10000000000000101 9
1%
#16560000
0%
#16565000
b111 6
b111111110000010110 ;
b111111001111 :
b1111111111010110 9
1%
#16570000
0%
#16575000
b1000 6
b111111111000010110 ;
b110111010000 :
b1111111111110101 9
1%
#16580000
0%
#16585000
b1001 6
b111111111100010110 ;
b110011010001 :
b10000000000000010 9
1%
#16590000
0%
#16595000
b1010 6
b111111111110010110 ;
b110001010001 :
b10000000000001000 9
1%
#16600000
0%
#16605000
b1011 6
b111111111111010110 ;
b110000010001 :
b10000000000001011 9
1%
#16610000
0%
#16615000
b1100 6
b111111111111110110 ;
b101111110001 :
b10000000000001100 9
1%
#16620000
0%
#16625000
b1101 6
b110 ;
b101111100001 :
1%
#16630000
0%
#16635000
b1110 6
b111111111111111110 ;
b101111101001 :
1%
#16640000
0%
#16645000
07
1"
b101111101001 !
b101111101001 8
b10000000000001100 #
b10000000000001100 5
1%
#16650000
1+
b111111100101 (
b1111111110000001 '
r0.06209381774776306 /
r0.9980703170606305 -
r0.0621337890625 .
b111111101000 $
b111111101000 4
b111111101000 ,
b11 3
b101111101001 1
b101111100001 2
0%
#16655000
0"
17
b0 6
b111111101000 ;
b0 :
b1001101110101001 9
1%
#16660000
0%
0+
#16665000
b1 6
b110100011011011001 ;
b1001101110101001 :
1%
#16670000
0%
#16675000
b10 6
b111011110110001010 ;
b100110111010101 :
b1110100101111101 9
1%
#16680000
0%
#16685000
b11 6
b111111110001000000 ;
b1001101110110 :
b1111110011110010 9
1%
#16690000
0%
#16695000
b100 6
b1110000010001 ;
b111111001111011000 :
b1111111101100000 9
1%
#16700000
0%
#16705000
b101 6
b110000010111 ;
b1111001110 :
b10000000000100011 9
1%
#16710000
0%
#16715000
b110 6
b10000011010 ;
b101111001111 :
b10000000000000101 9
1%
#16720000
0%
#16725000
b111 6
b11011 ;
b111111001111 :
b1111111111010110 9
1%
#16730000
0%
#16735000
b1000 6
b111111111000011011 ;
b1000111001110 :
b1111111110110111 9
1%
#16740000
0%
#16745000
b1001 6
b111111111100011011 ;
b1000011001111 :
b1111111111001000 9
1%
#16750000
0%
#16755000
b1010 6
b111111111110011011 ;
b1000001010000 :
b1111111111010000 9
1%
#16760000
0%
#16765000
b1011 6
b111111111111011011 ;
b1000000010001 :
b1111111111010100 9
1%
#16770000
0%
#16775000
b1100 6
b111111111111111011 ;
b111111110010 :
b1111111111010110 9
1%
#16780000
0%
#16785000
b1101 6
b1011 ;
b111111100011 :
1%
#16790000
0%
#16795000
b1110 6
b11 ;
b111111101010 :
1%
#16800000
0%
#16805000
07
1"
b111111101010 !
b111111101010 8
b1111111111010110 #
b1111111111010110 5
1%
#16810000
1+
b1001111100111 (
b1111111100111001 '
r0.07775651542841884 /
r0.9969723789094812 -
r0.0778350830078125 .
b1001111101101 $
b1001111101101 4
b1001111101101 ,
b1011 &
b11 3
b111111101010 1
b111111100101 2
0%
#16815000
0"
17
b0 6
b1001111101101 ;
b0 :
b1001101110101001 9
1%
#16820000
0%
0+
#16825000
b1 6
b110100101011011110 ;
b1001101110101001 :
1%
#16830000
0%
#16835000
b10 6
b111100000110001111 ;
b100110111010101 :
b1110100101111101 9
1%
#16840000
0%
#16845000
b11 6
b1000101 ;
b1001101110110 :
b1111110011110010 9
1%
#16850000
0%
#16855000
b100 6
b111110000001110100 ;
b11001100010100 :
b1111101010000100 9
1%
#16860000
0%
#16865000
b101 6
b111111000001101110 ;
b10001101101100 :
b1111110110110101 9
1%
#16870000
0%
#16875000
b110 6
b111111100001101011 ;
b1101101111111 :
b1111111011010000 9
1%
#16880000
0%
#16885000
b111 6
b111111110001101010 ;
b1011110000100 :
b1111111100111101 9
1%
#16890000
0%
#16895000
b1000 6
b111111111001101010 ;
b1010110000110 :
b1111111101101100 9
1%
#16900000
0%
#16905000
b1001 6
b111111111101101010 ;
b1010010000111 :
b1111111110000001 9
1%
#16910000
0%
#16915000
b1010 6
b111111111111101010 ;
b1010000001000 :
b1111111110001011 9
1%
#16920000
0%
#16925000
b1011 6
b101010 ;
b1001111001001 :
b1111111110010000 9
1%
#16930000
0%
#16935000
b1100 6
b1010 ;
b1001111101000 :
b1111111110001110 9
1%
#16940000
0%
#16945000
b1101 6
b111111111111111010 ;
b1001111110111 :
b1111111110001101 9
1%
#16950000
0%
#16955000
b1110 6
b10 ;
b1001111110000 :
1%
#16960000
0%
#16965000
07
1"
b1001111110000 !
b1001111110000 8
b1111111110001101 #
b1111111110001101 5
1%
#16970000
1+
b1011111101001 (
b1111111011100001 '
r0.09340004414003475 /
r0.9956286615775178 -
r0.093536376953125 .
b1011111110010 $
b1011111110010 4
b1011111110010 ,
b1101 *
b1010 &
b100 3
b1001111110000 1
b1001111100111 2
0%
#16975000
0"
17
b0 6
b1011111110010 ;
b0 :
b1001101110101001 9
1%
#16980000
0%
0+
#16985000
b1 6
b110100111011100011 ;
b1001101110101001 :
1%
#16990000
0%
#16995000
b10 6
b111100010110010100 ;
b100110111010101 :
b1110100101111101 9
1%
#17000000
0%
#17005000
b11 6
b10001001010 ;
b1001101110110 :
b1111110011110010 9
1%
#17010000
0%
#17015000
b100 6
b111110010001111001 ;
b11001100010100 :
b1111101010000100 9
1%
#17020000
0%
#17025000
b101 6
b111111010001110011 ;
b10001101101100 :
b1111110110110101 9
1%
#17030000
0%
#17035000
b110 6
b111111110001110000 ;
b1101101111111 :
b1111111011010000 9
1%
#17040000
0%
#17045000
b111 6
b1101111 ;
b1011110000100 :
b1111111100111101 9
1%
#17050000
0%
#17055000
b1000 6
b111111111001101111 ;
b1100110000010 :
b1111111100001110 9
1%
#17060000
0%
#17065000
b1001 6
b111111111101101111 ;
b1100010000011 :
b1111111100100111 9
1%
#17070000
0%
#17075000
b1010 6
b111111111111101111 ;
b1100000000100 :
b1111111100110011 9
1%
#17080000
0%
#17085000
b1011 6
b101111 ;
b1011111000101 :
b1111111100111001 9
1%
#17090000
0%
#17095000
b1100 6
b1111 ;
b1011111100100 :
b1111111100110111 9
1%
#17100000
0%
#17105000
b1101 6
b111111111111111111 ;
b1011111110011 :
b1111111100110110 9
1%
#17110000
0%
#17115000
b1110 6
b111 ;
b1011111101100 :
1%
#17120000
0%
#17125000
07
1"
b1011111101100 !
b1011111101100 8
b1111111100110110 #
b1111111100110110 5
1%
#17130000
1+
b1101111101000 (
b1111111001111001 '
r0.1090205473528281 /
r0.9940394963254175 -
r0.1092376708984375 .
b1101111110111 $
b1101111110111 4
b1101111110111 ,
b1111 *
b1001 &
b10 3
b1011111101100 1
b1011111101001 2
0%
#17135000
0"
17
b0 6
b1101111110111 ;
b0 :
b1001101110101001 9
1%
#17140000
0%
0+
#17145000
b1 6
b110101001011101000 ;
b1001101110101001 :
1%
#17150000
0%
#17155000
b10 6
b111100100110011001 ;
b100110111010101 :
b1110100101111101 9
1%
#17160000
0%
#17165000
b11 6
b100001001111 ;
b1001101110110 :
b1111110011110010 9
1%
#17170000
0%
#17175000
b100 6
b111110100001111110 ;
b11001100010100 :
b1111101010000100 9
1%
#17180000
0%
#17185000
b101 6
b111111100001111000 ;
b10001101101100 :
b1111110110110101 9
1%
#17190000
0%
#17195000
b110 6
b1110101 ;
b1101101111111 :
b1111111011010000 9
1%
#17200000
0%
#17205000
b111 6
b111111110001110110 ;
b1111101111010 :
b1111111001100011 9
1%
#17210000
0%
#17215000
b1000 6
b111111111001110110 ;
b1110101111110 :
b1111111010100001 9
1%
#17220000
0%
#17225000
b1001 6
b111111111101110110 ;
b1110010000000 :
b1111111010111110 9
1%
#17230000
0%
#17235000
b1010 6
b111111111111110110 ;
b1110000000001 :
b1111111011001100 9
1%
#17240000
0%
#17245000
b1011 6
b110110 ;
b1101111000010 :
b1111111011010011 9
1%
#17250000
0%
#17255000
b1100 6
b10110 ;
b1101111100001 :
b1111111011010000 9
1%
#17260000
0%
#17265000
b1101 6
b110 ;
b1101111110000 :
b1111111011001111 9
1%
#17270000
0%
#17275000
b1110 6
b111111111111111110 ;
b1101111110111 :
1%
#17280000
0%
#17285000
07
1"
b1101111110111 !
b1101111110111 8
b1111111011001111 #
b1111111011001111 5
1%
#17290000
1+
b1111111100110 (
b1111111000000001 '
r0.1246141742133903 /
r0.9922052749230448 -
r0.12493896484375 .
b1111111111100 $
b1111111111100 4
b1111111111100 ,
b1101 *
b1010 &
b100 3
b1101111110111 1
b1101111101000 2
0%
#17295000
0"
17
b0 6
b1111111111100 ;
b0 :
b1001101110101001 9
1%
#17300000
0%
0+
#17305000
b1 6
b110101011011101101 ;
b1001101110101001 :
1%
#17310000
0%
#17315000
b10 6
b111100110110011110 ;
b100110111010101 :
b1110100101111101 9
1%
#17320000
0%
#17325000
b11 6
b110001010100 ;
b1001101110110 :
b1111110011110010 9
1%
#17330000
0%
#17335000
b100 6
b111110110010000011 ;
b11001100010100 :
b1111101010000100 9
1%
#17340000
0%
#17345000
b101 6
b111111110001111101 ;
b10001101101100 :
b1111110110110101 9
1%
#17350000
0%
#17355000
b110 6
b10001111010 ;
b1101101111111 :
b1111111011010000 9
1%
#17360000
0%
#17365000
b111 6
b1111011 ;
b1111101111010 :
b1111111001100011 9
1%
#17370000
0%
#17375000
b1000 6
b111111111001111011 ;
b10000101110110 :
b1111111000100101 9
1%
#17380000
0%
#17385000
b1001 6
b111111111101111011 ;
b10000001111000 :
b1111111001000110 9
1%
#17390000
0%
#17395000
b1010 6
b111111111111111011 ;
b1111111111001 :
b1111111001010110 9
1%
#17400000
0%
#17405000
b1011 6
b111011 ;
b1111110111010 :
b1111111001011101 9
1%
#17410000
0%
#17415000
b1100 6
b11011 ;
b1111111011001 :
b1111111001011010 9
1%
#17420000
0%
#17425000
b1101 6
b1011 ;
b1111111101000 :
b1111111001011001 9
1%
#17430000
0%
#17435000
b1110 6
b11 ;
b1111111101111 :
1%
#17440000
0%
#17445000
07
1"
b1111111101111 !
b1111111101111 8
b1111111001011001 #
b1111111001011001 5
1%
#17450000
1+
b10001111100010 (
b1111110101111000 '
r0.1401770804940208 /
r0.9901264495528704 -
r0.1406402587890625 .
b10010000000001 $
b10010000000001 4
b10010000000001 ,
b1110 *
b1011 &
b11 3
b1111111101111 1
b1111111100110 2
0%
#17455000
0"
17
b0 6
b10010000000001 ;
b0 :
b1001101110101001 9
1%
#17460000
0%
0+
#17465000
b1 6
b110101101011110010 ;
b1001101110101001 :
1%
#17470000
0%
#17475000
b10 6
b111101000110100011 ;
b100110111010101 :
b1110100101111101 9
1%
#17480000
0%
#17485000
b11 6
b1000001011001 ;
b1001101110110 :
b1111110011110010 9
1%
#17490000
0%
#17495000
b100 6
b111111000010001000 ;
b11001100010100 :
b1111101010000100 9
1%
#17500000
0%
#17505000
b101 6
b10000010 ;
b10001101101100 :
b1111110110110101 9
1%
#17510000
0%
#17515000
b110 6
b111111100010000101 ;
b10101101011001 :
b1111110010011010 9
1%
#17520000
0%
#17525000
b111 6
b111111110010000100 ;
b10011101100111 :
b1111110101000111 9
1%
#17530000
0%
#17535000
b1000 6
b111111111010000100 ;
b10010101101101 :
b1111110110010101 9
1%
#17540000
0%
#17545000
b1001 6
b111111111110000100 ;
b10010001110000 :
b1111110110111010 9
1%
#17550000
0%
#17555000
b1010 6
b100 ;
b10001111110010 :
b1111110111001100 9
1%
#17560000
0%
#17565000
b1011 6
b111111111111000100 ;
b10010000110001 :
b1111110111000100 9
1%
#17570000
0%
#17575000
b1100 6
b111111111111100100 ;
b10010000010010 :
b1111110111001000 9
1%
#17580000
0%
#17585000
b1101 6
b111111111111110100 ;
b10010000000011 :
b1111110111001010 9
1%
#17590000
0%
#17595000
b1110 6
b111111111111111100 ;
b10001111111100 :
b1111110111001011 9
1%
#17600000
0%
#17605000
07
1"
b10001111111100 !
b10001111111100 8
b1111110111001011 #
b1111110111001011 5
1%
#17610000
1+
b10011111011100 (
b1111110011100000 '
r0.1557054295404275 /
r0.9878035326984972 -
r0.156341552734375 .
b10100000000110 $
b10100000000110 4
b10100000000110 ,
b1101 *
b1010 &
b100 3
b10001111111100 1
b10001111100010 2
0%
#17615000
0"
17
b0 6
b10100000000110 ;
b0 :
b1001101110101001 9
1%
#17620000
0%
0+
#17625000
b1 6
b110101111011110111 ;
b1001101110101001 :
1%
#17630000
0%
#17635000
b10 6
b111101010110101000 ;
b100110111010101 :
b1110100101111101 9
1%
#17640000
0%
#17645000
b11 6
b1010001011110 ;
b1001101110110 :
b1111110011110010 9
1%
#17650000
0%
#17655000
b100 6
b111111010010001101 ;
b11001100010100 :
b1111101010000100 9
1%
#17660000
0%
#17665000
b101 6
b10010000111 ;
b10001101101100 :
b1111110110110101 9
1%
#17670000
0%
#17675000
b110 6
b111111110010001010 ;
b10101101011001 :
b1111110010011010 9
1%
#17680000
0%
#17685000
b111 6
b10001001 ;
b10011101100111 :
b1111110101000111 9
1%
#17690000
0%
#17695000
b1000 6
b111111111010001001 ;
b10100101100001 :
b1111110011111001 9
1%
#17700000
0%
#17705000
b1001 6
b111111111110001001 ;
b10100001100101 :
b1111110100100010 9
1%
#17710000
0%
#17715000
b1010 6
b1001 ;
b10011111100111 :
b1111110100110110 9
1%
#17720000
0%
#17725000
b1011 6
b111111111111001001 ;
b10100000100110 :
b1111110100101101 9
1%
#17730000
0%
#17735000
b1100 6
b111111111111101001 ;
b10100000000111 :
b1111110100110010 9
1%
#17740000
0%
#17745000
b1101 6
b111111111111111001 ;
b10011111111000 :
b1111110100110100 9
1%
#17750000
0%
#17755000
b1110 6
b1 ;
b10011111110001 :
b1111110100110101 9
1%
#17760000
0%
#17765000
07
1"
b10011111110001 !
b10011111110001 8
b1111110100110101 #
b1111110100110101 5
1%
#17770000
1+
b10101111010011 (
b1111110000111000 '
r0.1711953932175598 /
r0.9852370970183193 -
r0.1720428466796875 .
b10110000001011 $
b10110000001011 4
b10110000001011 ,
b1100 *
b1001 &
b101 3
b10011111110001 1
b10011111011100 2
0%
#17775000
0"
17
b0 6
b10110000001011 ;
b0 :
b1001101110101001 9
1%
#17780000
0%
0+
#17785000
b1 6
b110110001011111100 ;
b1001101110101001 :
1%
#17790000
0%
#17795000
b10 6
b111101100110101101 ;
b100110111010101 :
b1110100101111101 9
1%
#17800000
0%
#17805000
b11 6
b1100001100011 ;
b1001101110110 :
b1111110011110010 9
1%
#17810000
0%
#17815000
b100 6
b111111100010010010 ;
b11001100010100 :
b1111101010000100 9
1%
#17820000
0%
#17825000
b101 6
b100010001100 ;
b10001101101100 :
b1111110110110101 9
1%
#17830000
0%
#17835000
b110 6
b10001111 ;
b10101101011001 :
b1111110010011010 9
1%
#17840000
0%
#17845000
b111 6
b111111110010010000 ;
b10111101001011 :
b1111101111101101 9
1%
#17850000
0%
#17855000
b1000 6
b111111111010010000 ;
b10110101010100 :
b1111110001001011 9
1%
#17860000
0%
#17865000
b1001 6
b111111111110010000 ;
b10110001011000 :
b1111110001111000 9
1%
#17870000
0%
#17875000
b1010 6
b10000 ;
b10101111011010 :
b1111110010001110 9
1%
#17880000
0%
#17885000
b1011 6
b111111111111010000 ;
b10110000011001 :
b1111110010000100 9
1%
#17890000
0%
#17895000
b1100 6
b111111111111110000 ;
b10101111111010 :
b1111110010001001 9
1%
#17900000
0%
#17905000
b1101 6
b0 ;
b10101111101011 :
b1111110010001011 9
1%
#17910000
0%
#17915000
b1110 6
b111111111111111000 ;
b10101111110010 :
b1111110010001010 9
1%
#17920000
0%
#17925000
07
1"
b10101111110010 !
b10101111110010 8
b1111110010001010 #
b1111110010001010 5
1%
#17930000
1+
b10111111000111 (
b1111101110000000 '
r0.1866431528533423 /
r0.9824277752043474 -
r0.187744140625 .
b11000000010000 $
b11000000010000 4
b11000000010000 ,
b1010 &
b101 3
b10101111110010 1
b10101111010011 2
0%
#17935000
0"
17
b0 6
b11000000010000 ;
b0 :
b1001101110101001 9
1%
#17940000
0%
0+
#17945000
b1 6
b110110011100000001 ;
b1001101110101001 :
1%
#17950000
0%
#17955000
b10 6
b111101110110110010 ;
b100110111010101 :
b1110100101111101 9
1%
#17960000
0%
#17965000
b11 6
b1110001101000 ;
b1001101110110 :
b1111110011110010 9
1%
#17970000
0%
#17975000
b100 6
b111111110010010111 ;
b11001100010100 :
b1111101010000100 9
1%
#17980000
0%
#17985000
b101 6
b110010010001 ;
b10001101101100 :
b1111110110110101 9
1%
#17990000
0%
#17995000
b110 6
b10010010100 ;
b10101101011001 :
b1111110010011010 9
1%
#18000000
0%
#18005000
b111 6
b10010101 ;
b10111101001011 :
b1111101111101101 9
1%
#18010000
0%
#18015000
b1000 6
b111111111010010101 ;
b11000101000010 :
b1111101110001111 9
1%
#18020000
0%
#18025000
b1001 6
b111111111110010101 ;
b11000001000111 :
b1111101111000000 9
1%
#18030000
0%
#18035000
b1010 6
b10101 ;
b10111111001010 :
b1111101111011000 9
1%
#18040000
0%
#18045000
b1011 6
b111111111111010101 ;
b11000000001000 :
b1111101111001101 9
1%
#18050000
0%
#18055000
b1100 6
b111111111111110101 ;
b10111111101001 :
b1111101111010011 9
1%
#18060000
0%
#18065000
b1101 6
b101 ;
b10111111011010 :
b1111101111010101 9
1%
#18070000
0%
#18075000
b1110 6
b111111111111111101 ;
b10111111100001 :
b1111101111010100 9
1%
#18080000
0%
#18085000
07
1"
b10111111100001 !
b10111111100001 8
b1111101111010100 #
b1111101111010100 5
1%
#18090000
1+
b11001110111001 (
b1111101010111000 '
r0.2020449001800747 /
r0.9793762598262343 -
r0.2034454345703125 .
b11010000010101 $
b11010000010101 4
b11010000010101 ,
b1011 &
b101 3
b10111111100001 1
b10111111000111 2
0%
#18095000
0"
17
b0 6
b11010000010101 ;
b0 :
b1001101110101001 9
1%
#18100000
0%
0+
#18105000
b1 6
b110110101100000110 ;
b1001101110101001 :
1%
#18110000
0%
#18115000
b10 6
b111110000110110111 ;
b100110111010101 :
b1110100101111101 9
1%
#18120000
0%
#18125000
b11 6
b10000001101101 ;
b1001101110110 :
b1111110011110010 9
1%
#18130000
0%
#18135000
b100 6
b10011100 ;
b11001100010100 :
b1111101010000100 9
1%
#18140000
0%
#18145000
b101 6
b111111000010100010 ;
b100001010111100 :
b1111011101010011 9
1%
#18150000
0%
#18155000
b110 6
b111111100010011111 ;
b11101100000010 :
b1111100101101000 9
1%
#18160000
0%
#18165000
b111 6
b111111110010011110 ;
b11011100011101 :
b1111101001010100 9
1%
#18170000
0%
#18175000
b1000 6
b111111111010011110 ;
b11010100101001 :
b1111101011000010 9
1%
#18180000
0%
#18185000
b1001 6
b111111111110011110 ;
b11010000101111 :
b1111101011110111 9
1%
#18190000
0%
#18195000
b1010 6
b11110 ;
b11001110110010 :
b1111101100010001 9
1%
#18200000
0%
#18205000
b1011 6
b111111111111011110 ;
b11001111110000 :
b1111101100000101 9
1%
#18210000
0%
#18215000
b1100 6
b111111111111111110 ;
b11001111010001 :
b1111101100001011 9
1%
#18220000
0%
#18225000
b1101 6
b1110 ;
b11001111000010 :
b1111101100001110 9
1%
#18230000
0%
#18235000
b1110 6
b110 ;
b11001111001001 :
b1111101100001101 9
1%
#18240000
0%
#18245000
07
1"
b11001111001001 !
b11001111001001 8
b1111101100001101 #
b1111101100001101 5
1%
#18250000
1+
b11011110100111 (
b1111100111100000 '
r0.2173968382732673 /
r0.976083303160538 -
r0.219146728515625 .
b11100000011010 $
b11100000011010 4
b11100000011010 ,
b1011 *
b1001 &
b110 3
b11001111001001 1
b11001110111001 2
0%
#18255000
0"
17
b0 6
b11100000011010 ;
b0 :
b1001101110101001 9
1%
#18260000
0%
0+
#18265000
b1 6
b110110111100001011 ;
b1001101110101001 :
1%
#18270000
0%
#18275000
b10 6
b111110010110111100 ;
b100110111010101 :
b1110100101111101 9
1%
#18280000
0%
#18285000
b11 6
b10010001110010 ;
b1001101110110 :
b1111110011110010 9
1%
#18290000
0%
#18295000
b100 6
b10010100001 ;
b11001100010100 :
b1111101010000100 9
1%
#18300000
0%
#18305000
b101 6
b111111010010100111 ;
b100001010111100 :
b1111011101010011 9
1%
#18310000
0%
#18315000
b110 6
b111111110010100100 ;
b11101100000010 :
b1111100101101000 9
1%
#18320000
0%
#18325000
b111 6
b10100011 ;
b11011100011101 :
b1111101001010100 9
1%
#18330000
0%
#18335000
b1000 6
b111111111010100011 ;
b11100100010001 :
b1111100111100110 9
1%
#18340000
0%
#18345000
b1001 6
b111111111110100011 ;
b11100000011000 :
b1111101000011111 9
1%
#18350000
0%
#18355000
b1010 6
b100011 ;
b11011110011011 :
b1111101000111011 9
1%
#18360000
0%
#18365000
b1011 6
b111111111111100011 ;
b11011111011001 :
b1111101000101110 9
1%
#18370000
0%
#18375000
b1100 6
b11 ;
b11011110111010 :
b1111101000110100 9
1%
#18380000
0%
#18385000
b1101 6
b111111111111110011 ;
b11011111001001 :
b1111101000110001 9
1%
#18390000
0%
#18395000
b1110 6
b111111111111111011 ;
b11011111000010 :
b1111101000110010 9
1%
#18400000
0%
#18405000
07
1"
b11011111000010 !
b11011111000010 8
b1111101000110010 #
b1111101000110010 5
1%
#18410000
1+
b11101110010001 (
b1111100011111001 '
r0.2326951824876797 /
r0.9725497170052673 -
r0.2348480224609375 .
b11110000011111 $
b11110000011111 4
b11110000011111 ,
b1000 &
b110 3
b11011111000010 1
b11011110100111 2
0%
#18415000
0"
17
b0 6
b11110000011111 ;
b0 :
b1001101110101001 9
1%
#18420000
0%
0+
#18425000
b1 6
b110111001100010000 ;
b1001101110101001 :
1%
#18430000
0%
#18435000
b10 6
b111110100111000001 ;
b100110111010101 :
b1110100101111101 9
1%
#18440000
0%
#18445000
b11 6
b10100001110111 ;
b1001101110110 :
b1111110011110010 9
1%
#18450000
0%
#18455000
b100 6
b100010100110 ;
b11001100010100 :
b1111101010000100 9
1%
#18460000
0%
#18465000
b101 6
b111111100010101100 ;
b100001010111100 :
b1111011101010011 9
1%
#18470000
0%
#18475000
b110 6
b10101001 ;
b11101100000010 :
b1111100101101000 9
1%
#18480000
0%
#18485000
b111 6
b111111110010101010 ;
b11111011100111 :
b1111100001111100 9
1%
#18490000
0%
#18495000
b1000 6
b111111111010101010 ;
b11110011110111 :
b1111100011111001 9
1%
#18500000
0%
#18505000
b1001 6
b111111111110101010 ;
b11101111111111 :
b1111100100110101 9
1%
#18510000
0%
#18515000
b1010 6
b101010 ;
b11101110000011 :
b1111100101010010 9
1%
#18520000
0%
#18525000
b1011 6
b111111111111101010 ;
b11101111000001 :
b1111100101000100 9
1%
#18530000
0%
#18535000
b1100 6
b1010 ;
b11101110100010 :
b1111100101001011 9
1%
#18540000
0%
#18545000
b1101 6
b111111111111111010 ;
b11101110110001 :
b1111100101001000 9
1%
#18550000
0%
#18555000
b1110 6
b10 ;
b11101110101010 :
b1111100101001001 9
1%
#18560000
0%
#18565000
07
1"
b11101110101010 !
b11101110101010 8
b1111100101001001 #
b1111100101001001 5
1%
#18570000
1+
b11111101111000 (
b1111100000000001 '
r0.2479361613903333 /
r0.9687763724797517 -
r0.25054931640625 .
b100000000100100 $
b100000000100100 4
b100000000100100 ,
b1100 *
b1001 &
b101 3
b11101110101010 1
b11101110010001 2
0%
#18575000
0"
17
b0 6
b100000000100100 ;
b0 :
b1001101110101001 9
1%
#18580000
0%
0+
#18585000
b1 6
b110111011100010101 ;
b1001101110101001 :
1%
#18590000
0%
#18595000
b10 6
b111110110111000110 ;
b100110111010101 :
b1110100101111101 9
1%
#18600000
0%
#18605000
b11 6
b10110001111100 ;
b1001101110110 :
b1111110011110010 9
1%
#18610000
0%
#18615000
b100 6
b110010101011 ;
b11001100010100 :
b1111101010000100 9
1%
#18620000
0%
#18625000
b101 6
b111111110010110001 ;
b100001010111100 :
b1111011101010011 9
1%
#18630000
0%
#18635000
b110 6
b10010101110 ;
b11101100000010 :
b1111100101101000 9
1%
#18640000
0%
#18645000
b111 6
b10101111 ;
b11111011100111 :
b1111100001111100 9
1%
#18650000
0%
#18655000
b1000 6
b111111111010101111 ;
b100000011010111 :
b1111011111111111 9
1%
#18660000
0%
#18665000
b1001 6
b111111111110101111 ;
b11111111100000 :
b1111100000111111 9
1%
#18670000
0%
#18675000
b1010 6
b101111 ;
b11111101100100 :
b1111100001011110 9
1%
#18680000
0%
#18685000
b1011 6
b111111111111101111 ;
b11111110100010 :
b1111100001001111 9
1%
#18690000
0%
#18695000
b1100 6
b1111 ;
b11111110000011 :
b1111100001010110 9
1%
#18700000
0%
#18705000
b1101 6
b111111111111111111 ;
b11111110010010 :
b1111100001010011 9
1%
#18710000
0%
#18715000
b1110 6
b111 ;
b11111110001011 :
b1111100001010100 9
1%
#18720000
0%
#18725000
07
1"
b11111110001011 !
b11111110001011 8
b1111100001010100 #
b1111100001010100 5
1%
#18730000
1+
b100001101011011 (
b1111011011111010 '
r0.2631160176902651 /
r0.9647641998098894 -
r0.2662506103515625 .
b100010000101001 $
b100010000101001 4
b100010000101001 ,
b1010 *
b1011 &
b111 3
b11111110001011 1
b11111101111000 2
0%
#18735000
0"
17
b0 6
b100010000101001 ;
b0 :
b1001101110101001 9
1%
#18740000
0%
0+
#18745000
b1 6
b110111101100011010 ;
b1001101110101001 :
1%
#18750000
0%
#18755000
b10 6
b111111000111001011 ;
b100110111010101 :
b1110100101111101 9
1%
#18760000
0%
#18765000
b11 6
b11000010000001 ;
b1001101110110 :
b1111110011110010 9
1%
#18770000
0%
#18775000
b100 6
b1000010110000 ;
b11001100010100 :
b1111101010000100 9
1%
#18780000
0%
#18785000
b101 6
b10110110 ;
b100001010111100 :
b1111011101010011 9
1%
#18790000
0%
#18795000
b110 6
b111111100010111001 ;
b100101001110110 :
b1111010100111110 9
1%
#18800000
0%
#18805000
b111 6
b111111110010111000 ;
b100011010100010 :
b1111011001100111 9
1%
#18810000
0%
#18815000
b1000 6
b111111111010111000 ;
b100010010110110 :
b1111011011110100 9
1%
#18820000
0%
#18825000
b1001 6
b111111111110111000 ;
b100001111000000 :
b1111011100111000 9
1%
#18830000
0%
#18835000
b1010 6
b111000 ;
b100001101000101 :
b1111011101011001 9
1%
#18840000
0%
#18845000
b1011 6
b111111111111111000 ;
b100001110000010 :
b1111011101001001 9
1%
#18850000
0%
#18855000
b1100 6
b11000 ;
b100001101100100 :
b1111011101010001 9
1%
#18860000
0%
#18865000
b1101 6
b1000 ;
b100001101110011 :
b1111011101001101 9
1%
#18870000
0%
#18875000
b1110 6
b0 ;
b100001101111010 :
b1111011101001011 9
1%
#18880000
0%
#18885000
07
1"
b100001101111010 !
b100001101111010 8
b1111011101001011 #
b1111011101001011 5
1%
#18890000
1+
b100011100111010 (
b1111010111100100 '
r0.2782310091647966 /
r0.9605141880988218 -
r0.281951904296875 .
b100100000101110 $
b100100000101110 4
b100100000101110 ,
b1100 *
b1001 &
b101 3
b100001101111010 1
b100001101011011 2
0%
#18895000
0"
17
b0 6
b100100000101110 ;
b0 :
b1001101110101001 9
1%
#18900000
0%
0+
#18905000
b1 6
b110111111100011111 ;
b1001101110101001 :
1%
#18910000
0%
#18915000
b10 6
b111111010111010000 ;
b100110111010101 :
b1110100101111101 9
1%
#18920000
0%
#18925000
b11 6
b11010010000110 ;
b1001101110110 :
b1111110011110010 9
1%
#18930000
0%
#18935000
b100 6
b1010010110101 ;
b11001100010100 :
b1111101010000100 9
1%
#18940000
0%
#18945000
b101 6
b10010111011 ;
b100001010111100 :
b1111011101010011 9
1%
#18950000
0%
#18955000
b110 6
b111111110010111110 ;
b100101001110110 :
b1111010100111110 9
1%
#18960000
0%
#18965000
b111 6
b10111101 ;
b100011010100010 :
b1111011001100111 9
1%
#18970000
0%
#18975000
b1000 6
b111111111010111101 ;
b100100010001110 :
b1111010111011010 9
1%
#18980000
0%
#18985000
b1001 6
b111111111110111101 ;
b100011110011001 :
b1111011000100010 9
1%
#18990000
0%
#18995000
b1010 6
b111101 ;
b100011100011110 :
b1111011001000101 9
1%
#19000000
0%
#19005000
b1011 6
b111111111111111101 ;
b100011101011011 :
b1111011000110100 9
1%
#19010000
0%
#19015000
b1100 6
b11101 ;
b100011100111101 :
b1111011000111100 9
1%
#19020000
0%
#19025000
b1101 6
b1101 ;
b100011101001100 :
b1111011000111000 9
1%
#19030000
0%
#19035000
b1110 6
b101 ;
b100011101010011 :
b1111011000110110 9
1%
#19040000
0%
#19045000
07
1"
b100011101010011 !
b100011101010011 8
b1111011000110110 #
b1111011000110110 5
1%
#19050000
1+
b100101100010100 (
b1111010010111110 '
r0.2932774095820869 /
r0.9560273850830953 -
r0.2976531982421875 .
b100110000110011 $
b100110000110011 4
b100110000110011 ,
b1011 *
b1000 &
b110 3
b100011101010011 1
b100011100111010 2
0%
#19055000
0"
17
b0 6
b100110000110011 ;
b0 :
b1001101110101001 9
1%
#19060000
0%
0+
#19065000
b1 6
b111000001100100100 ;
b1001101110101001 :
1%
#19070000
0%
#19075000
b10 6
b111111100111010101 ;
b100110111010101 :
b1110100101111101 9
1%
#19080000
0%
#19085000
b11 6
b11100010001011 ;
b1001101110110 :
b1111110011110010 9
1%
#19090000
0%
#19095000
b100 6
b1100010111010 ;
b11001100010100 :
b1111101010000100 9
1%
#19100000
0%
#19105000
b101 6
b100011000000 ;
b100001010111100 :
b1111011101010011 9
1%
#19110000
0%
#19115000
b110 6
b11000011 ;
b100101001110110 :
b1111010100111110 9
1%
#19120000
0%
#19125000
b111 6
b111111110011000100 ;
b100111001001010 :
b1111010000010101 9
1%
#19130000
0%
#19135000
b1000 6
b111111111011000100 ;
b100110001100010 :
b1111010010110001 9
1%
#19140000
0%
#19145000
b1001 6
b111111111111000100 ;
b100101101101110 :
b1111010011111101 9
1%
#19150000
0%
#19155000
b1010 6
b1000100 ;
b100101011110100 :
b1111010100100010 9
1%
#19160000
0%
#19165000
b1011 6
b100 ;
b100101100110001 :
b1111010100010000 9
1%
#19170000
0%
#19175000
b1100 6
b111111111111100100 ;
b100101101001111 :
b1111010100000111 9
1%
#19180000
0%
#19185000
b1101 6
b111111111111110100 ;
b100101101000000 :
b1111010100001011 9
1%
#19190000
0%
#19195000
b1110 6
b111111111111111100 ;
b100101100111001 :
b1111010100001101 9
1%
#19200000
0%
#19205000
07
1"
b100101100111001 !
b100101100111001 8
b1111010100001101 #
b1111010100001101 5
1%
#19210000
1+
b100111011101001 (
b1111001110001000 '
r0.3082515096197448 /
r0.9513048968743661 -
r0.3133544921875 .
b101000000111000 $
b101000000111000 4
b101000000111000 ,
b1100 *
b1001 &
b101 3
b100101100111001 1
b100101100010100 2
0%
#19215000
0"
17
b0 6
b101000000111000 ;
b0 :
b1001101110101001 9
1%
#19220000
0%
0+
#19225000
b1 6
b111000011100101001 ;
b1001101110101001 :
1%
#19230000
0%
#19235000
b10 6
b111111110111011010 ;
b100110111010101 :
b1110100101111101 9
1%
#19240000
0%
#19245000
b11 6
b11110010010000 ;
b1001101110110 :
b1111110011110010 9
1%
#19250000
0%
#19255000
b100 6
b1110010111111 ;
b11001100010100 :
b1111101010000100 9
1%
#19260000
0%
#19265000
b101 6
b110011000101 ;
b100001010111100 :
b1111011101010011 9
1%
#19270000
0%
#19275000
b110 6
b10011001000 ;
b100101001110110 :
b1111010100111110 9
1%
#19280000
0%
#19285000
b111 6
b11001001 ;
b100111001001010 :
b1111010000010101 9
1%
#19290000
0%
#19295000
b1000 6
b111111111011001001 ;
b101000000110010 :
b1111001101111001 9
1%
#19300000
0%
#19305000
b1001 6
b111111111111001001 ;
b100111100111111 :
b1111001111001001 9
1%
#19310000
0%
#19315000
b1010 6
b1001001 ;
b100111011000110 :
b1111001111110000 9
1%
#19320000
0%
#19325000
b1011 6
b1001 ;
b100111100000010 :
b1111001111011101 9
1%
#19330000
0%
#19335000
b1100 6
b111111111111101001 ;
b100111100100000 :
b1111001111010100 9
1%
#19340000
0%
#19345000
b1101 6
b111111111111111001 ;
b100111100010001 :
b1111001111011000 9
1%
#19350000
0%
#19355000
b1110 6
b1 ;
b100111100001010 :
b1111001111011010 9
1%
#19360000
0%
#19365000
07
1"
b100111100001010 !
b100111100001010 8
b1111001111011010 #
b1111001111011010 5
1%
#19370000
1+
b101001010111001 (
b1111001001000011 '
r0.3231496177792707 /
r0.9463478876867171 -
r0.3290557861328125 .
b101010000111101 $
b101010000111101 4
b101010000111101 ,
b1001 *
b1011 &
b1000 3
b100111100001010 1
b100111011101001 2
0%
#19375000
0"
17
b0 6
b101010000111101 ;
b0 :
b1001101110101001 9
1%
#19380000
0%
0+
#19385000
b1 6
b111000101100101110 ;
b1001101110101001 :
1%
#19390000
0%
#19395000
b10 6
b111011111 ;
b100110111010101 :
b1110100101111101 9
1%
#19400000
0%
#19405000
b11 6
b111100001100101001 ;
b1000100000110100 :
b1101011000001000 9
1%
#19410000
0%
#19415000
b100 6
b111110001011111010 ;
b110110101110011 :
b1110011100001110 9
1%
#19420000
0%
#19425000
b101 6
b111111001011110100 ;
b101111100000011 :
b1110110111100101 9
1%
#19430000
0%
#19435000
b110 6
b111111101011110001 ;
b101011110010100 :
b1111000011011101 9
1%
#19440000
0%
#19445000
b111 6
b111111111011110000 ;
b101001111010001 :
b1111001000111011 9
1%
#19450000
0%
#19455000
b1000 6
b11110000 ;
b101000111101101 :
b1111001011100010 9
1%
#19460000
0%
#19465000
b1001 6
b111111111111110000 ;
b101001011011111 :
b1111001010010001 9
1%
#19470000
0%
#19475000
b1010 6
b1110000 ;
b101001001100110 :
b1111001010111010 9
1%
#19480000
0%
#19485000
b1011 6
b110000 ;
b101001010100010 :
b1111001010100110 9
1%
#19490000
0%
#19495000
b1100 6
b10000 ;
b101001011000000 :
b1111001010011100 9
1%
#19500000
0%
#19505000
b1101 6
b0 ;
b101001011001111 :
b1111001010010111 9
1%
#19510000
0%
#19515000
b1110 6
b111111111111111000 ;
b101001011010110 :
b1111001010010101 9
1%
#19520000
0%
#19525000
07
1"
b101001011010110 !
b101001011010110 8
b1111001010010101 #
b1111001010010101 5
1%
#19530000
1+
b101011010000101 (
b1111000011101111 '
r0.3379680612961061 /
r0.9411575795496477 -
r0.344757080078125 .
b101100001000010 $
b101100001000010 4
b101100001000010 ,
b1011 *
b1010 &
b110 3
b101001011010110 1
b101001010111001 2
0%
#19535000
0"
17
b0 6
b101100001000010 ;
b0 :
b1001101110101001 9
1%
#19540000
0%
0+
#19545000
b1 6
b111000111100110011 ;
b1001101110101001 :
1%
#19550000
0%
#19555000
b10 6
b10111100100 ;
b100110111010101 :
b1110100101111101 9
1%
#19560000
0%
#19565000
b11 6
b111100011100101110 ;
b1000100000110100 :
b1101011000001000 9
1%
#19570000
0%
#19575000
b100 6
b111110011011111111 ;
b110110101110011 :
b1110011100001110 9
1%
#19580000
0%
#19585000
b101 6
b111111011011111001 ;
b101111100000011 :
b1110110111100101 9
1%
#19590000
0%
#19595000
b110 6
b111111111011110110 ;
b101011110010100 :
b1111000011011101 9
1%
#19600000
0%
#19605000
b111 6
b1011110101 ;
b101001111010001 :
b1111001000111011 9
1%
#19610000
0%
#19615000
b1000 6
b11110101 ;
b101010110110101 :
b1111000110010100 9
1%
#19620000
0%
#19625000
b1001 6
b111111111111110101 ;
b101011010100110 :
b1111000100111111 9
1%
#19630000
0%
#19635000
b1010 6
b1110101 ;
b101011000101110 :
b1111000101101010 9
1%
#19640000
0%
#19645000
b1011 6
b110101 ;
b101011001101010 :
b1111000101010101 9
1%
#19650000
0%
#19655000
b1100 6
b10101 ;
b101011010001000 :
b1111000101001011 9
1%
#19660000
0%
#19665000
b1101 6
b101 ;
b101011010010111 :
b1111000101000110 9
1%
#19670000
0%
#19675000
b1110 6
b111111111111111101 ;
b101011010011110 :
b1111000101000100 9
1%
#19680000
0%
#19685000
07
1"
b101011010011110 !
b101011010011110 8
b1111000101000100 #
b1111000101000100 5
1%
#19690000
1+
b101101001001010 (
b1110111110001100 '
r0.3527031870450636 /
r0.9357352520068135 -
r0.3604583740234375 .
b101110001000111 $
b101110001000111 4
b101110001000111 ,
b1101 *
b1001 &
b100 3
b101011010011110 1
b101011010000101 2
0%
#19695000
0"
17
b0 6
b101110001000111 ;
b0 :
b1001101110101001 9
1%
#19700000
0%
0+
#19705000
b1 6
b111001001100111000 ;
b1001101110101001 :
1%
#19710000
0%
#19715000
b10 6
b100111101001 ;
b100110111010101 :
b1110100101111101 9
1%
#19720000
0%
#19725000
b11 6
b111100101100110011 ;
b1000100000110100 :
b1101011000001000 9
1%
#19730000
0%
#19735000
b100 6
b111110101100000100 ;
b110110101110011 :
b1110011100001110 9
1%
#19740000
0%
#19745000
b101 6
b111111101011111110 ;
b101111100000011 :
b1110110111100101 9
1%
#19750000
0%
#19755000
b110 6
b1011111011 ;
b101011110010100 :
b1111000011011101 9
1%
#19760000
0%
#19765000
b111 6
b111111111011111100 ;
b101101101010111 :
b1110111101111111 9
1%
#19770000
0%
#19775000
b1000 6
b11111100 ;
b101100101111001 :
b1111000000110101 9
1%
#19780000
0%
#19785000
b1001 6
b111111111111111100 ;
b101101001101001 :
b1110111111011100 9
1%
#19790000
0%
#19795000
b1010 6
b1111100 ;
b101100111110010 :
b1111000000001001 9
1%
#19800000
0%
#19805000
b1011 6
b111100 ;
b101101000101110 :
b1110111111110011 9
1%
#19810000
0%
#19815000
b1100 6
b11100 ;
b101101001001011 :
b1110111111101000 9
1%
#19820000
0%
#19825000
b1101 6
b1100 ;
b101101001011001 :
b1110111111100011 9
1%
#19830000
0%
#19835000
b1110 6
b100 ;
b101101001100000 :
b1110111111100001 9
1%
#19840000
0%
#19845000
07
1"
b101101001100000 !
b101101001100000 8
b1110111111100001 #
b1110111111100001 5
1%
#19850000
1+
b101111000001010 (
b1110111000011001 '
r0.3673513624409159 /
r0.9300822418005855 -
r0.37615966796875 .
b110000001001100 $
b110000001001100 4
b110000001001100 ,
b1100 *
b1011 &
b101 3
b101101001100000 1
b101101001001010 2
0%
#19855000
0"
17
b0 6
b110000001001100 ;
b0 :
b1001101110101001 9
1%
#19860000
0%
0+
#19865000
b1 6
b111001011100111101 ;
b1001101110101001 :
1%
#19870000
0%
#19875000
b10 6
b110111101110 ;
b100110111010101 :
b1110100101111101 9
1%
#19880000
0%
#19885000
b11 6
b111100111100111000 ;
b1000100000110100 :
b1101011000001000 9
1%
#19890000
0%
#19895000
b100 6
b111110111100001001 ;
b110110101110011 :
b1110011100001110 9
1%
#19900000
0%
#19905000
b101 6
b111111111100000011 ;
b101111100000011 :
b1110110111100101 9
1%
#19910000
0%
#19915000
b110 6
b11100000000 ;
b101011110010100 :
b1111000011011101 9
1%
#19920000
0%
#19925000
b111 6
b1100000001 ;
b101101101010111 :
b1110111101111111 9
1%
#19930000
0%
#19935000
b1000 6
b100000001 ;
b101110100110101 :
b1110111011001001 9
1%
#19940000
0%
#19945000
b1001 6
b1 ;
b101111000100011 :
b1110111001101100 9
1%
#19950000
0%
#19955000
b1010 6
b111111111110000001 ;
b101111010011010 :
b1110111000111101 9
1%
#19960000
0%
#19965000
b1011 6
b111111111111000001 ;
b101111001011111 :
b1110111001010100 9
1%
#19970000
0%
#19975000
b1100 6
b111111111111100001 ;
b101111001000010 :
b1110111001011111 9
1%
#19980000
0%
#19985000
b1101 6
b111111111111110001 ;
b101111000110100 :
b1110111001100100 9
1%
#19990000
0%
#19995000
b1110 6
b111111111111111001 ;
b101111000101101 :
b1110111001100110 9
1%
#20000000
0%
#20005000
07
1"
b101111000101101 !
b101111000101101 8
b1110111001100110 #
b1110111001100110 5
1%
#20010000
1+
b110000111000100 (
b1110110010011000 '
r0.3819089763339205 /
r0.924199942542509 -
r0.3918609619140625 .
b110010001010001 $
b110010001010001 4
b110010001010001 ,
b101 3
b101111000101101 1
b101111000001010 2
0%
#20015000
0"
17
b0 6
b110010001010001 ;
b0 :
b1001101110101001 9
1%
#20020000
0%
0+
#20025000
b1 6
b111001101101000010 ;
b1001101110101001 :
1%
#20030000
0%
#20035000
b10 6
b1000111110011 ;
b100110111010101 :
b1110100101111101 9
1%
#20040000
0%
#20045000
b11 6
b111101001100111101 ;
b1000100000110100 :
b1101011000001000 9
1%
#20050000
0%
#20055000
b100 6
b111111001100001110 ;
b110110101110011 :
b1110011100001110 9
1%
#20060000
0%
#20065000
b101 6
b1100001000 ;
b101111100000011 :
b1110110111100101 9
1%
#20070000
0%
#20075000
b110 6
b111111101100001011 ;
b110011001110010 :
b1110101011101101 9
1%
#20080000
0%
#20085000
b111 6
b111111111100001010 ;
b110001011000111 :
b1110110010000110 9
1%
#20090000
0%
#20095000
b1000 6
b100001010 ;
b110000011101110 :
b1110110101001011 9
1%
#20100000
0%
#20105000
b1001 6
b1010 ;
b110000111011011 :
b1110110011101011 9
1%
#20110000
0%
#20115000
b1010 6
b111111111110001010 ;
b110001001010001 :
b1110110010111011 9
1%
#20120000
0%
#20125000
b1011 6
b111111111111001010 ;
b110001000010110 :
b1110110011010011 9
1%
#20130000
0%
#20135000
b1100 6
b111111111111101010 ;
b110000111111001 :
b1110110011011111 9
1%
#20140000
0%
#20145000
b1101 6
b111111111111111010 ;
b110000111101011 :
b1110110011100101 9
1%
#20150000
0%
#20155000
b1110 6
b10 ;
b110000111100100 :
b1110110011101000 9
1%
#20160000
0%
#20165000
07
1"
b110000111100100 !
b110000111100100 8
b1110110011101000 #
b1110110011101000 5
1%
#20170000
1+
b110010101111000 (
b1110101100000111 '
r0.396372439900061 /
r0.9180898043697427 -
r0.407562255859375 .
b110100001010110 $
b110100001010110 4
b110100001010110 ,
b101 3
b110000111100100 1
b110000111000100 2
0%
#20175000
0"
17
b0 6
b110100001010110 ;
b0 :
b1001101110101001 9
1%
#20180000
0%
0+
#20185000
b1 6
b111001111101000111 ;
b1001101110101001 :
1%
#20190000
0%
#20195000
b10 6
b1010111111000 ;
b100110111010101 :
b1110100101111101 9
1%
#20200000
0%
#20205000
b11 6
b111101011101000010 ;
b1000100000110100 :
b1101011000001000 9
1%
#20210000
0%
#20215000
b100 6
b111111011100010011 ;
b110110101110011 :
b1110011100001110 9
1%
#20220000
0%
#20225000
b101 6
b11100001101 ;
b101111100000011 :
b1110110111100101 9
1%
#20230000
0%
#20235000
b110 6
b111111111100010000 ;
b110011001110010 :
b1110101011101101 9
1%
#20240000
0%
#20245000
b111 6
b1100001111 ;
b110001011000111 :
b1110110010000110 9
1%
#20250000
0%
#20255000
b1000 6
b100001111 ;
b110010010100000 :
b1110101111000001 9
1%
#20260000
0%
#20265000
b1001 6
b1111 ;
b110010110001011 :
b1110101101011101 9
1%
#20270000
0%
#20275000
b1010 6
b111111111110001111 ;
b110011000000000 :
b1110101100101011 9
1%
#20280000
0%
#20285000
b1011 6
b111111111111001111 ;
b110010111000110 :
b1110101101000100 9
1%
#20290000
0%
#20295000
b1100 6
b111111111111101111 ;
b110010110101001 :
b1110101101010000 9
1%
#20300000
0%
#20305000
b1101 6
b111111111111111111 ;
b110010110011011 :
b1110101101010110 9
1%
#20310000
0%
#20315000
b1110 6
b111 ;
b110010110010100 :
b1110101101011001 9
1%
#20320000
0%
#20325000
07
1"
b110010110010100 !
b110010110010100 8
b1110101101011001 #
b1110101101011001 5
1%
#20330000
1+
b110100100100110 (
b1110100101101000 '
r0.4107381875257836 /
r0.9117533335875632 -
r0.4232635498046875 .
b110110001011011 $
b110110001011011 4
b110110001011011 ,
b1010 *
b111 3
b110010110010100 1
b110010101111000 2
0%
#20335000
0"
17
b0 6
b110110001011011 ;
b0 :
b1001101110101001 9
1%
#20340000
0%
0+
#20345000
b1 6
b111010001101001100 ;
b1001101110101001 :
1%
#20350000
0%
#20355000
b10 6
b1100111111101 ;
b100110111010101 :
b1110100101111101 9
1%
#20360000
0%
#20365000
b11 6
b111101101101000111 ;
b1000100000110100 :
b1101011000001000 9
1%
#20370000
0%
#20375000
b100 6
b111111101100011000 ;
b110110101110011 :
b1110011100001110 9
1%
#20380000
0%
#20385000
b101 6
b101100010010 ;
b101111100000011 :
b1110110111100101 9
1%
#20390000
0%
#20395000
b110 6
b1100010101 ;
b110011001110010 :
b1110101011101101 9
1%
#20400000
0%
#20405000
b111 6
b111111111100010110 ;
b110101000011101 :
b1110100101010100 9
1%
#20410000
0%
#20415000
b1000 6
b100010110 ;
b110100001001011 :
b1110101000101000 9
1%
#20420000
0%
#20425000
b1001 6
b10110 ;
b110100100110101 :
b1110100111000000 9
1%
#20430000
0%
#20435000
b1010 6
b111111111110010110 ;
b110100110101001 :
b1110100110001100 9
1%
#20440000
0%
#20445000
b1011 6
b111111111111010110 ;
b110100101101111 :
b1110100110100110 9
1%
#20450000
0%
#20455000
b1100 6
b111111111111110110 ;
b110100101010010 :
b1110100110110011 9
1%
#20460000
0%
#20465000
b1101 6
b110 ;
b110100101000100 :
b1110100110111001 9
1%
#20470000
0%
#20475000
b1110 6
b111111111111111110 ;
b110100101001011 :
b1110100110110110 9
1%
#20480000
0%
#20485000
07
1"
b110100101001011 !
b110100101001011 8
b1110100110110110 #
b1110100110110110 5
1%
#20490000
1+
b110110011001100 (
b1110011110111010 '
r0.4250026776870121 /
r0.9051920922980214 -
r0.43896484375 .
b111000001100000 $
b111000001100000 4
b111000001100000 ,
b1011 *
b1010 &
b110 3
b110100101001011 1
b110100100100110 2
0%
#20495000
0"
17
b0 6
b111000001100000 ;
b0 :
b1001101110101001 9
1%
#20500000
0%
0+
#20505000
b1 6
b111010011101010001 ;
b1001101110101001 :
1%
#20510000
0%
#20515000
b10 6
b1111000000010 ;
b100110111010101 :
b1110100101111101 9
1%
#20520000
0%
#20525000
b11 6
b111101111101001100 ;
b1000100000110100 :
b1101011000001000 9
1%
#20530000
0%
#20535000
b100 6
b111111111100011101 ;
b110110101110011 :
b1110011100001110 9
1%
#20540000
0%
#20545000
b101 6
b111100010111 ;
b101111100000011 :
b1110110111100101 9
1%
#20550000
0%
#20555000
b110 6
b11100011010 ;
b110011001110010 :
b1110101011101101 9
1%
#20560000
0%
#20565000
b111 6
b1100011011 ;
b110101000011101 :
b1110100101010100 9
1%
#20570000
0%
#20575000
b1000 6
b100011011 ;
b110101111101111 :
b1110100010000000 9
1%
#20580000
0%
#20585000
b1001 6
b11011 ;
b110110011010111 :
b1110100000010101 9
1%
#20590000
0%
#20595000
b1010 6
b111111111110011011 ;
b110110101001011 :
b1110011111011111 9
1%
#20600000
0%
#20605000
b1011 6
b111111111111011011 ;
b110110100010010 :
b1110011111111010 9
1%
#20610000
0%
#20615000
b1100 6
b111111111111111011 ;
b110110011110110 :
b1110100000000111 9
1%
#20620000
0%
#20625000
b1101 6
b1011 ;
b110110011101000 :
b1110100000001101 9
1%
#20630000
0%
#20635000
b1110 6
b11 ;
b110110011101111 :
b1110100000001010 9
1%
#20640000
0%
#20645000
07
1"
b110110011101111 !
b110110011101111 8
b1110100000001010 #
b1110100000001010 5
1%
#20650000
1+
b111000001101100 (
b1110010111111110 '
r0.4391623938222239 /
r0.8984076980148455 -
r0.4546661376953125 .
b111010001100101 $
b111010001100101 4
b111010001100101 ,
b1100 *
b110 &
b101 3
b110110011101111 1
b110110011001100 2
0%
#20655000
0"
17
b0 6
b111010001100101 ;
b0 :
b1001101110101001 9
1%
#20660000
0%
0+
#20665000
b1 6
b111010101101010110 ;
b1001101110101001 :
1%
#20670000
0%
#20675000
b10 6
b10001000000111 ;
b100110111010101 :
b1110100101111101 9
1%
#20680000
0%
#20685000
b11 6
b111110001101010001 ;
b1000100000110100 :
b1101011000001000 9
1%
#20690000
0%
#20695000
b100 6
b1100100010 ;
b110110101110011 :
b1110011100001110 9
1%
#20700000
0%
#20705000
b101 6
b111111001100101000 ;
b111101111100011 :
b1110000000110111 9
1%
#20710000
0%
#20715000
b110 6
b111111101100100101 ;
b111010011100010 :
b1110010000010110 9
1%
#20720000
0%
#20725000
b111 6
b111111111100100100 ;
b111000101010010 :
b1110010111101001 9
1%
#20730000
0%
#20735000
b1000 6
b100100100 ;
b110111110000111 :
b1110011011001011 9
1%
#20740000
0%
#20745000
b1001 6
b100100 ;
b111000001101101 :
b1110011001011100 9
1%
#20750000
0%
#20755000
b1010 6
b111111111110100100 ;
b111000011100000 :
b1110011000100100 9
1%
#20760000
0%
#20765000
b1011 6
b111111111111100100 ;
b111000010100111 :
b1110011001000000 9
1%
#20770000
0%
#20775000
b1100 6
b100 ;
b111000010001011 :
b1110011001001110 9
1%
#20780000
0%
#20785000
b1101 6
b111111111111110100 ;
b111000010011001 :
b1110011001000111 9
1%
#20790000
0%
#20795000
b1110 6
b111111111111111100 ;
b111000010010010 :
b1110011001001010 9
1%
#20800000
0%
#20805000
07
1"
b111000010010010 !
b111000010010010 8
b1110011001001010 #
b1110011001001010 5
1%
#20810000
1+
b111010000000101 (
b1110010000110010 '
r0.453213845199373 /
r0.8914018232646816 -
r0.470367431640625 .
b111100001101010 $
b111100001101010 4
b111100001101010 ,
b1010 *
b1000 &
b111 3
b111000010010010 1
b111000001101100 2
0%
#20815000
0"
17
b0 6
b111100001101010 ;
b0 :
b1001101110101001 9
1%
#20820000
0%
0+
#20825000
b1 6
b111010111101011011 ;
b1001101110101001 :
1%
#20830000
0%
#20835000
b10 6
b10011000001100 ;
b100110111010101 :
b1110100101111101 9
1%
#20840000
0%
#20845000
b11 6
b111110011101010110 ;
b1000100000110100 :
b1101011000001000 9
1%
#20850000
0%
#20855000
b100 6
b11100100111 ;
b110110101110011 :
b1110011100001110 9
1%
#20860000
0%
#20865000
b101 6
b111111011100101101 ;
b111101111100011 :
b1110000000110111 9
1%
#20870000
0%
#20875000
b110 6
b111111111100101010 ;
b111010011100010 :
b1110010000010110 9
1%
#20880000
0%
#20885000
b111 6
b1100101001 ;
b111000101010010 :
b1110010111101001 9
1%
#20890000
0%
#20895000
b1000 6
b100101001 ;
b111001100011101 :
b1110010100000111 9
1%
#20900000
0%
#20905000
b1001 6
b101001 ;
b111010000000010 :
b1110010010010100 9
1%
#20910000
0%
#20915000
b1010 6
b111111111110101001 ;
b111010001110100 :
b1110010001011010 9
1%
#20920000
0%
#20925000
b1011 6
b111111111111101001 ;
b111010000111011 :
b1110010001110111 9
1%
#20930000
0%
#20935000
b1100 6
b1001 ;
b111010000011111 :
b1110010010000101 9
1%
#20940000
0%
#20945000
b1101 6
b111111111111111001 ;
b111010000101101 :
b1110010001111110 9
1%
#20950000
0%
#20955000
b1110 6
b1 ;
b111010000100110 :
b1110010010000001 9
1%
#20960000
0%
#20965000
07
1"
b111010000100110 !
b111010000100110 8
b1110010010000001 #
b1110010010000001 5
1%
#20970000
1+
b111011110010111 (
b1110001001011001 '
r0.467153567776444 /
r0.8841761951747736 -
r0.4860687255859375 .
b111110001101111 $
b111110001101111 4
b111110001101111 ,
b1100 *
b1010 &
b101 3
b111010000100110 1
b111010000000101 2
0%
#20975000
0"
17
b0 6
b111110001101111 ;
b0 :
b1001101110101001 9
1%
#20980000
0%
0+
#20985000
b1 6
b111011001101100000 ;
b1001101110101001 :
1%
#20990000
0%
#20995000
b10 6
b10101000010001 ;
b100110111010101 :
b1110100101111101 9
1%
#21000000
0%
#21005000
b11 6
b111110101101011011 ;
b1000100000110100 :
b1101011000001000 9
1%
#21010000
0%
#21015000
b100 6
b101100101100 ;
b110110101110011 :
b1110011100001110 9
1%
#21020000
0%
#21025000
b101 6
b111111101100110010 ;
b111101111100011 :
b1110000000110111 9
1%
#21030000
0%
#21035000
b110 6
b1100101111 ;
b111010011100010 :
b1110010000010110 9
1%
#21040000
0%
#21045000
b111 6
b111111111100110000 ;
b111100001110010 :
b1110001001000011 9
1%
#21050000
0%
#21055000
b1000 6
b100110000 ;
b111011010101110 :
b1110001100110011 9
1%
#21060000
0%
#21065000
b1001 6
b110000 ;
b111011110010001 :
b1110001010111101 9
1%
#21070000
0%
#21075000
b1010 6
b111111111110110000 ;
b111100000000010 :
b1110001010000010 9
1%
#21080000
0%
#21085000
b1011 6
b111111111111110000 ;
b111011111001010 :
b1110001010100000 9
1%
#21090000
0%
#21095000
b1100 6
b10000 ;
b111011110101110 :
b1110001010101110 9
1%
#21100000
0%
#21105000
b1101 6
b0 ;
b111011110111100 :
b1110001010100111 9
1%
#21110000
0%
#21115000
b1110 6
b111111111111111000 ;
b111011111000011 :
b1110001010100100 9
1%
#21120000
0%
#21125000
07
1"
b111011111000011 !
b111011111000011 8
b1110001010100100 #
b1110001010100100 5
1%
#21130000
1+
b111101100100001 (
b1110000001110001 '
r0.4809781250554271 /
r0.8767325950471819 -
r0.50177001953125 .
b1000000001110100 $
b1000000001110100 4
b1000000001110100 ,
b1011 *
b110 3
b111011111000011 1
b111011110010111 2
0%
#21135000
0"
17
b0 6
b1000000001110100 ;
b0 :
b1001101110101001 9
1%
#21140000
0%
0+
#21145000
b1 6
b111011011101100101 ;
b1001101110101001 :
1%
#21150000
0%
#21155000
b10 6
b10111000010110 ;
b100110111010101 :
b1110100101111101 9
1%
#21160000
0%
#21165000
b11 6
b111110111101100000 ;
b1000100000110100 :
b1101011000001000 9
1%
#21170000
0%
#21175000
b100 6
b111100110001 ;
b110110101110011 :
b1110011100001110 9
1%
#21180000
0%
#21185000
b101 6
b111111111100110111 ;
b111101111100011 :
b1110000000110111 9
1%
#21190000
0%
#21195000
b110 6
b11100110100 ;
b111010011100010 :
b1110010000010110 9
1%
#21200000
0%
#21205000
b111 6
b1100110101 ;
b111100001110010 :
b1110001001000011 9
1%
#21210000
0%
#21215000
b1000 6
b100110101 ;
b111101000110110 :
b1110000101010011 9
1%
#21220000
0%
#21225000
b1001 6
b110101 ;
b111101100010111 :
b1110000011011001 9
1%
#21230000
0%
#21235000
b1010 6
b111111111110110101 ;
b111101110000111 :
b1110000010011100 9
1%
#21240000
0%
#21245000
b1011 6
b111111111111110101 ;
b111101101001111 :
b1110000010111010 9
1%
#21250000
0%
#21255000
b1100 6
b10101 ;
b111101100110011 :
b1110000011001001 9
1%
#21260000
0%
#21265000
b1101 6
b101 ;
b111101101000001 :
b1110000011000010 9
1%
#21270000
0%
#21275000
b1110 6
b111111111111111101 ;
b111101101001000 :
b1110000010111111 9
1%
#21280000
0%
#21285000
07
1"
b111101101001000 !
b111101101001000 8
b1110000010111111 #
b1110000010111111 5
1%
#21290000
1+
b111111010100011 (
b1101111001111011 '
r0.4946841089295033 /
r0.8690728579196472 -
r0.5174713134765625 .
b1000010001111001 $
b1000010001111001 4
b1000010001111001 ,
b110 3
b111101101001000 1
b111101100100001 2
0%
#21295000
0"
17
b0 6
b1000010001111001 ;
b0 :
b1001101110101001 9
1%
#21300000
0%
0+
#21305000
b1 6
b111011101101101010 ;
b1001101110101001 :
1%
#21310000
0%
#21315000
b10 6
b11001000011011 ;
b100110111010101 :
b1110100101111101 9
1%
#21320000
0%
#21325000
b11 6
b111111001101100101 ;
b1000100000110100 :
b1101011000001000 9
1%
#21330000
0%
#21335000
b100 6
b1001100110110 ;
b110110101110011 :
b1110011100001110 9
1%
#21340000
0%
#21345000
b101 6
b1100111100 ;
b111101111100011 :
b1110000000110111 9
1%
#21350000
0%
#21355000
b110 6
b111111101100111111 ;
b1000001011100100 :
b1101110001011000 9
1%
#21360000
0%
#21365000
b111 6
b111111111100111110 ;
b111111101110011 :
b1101111001100011 9
1%
#21370000
0%
#21375000
b1000 6
b100111110 ;
b111110110110111 :
b1101111101100001 9
1%
#21380000
0%
#21385000
b1001 6
b111110 ;
b111111010010110 :
b1101111011100100 9
1%
#21390000
0%
#21395000
b1010 6
b111111111110111110 ;
b111111100000101 :
b1101111010100101 9
1%
#21400000
0%
#21405000
b1011 6
b111111111111111110 ;
b111111011001110 :
b1101111011000100 9
1%
#21410000
0%
#21415000
b1100 6
b11110 ;
b111111010110011 :
b1101111011010011 9
1%
#21420000
0%
#21425000
b1101 6
b1110 ;
b111111011000000 :
b1101111011001100 9
1%
#21430000
0%
#21435000
b1110 6
b110 ;
b111111011000110 :
b1101111011001001 9
1%
#21440000
0%
#21445000
07
1"
b111111011000110 !
b111111011000110 8
b1101111011001001 #
b1101111011001001 5
1%
#21450000
1+
b1000001000011101 (
b1101110001110111 '
r0.5082681405232291 /
r0.8611988721132066 -
r0.533172607421875 .
b1000100001111110 $
b1000100001111110 4
b1000100001111110 ,
b110 3
b111111011000110 1
b111111010100011 2
0%
#21455000
0"
17
b0 6
b1000100001111110 ;
b0 :
b1001101110101001 9
1%
#21460000
0%
0+
#21465000
b1 6
b111011111101101111 ;
b1001101110101001 :
1%
#21470000
0%
#21475000
b10 6
b11011000100000 ;
b100110111010101 :
b1110100101111101 9
1%
#21480000
0%
#21485000
b11 6
b111111011101101010 ;
b1000100000110100 :
b1101011000001000 9
1%
#21490000
0%
#21495000
b100 6
b1011100111011 ;
b110110101110011 :
b1110011100001110 9
1%
#21500000
0%
#21505000
b101 6
b11101000001 ;
b111101111100011 :
b1110000000110111 9
1%
#21510000
0%
#21515000
b110 6
b111111111101000100 ;
b1000001011100100 :
b1101110001011000 9
1%
#21520000
0%
#21525000
b111 6
b1101000011 ;
b111111101110011 :
b1101111001100011 9
1%
#21530000
0%
#21535000
b1000 6
b101000011 ;
b1000000100101111 :
b1101110101100101 9
1%
#21540000
0%
#21545000
b1001 6
b1000011 ;
b1000001000001100 :
b1101110011100100 9
1%
#21550000
0%
#21555000
b1010 6
b111111111111000011 ;
b1000001001111010 :
b1101110010100011 9
1%
#21560000
0%
#21565000
b1011 6
b11 ;
b1000001001000011 :
b1101110011000011 9
1%
#21570000
0%
#21575000
b1100 6
b111111111111100011 ;
b1000001001011110 :
b1101110010110011 9
1%
#21580000
0%
#21585000
b1101 6
b111111111111110011 ;
b1000001001010001 :
b1101110010111011 9
1%
#21590000
0%
#21595000
b1110 6
b111111111111111011 ;
b1000001001001011 :
b1101110010111111 9
1%
#21600000
0%
#21605000
07
1"
b1000001001001011 !
b1000001001001011 8
b1101110010111111 #
b1101110010111111 5
1%
#21610000
1+
b1000010110001111 (
b1101101001100101 '
r0.5217268710255162 /
r0.8531125787666739 -
r0.5488739013671875 .
b1000110010000011 $
b1000110010000011 4
b1000110010000011 ,
b110 3
b1000001001001011 1
b1000001000011101 2
0%
#21615000
0"
17
b0 6
b1000110010000011 ;
b0 :
b1001101110101001 9
1%
#21620000
0%
0+
#21625000
b1 6
b111100001101110100 ;
b1001101110101001 :
1%
#21630000
0%
#21635000
b10 6
b11101000100101 ;
b100110111010101 :
b1110100101111101 9
1%
#21640000
0%
#21645000
b11 6
b111111101101101111 ;
b1000100000110100 :
b1101011000001000 9
1%
#21650000
0%
#21655000
b100 6
b1101101000000 ;
b110110101110011 :
b1110011100001110 9
1%
#21660000
0%
#21665000
b101 6
b101101000110 ;
b111101111100011 :
b1110000000110111 9
1%
#21670000
0%
#21675000
b110 6
b1101001001 ;
b1000001011100100 :
b1101110001011000 9
1%
#21680000
0%
#21685000
b111 6
b111111111101001010 ;
b1000011001010101 :
b1101101001001101 9
1%
#21690000
0%
#21695000
b1000 6
b101001010 ;
b1000010010100001 :
b1101101101011001 9
1%
#21700000
0%
#21705000
b1001 6
b1001010 ;
b1000010101111100 :
b1101101011010101 9
1%
#21710000
0%
#21715000
b1010 6
b111111111111001010 ;
b1000010111101001 :
b1101101010010011 9
1%
#21720000
0%
#21725000
b1011 6
b1010 ;
b1000010110110011 :
b1101101010110100 9
1%
#21730000
0%
#21735000
b1100 6
b111111111111101010 ;
b1000010111001110 :
b1101101010100100 9
1%
#21740000
0%
#21745000
b1101 6
b111111111111111010 ;
b1000010111000001 :
b1101101010101100 9
1%
#21750000
0%
#21755000
b1110 6
b10 ;
b1000010110111011 :
b1101101010110000 9
1%
#21760000
0%
#21765000
07
1"
b1000010110111011 !
b1000010110111011 8
b1101101010110000 #
b1101101010110000 5
1%
#21770000
1+
b1000100011111001 (
b1101100001000101 '
r0.5350569825151987 /
r0.8448159713581002 -
r0.5645751953125 .
b1001000010001000 $
b1001000010001000 4
b1001000010001000 ,
b1100 *
b101 3
b1000010110111011 1
b1000010110001111 2
0%
#21775000
0"
17
b0 6
b1001000010001000 ;
b0 :
b1001101110101001 9
1%
#21780000
0%
0+
#21785000
b1 6
b111100011101111001 ;
b1001101110101001 :
1%
#21790000
0%
#21795000
b10 6
b11111000101010 ;
b100110111010101 :
b1110100101111101 9
1%
#21800000
0%
#21805000
b11 6
b111111111101110100 ;
b1000100000110100 :
b1101011000001000 9
1%
#21810000
0%
#21815000
b100 6
b1111101000101 ;
b110110101110011 :
b1110011100001110 9
1%
#21820000
0%
#21825000
b101 6
b111101001011 ;
b111101111100011 :
b1110000000110111 9
1%
#21830000
0%
#21835000
b110 6
b11101001110 ;
b1000001011100100 :
b1101110001011000 9
1%
#21840000
0%
#21845000
b111 6
b1101001111 ;
b1000011001010101 :
b1101101001001101 9
1%
#21850000
0%
#21855000
b1000 6
b101001111 ;
b1000100000001001 :
b1101100101000001 9
1%
#21860000
0%
#21865000
b1001 6
b1001111 ;
b1000100011100010 :
b1101100010111001 9
1%
#21870000
0%
#21875000
b1010 6
b111111111111001111 ;
b1000100101001110 :
b1101100001110101 9
1%
#21880000
0%
#21885000
b1011 6
b1111 ;
b1000100100011000 :
b1101100010010111 9
1%
#21890000
0%
#21895000
b1100 6
b111111111111101111 ;
b1000100100110011 :
b1101100010000110 9
1%
#21900000
0%
#21905000
b1101 6
b111111111111111111 ;
b1000100100100110 :
b1101100010001110 9
1%
#21910000
0%
#21915000
b1110 6
b111 ;
b1000100100100000 :
b1101100010010010 9
1%
#21920000
0%
#21925000
07
1"
b1000100100100000 !
b1000100100100000 8
b1101100010010010 #
b1101100010010010 5
1%
#21930000
1+
b1000110001011010 (
b1101011000011000 '
r0.5482551887789862 /
r0.8363110952133292 -
r0.5802764892578125 .
b1001010010001101 $
b1001010010001101 4
b1001010010001101 ,
b1001 *
b1000 3
b1000100100100000 1
b1000100011111001 2
0%
#21935000
0"
17
b0 6
b1001010010001101 ;
b0 :
b1001101110101001 9
1%
#21940000
0%
0+
#21945000
b1 6
b111100101101111110 ;
b1001101110101001 :
1%
#21950000
0%
#21955000
b10 6
b100001000101111 ;
b100110111010101 :
b1110100101111101 9
1%
#21960000
0%
#21965000
b11 6
b1101111001 ;
b1000100000110100 :
b1101011000001000 9
1%
#21970000
0%
#21975000
b100 6
b111110001110101000 ;
b1010001011110101 :
b1100010100000010 9
1%
#21980000
0%
#21985000
b101 6
b111111001110100010 ;
b1001011010100101 :
b1100111100110001 9
1%
#21990000
0%
#21995000
b110 6
b111111101110011111 ;
b1001000000101100 :
b1101001111100110 9
1%
#22000000
0%
#22005000
b111 6
b111111111110011110 ;
b1000110011011101 :
b1101011000100110 9
1%
#22010000
0%
#22015000
b1000 6
b110011110 ;
b1000101100110001 :
b1101011100111111 9
1%
#22020000
0%
#22025000
b1001 6
b10011110 ;
b1000110000001000 :
b1101011010110100 9
1%
#22030000
0%
#22035000
b1010 6
b11110 ;
b1000110001110011 :
b1101011001101110 9
1%
#22040000
0%
#22045000
b1011 6
b111111111111011110 ;
b1000110010101000 :
b1101011001001011 9
1%
#22050000
0%
#22055000
b1100 6
b111111111111111110 ;
b1000110010001110 :
b1101011001011100 9
1%
#22060000
0%
#22065000
b1101 6
b1110 ;
b1000110010000001 :
b1101011001100100 9
1%
#22070000
0%
#22075000
b1110 6
b110 ;
b1000110010000111 :
b1101011001100000 9
1%
#22080000
0%
#22085000
07
1"
b1000110010000111 !
b1000110010000111 8
b1101011001100000 #
b1101011001100000 5
1%
#22090000
1+
b1000111110110010 (
b1101001111011101 '
r0.5613182361215981 /
r0.8276000470017736 -
r0.595977783203125 .
b1001100010010010 $
b1001100010010010 4
b1001100010010010 ,
b1010 *
b1011 &
b111 3
b1000110010000111 1
b1000110001011010 2
0%
#22095000
0"
17
b0 6
b1001100010010010 ;
b0 :
b1001101110101001 9
1%
#22100000
0%
0+
#22105000
b1 6
b111100111110000011 ;
b1001101110101001 :
1%
#22110000
0%
#22115000
b10 6
b100011000110100 ;
b100110111010101 :
b1110100101111101 9
1%
#22120000
0%
#22125000
b11 6
b11101111110 ;
b1000100000110100 :
b1101011000001000 9
1%
#22130000
0%
#22135000
b100 6
b111110011110101101 ;
b1010001011110101 :
b1100010100000010 9
1%
#22140000
0%
#22145000
b101 6
b111111011110100111 ;
b1001011010100101 :
b1100111100110001 9
1%
#22150000
0%
#22155000
b110 6
b111111111110100100 ;
b1001000000101100 :
b1101001111100110 9
1%
#22160000
0%
#22165000
b111 6
b1110100011 ;
b1000110011011101 :
b1101011000100110 9
1%
#22170000
0%
#22175000
b1000 6
b110100011 ;
b1000111010001001 :
b1101010100001101 9
1%
#22180000
0%
#22185000
b1001 6
b10100011 ;
b1000111101011110 :
b1101010001111111 9
1%
#22190000
0%
#22195000
b1010 6
b100011 ;
b1000111111001000 :
b1101010000111000 9
1%
#22200000
0%
#22205000
b1011 6
b111111111111100011 ;
b1000111111111101 :
b1101010000010101 9
1%
#22210000
0%
#22215000
b1100 6
b11 ;
b1000111111100011 :
b1101010000100110 9
1%
#22220000
0%
#22225000
b1101 6
b111111111111110011 ;
b1000111111110000 :
b1101010000011110 9
1%
#22230000
0%
#22235000
b1110 6
b111111111111111011 ;
b1000111111101010 :
b1101010000100010 9
1%
#22240000
0%
#22245000
07
1"
b1000111111101010 !
b1000111111101010 8
b1101010000100010 #
b1101010000100010 5
1%
#22250000
1+
b1001001100000001 (
b1101000110010101 '
r0.5742429041678841 /
r0.818684974219531 -
r0.6116790771484375 .
b1001110010010111 $
b1001110010010111 4
b1001110010010111 ,
b1011 *
b111 &
b110 3
b1000111111101010 1
b1000111110110010 2
0%
#22255000
0"
17
b0 6
b1001110010010111 ;
b0 :
b1001101110101001 9
1%
#22260000
0%
0+
#22265000
b1 6
b111101001110001000 ;
b1001101110101001 :
1%
#22270000
0%
#22275000
b10 6
b100101000111001 ;
b100110111010101 :
b1110100101111101 9
1%
#22280000
0%
#22285000
b11 6
b101110000011 ;
b1000100000110100 :
b1101011000001000 9
1%
#22290000
0%
#22295000
b100 6
b111110101110110010 ;
b1010001011110101 :
b1100010100000010 9
1%
#22300000
0%
#22305000
b101 6
b111111101110101100 ;
b1001011010100101 :
b1100111100110001 9
1%
#22310000
0%
#22315000
b110 6
b1110101001 ;
b1001000000101100 :
b1101001111100110 9
1%
#22320000
0%
#22325000
b111 6
b111111111110101010 ;
b1001001101111011 :
b1101000110100110 9
1%
#22330000
0%
#22335000
b1000 6
b110101010 ;
b1001000111011000 :
b1101001011001100 9
1%
#22340000
0%
#22345000
b1001 6
b10101010 ;
b1001001010101010 :
b1101001000111011 9
1%
#22350000
0%
#22355000
b1010 6
b101010 ;
b1001001100010011 :
b1101000111110010 9
1%
#22360000
0%
#22365000
b1011 6
b111111111111101010 ;
b1001001101000111 :
b1101000111001110 9
1%
#22370000
0%
#22375000
b1100 6
b1010 ;
b1001001100101101 :
b1101000111100000 9
1%
#22380000
0%
#22385000
b1101 6
b111111111111111010 ;
b1001001100111010 :
b1101000111010111 9
1%
#22390000
0%
#22395000
b1110 6
b10 ;
b1001001100110100 :
b1101000111011011 9
1%
#22400000
0%
#22405000
07
1"
b1001001100110100 !
b1001001100110100 8
b1101000111011011 #
b1101000111011011 5
1%
#22410000
1+
b1001011001000111 (
b1100111100111111 '
r0.5870260066567283 /
r0.8095680746599725 -
r0.62738037109375 .
b1010000010011100 $
b1010000010011100 4
b1010000010011100 ,
b1100 *
b1011 &
b101 3
b1001001100110100 1
b1001001100000001 2
0%
#22415000
0"
17
b0 6
b1010000010011100 ;
b0 :
b1001101110101001 9
1%
#22420000
0%
0+
#22425000
b1 6
b111101011110001101 ;
b1001101110101001 :
1%
#22430000
0%
#22435000
b10 6
b100111000111110 ;
b100110111010101 :
b1110100101111101 9
1%
#22440000
0%
#22445000
b11 6
b111110001000 ;
b1000100000110100 :
b1101011000001000 9
1%
#22450000
0%
#22455000
b100 6
b111110111110110111 ;
b1010001011110101 :
b1100010100000010 9
1%
#22460000
0%
#22465000
b101 6
b111111111110110001 ;
b1001011010100101 :
b1100111100110001 9
1%
#22470000
0%
#22475000
b110 6
b11110101110 ;
b1001000000101100 :
b1101001111100110 9
1%
#22480000
0%
#22485000
b111 6
b1110101111 ;
b1001001101111011 :
b1101000110100110 9
1%
#22490000
0%
#22495000
b1000 6
b110101111 ;
b1001010100011110 :
b1101000010000000 9
1%
#22500000
0%
#22505000
b1001 6
b10101111 ;
b1001010111101110 :
b1100111111101011 9
1%
#22510000
0%
#22515000
b1010 6
b101111 ;
b1001011001010101 :
b1100111110100001 9
1%
#22520000
0%
#22525000
b1011 6
b111111111111101111 ;
b1001011010001000 :
b1100111101111100 9
1%
#22530000
0%
#22535000
b1100 6
b1111 ;
b1001011001101111 :
b1100111110001110 9
1%
#22540000
0%
#22545000
b1101 6
b111111111111111111 ;
b1001011001111011 :
b1100111110000101 9
1%
#22550000
0%
#22555000
b1110 6
b111 ;
b1001011001110101 :
b1100111110001001 9
1%
#22560000
0%
#22565000
07
1"
b1001011001110101 !
b1001011001110101 8
b1100111110001001 #
b1100111110001001 5
1%
#22570000
1+
b1001100110000011 (
b1100110011011101 '
r0.5996643922265436 /
r0.8002515958719296 -
r0.6430816650390625 .
b1010010010100001 $
b1010010010100001 4
b1010010010100001 ,
b1010 &
b101 3
b1001011001110101 1
b1001011001000111 2
0%
#22575000
0"
17
b0 6
b1010010010100001 ;
b0 :
b1001101110101001 9
1%
#22580000
0%
0+
#22585000
b1 6
b111101101110010010 ;
b1001101110101001 :
1%
#22590000
0%
#22595000
b10 6
b101001001000011 ;
b100110111010101 :
b1110100101111101 9
1%
#22600000
0%
#22605000
b11 6
b1001110001101 ;
b1000100000110100 :
b1101011000001000 9
1%
#22610000
0%
#22615000
b100 6
b111111001110111100 ;
b1010001011110101 :
b1100010100000010 9
1%
#22620000
0%
#22625000
b101 6
b1110110110 ;
b1001011010100101 :
b1100111100110001 9
1%
#22630000
0%
#22635000
b110 6
b111111101110111001 ;
b1001110100011110 :
b1100101001111100 9
1%
#22640000
0%
#22645000
b111 6
b111111111110111000 ;
b1001100111110101 :
b1100110011110000 9
1%
#22650000
0%
#22655000
b1000 6
b110111000 ;
b1001100001011100 :
b1100111000100011 9
1%
#22660000
0%
#22665000
b1001 6
b10111000 ;
b1001100100101010 :
b1100110110001011 9
1%
#22670000
0%
#22675000
b1010 6
b111000 ;
b1001100110010000 :
b1100110100111111 9
1%
#22680000
0%
#22685000
b1011 6
b111111111111111000 ;
b1001100111000011 :
b1100110100011001 9
1%
#22690000
0%
#22695000
b1100 6
b11000 ;
b1001100110101010 :
b1100110100101100 9
1%
#22700000
0%
#22705000
b1101 6
b1000 ;
b1001100110110110 :
b1100110100100011 9
1%
#22710000
0%
#22715000
b1110 6
b0 ;
b1001100110111100 :
b1100110100011111 9
1%
#22720000
0%
#22725000
07
1"
b1001100110111100 !
b1001100110111100 8
b1100110100011111 #
b1100110100011111 5
1%
#22730000
1+
b1001110010110110 (
b1100101001101101 '
r0.6121549451921638 /
r0.7907378346056162 -
r0.658782958984375 .
b1010100010100110 $
b1010100010100110 4
b1010100010100110 ,
b1001 &
b101 3
b1001100110111100 1
b1001100110000011 2
0%
#22735000
0"
17
b0 6
b1010100010100110 ;
b0 :
b1001101110101001 9
1%
#22740000
0%
0+
#22745000
b1 6
b111101111110010111 ;
b1001101110101001 :
1%
#22750000
0%
#22755000
b10 6
b101011001001000 ;
b100110111010101 :
b1110100101111101 9
1%
#22760000
0%
#22765000
b11 6
b1011110010010 ;
b1000100000110100 :
b1101011000001000 9
1%
#22770000
0%
#22775000
b100 6
b111111011111000001 ;
b1010001011110101 :
b1100010100000010 9
1%
#22780000
0%
#22785000
b101 6
b11110111011 ;
b1001011010100101 :
b1100111100110001 9
1%
#22790000
0%
#22795000
b110 6
b111111111110111110 ;
b1001110100011110 :
b1100101001111100 9
1%
#22800000
0%
#22805000
b111 6
b1110111101 ;
b1001100111110101 :
b1100110011110000 9
1%
#22810000
0%
#22815000
b1000 6
b110111101 ;
b1001101110001110 :
b1100101110111101 9
1%
#22820000
0%
#22825000
b1001 6
b10111101 ;
b1001110001011001 :
b1100101100100010 9
1%
#22830000
0%
#22835000
b1010 6
b111101 ;
b1001110010111110 :
b1100101011010100 9
1%
#22840000
0%
#22845000
b1011 6
b111111111111111101 ;
b1001110011110000 :
b1100101010101101 9
1%
#22850000
0%
#22855000
b1100 6
b11101 ;
b1001110011010111 :
b1100101011000000 9
1%
#22860000
0%
#22865000
b1101 6
b1101 ;
b1001110011100011 :
b1100101010110111 9
1%
#22870000
0%
#22875000
b1110 6
b101 ;
b1001110011101001 :
b1100101010110011 9
1%
#22880000
0%
#22885000
07
1"
b1001110011101001 !
b1001110011101001 8
b1100101010110011 #
b1100101010110011 5
1%
#22890000
1+
b1001111111011110 (
b1100011111110001 '
r0.6244945863129393 /
r0.7810291362464212 -
r0.6744842529296875 .
b1010110010101011 $
b1010110010101011 4
b1010110010101011 ,
b1011 *
b1010 &
b110 3
b1001110011101001 1
b1001110010110110 2
0%
#22895000
0"
17
b0 6
b1010110010101011 ;
b0 :
b1001101110101001 9
1%
#22900000
0%
0+
#22905000
b1 6
b111110001110011100 ;
b1001101110101001 :
1%
#22910000
0%
#22915000
b10 6
b101101001001101 ;
b100110111010101 :
b1110100101111101 9
1%
#22920000
0%
#22925000
b11 6
b1101110010111 ;
b1000100000110100 :
b1101011000001000 9
1%
#22930000
0%
#22935000
b100 6
b111111101111000110 ;
b1010001011110101 :
b1100010100000010 9
1%
#22940000
0%
#22945000
b101 6
b101111000000 ;
b1001011010100101 :
b1100111100110001 9
1%
#22950000
0%
#22955000
b110 6
b1111000011 ;
b1001110100011110 :
b1100101001111100 9
1%
#22960000
0%
#22965000
b111 6
b111111111111000100 ;
b1010000001000111 :
b1100100000001000 9
1%
#22970000
0%
#22975000
b1000 6
b111000100 ;
b1001111010110111 :
b1100100101001000 9
1%
#22980000
0%
#22985000
b1001 6
b11000100 ;
b1001111110000000 :
b1100100010101010 9
1%
#22990000
0%
#22995000
b1010 6
b1000100 ;
b1001111111100100 :
b1100100001011011 9
1%
#23000000
0%
#23005000
b1011 6
b100 ;
b1010000000010110 :
b1100100000110100 9
1%
#23010000
0%
#23015000
b1100 6
b111111111111100100 ;
b1010000000101111 :
b1100100000100000 9
1%
#23020000
0%
#23025000
b1101 6
b111111111111110100 ;
b1010000000100011 :
b1100100000101010 9
1%
#23030000
0%
#23035000
b1110 6
b111111111111111100 ;
b1010000000011101 :
b1100100000101111 9
1%
#23040000
0%
#23045000
07
1"
b1010000000011101 !
b1010000000011101 8
b1100100000101111 #
b1100100000101111 5
1%
#23050000
1+
b1010001011111101 (
b1100010101101000 '
r0.6366802735518484 /
r0.7711278942367106 -
r0.690185546875 .
b1011000010110000 $
b1011000010110000 4
b1011000010110000 ,
b100 *
b110 &
b1101 3
b1010000000011101 1
b1001111111011110 2
0%
#23055000
0"
17
b0 6
b1011000010110000 ;
b0 :
b1001101110101001 9
1%
#23060000
0%
0+
#23065000
b1 6
b111110011110100001 ;
b1001101110101001 :
1%
#23070000
0%
#23075000
b10 6
b101111001010010 ;
b100110111010101 :
b1110100101111101 9
1%
#23080000
0%
#23085000
b11 6
b1111110011100 ;
b1000100000110100 :
b1101011000001000 9
1%
#23090000
0%
#23095000
b100 6
b111111111111001011 ;
b1010001011110101 :
b1100010100000010 9
1%
#23100000
0%
#23105000
b101 6
b111111000101 ;
b1001011010100101 :
b1100111100110001 9
1%
#23110000
0%
#23115000
b110 6
b11111001000 ;
b1001110100011110 :
b1100101001111100 9
1%
#23120000
0%
#23125000
b111 6
b1111001001 ;
b1010000001000111 :
b1100100000001000 9
1%
#23130000
0%
#23135000
b1000 6
b111001001 ;
b1010000111010111 :
b1100011011001000 9
1%
#23140000
0%
#23145000
b1001 6
b11001001 ;
b1010001010011101 :
b1100011000100111 9
1%
#23150000
0%
#23155000
b1010 6
b1001001 ;
b1010001100000000 :
b1100010111010110 9
1%
#23160000
0%
#23165000
b1011 6
b1001 ;
b1010001100110001 :
b1100010110101110 9
1%
#23170000
0%
#23175000
b1100 6
b111111111111101001 ;
b1010001101001001 :
b1100010110011010 9
1%
#23180000
0%
#23185000
b1101 6
b111111111111111001 ;
b1010001100111101 :
b1100010110100100 9
1%
#23190000
0%
#23195000
b1110 6
b1 ;
b1010001100110111 :
b1100010110101001 9
1%
#23200000
0%
#23205000
07
1"
b1010001100110111 !
b1010001100110111 8
b1100010110101001 #
b1100010110101001 5
1%
#23210000
1+
b1010011000010001 (
b1100001011010011 '
r0.6487090028254374 /
r0.761036549485783 -
r0.7058868408203125 .
b1011010010110101 $
b1011010010110101 4
b1011010010110101 ,
b1001 *
b1010 &
b1000 3
b1010001100110111 1
b1010001011111101 2
0%
#23215000
0"
17
b0 6
b1011010010110101 ;
b0 :
b1001101110101001 9
1%
#23220000
0%
0+
#23225000
b1 6
b111110101110100110 ;
b1001101110101001 :
1%
#23230000
0%
#23235000
b10 6
b110001001010111 ;
b100110111010101 :
b1110100101111101 9
1%
#23240000
0%
#23245000
b11 6
b10001110100001 ;
b1000100000110100 :
b1101011000001000 9
1%
#23250000
0%
#23255000
b100 6
b1111010000 ;
b1010001011110101 :
b1100010100000010 9
1%
#23260000
0%
#23265000
b101 6
b111111001111010110 ;
b1010111101000101 :
b1011101011010011 9
1%
#23270000
0%
#23275000
b110 6
b111111101111010011 ;
b1010100101101111 :
b1100000001001101 9
1%
#23280000
0%
#23285000
b111 6
b111111111111010010 ;
b1010011001101110 :
b1100001011110010 9
1%
#23290000
0%
#23295000
b1000 6
b111010010 ;
b1010010011101001 :
b1100010000111110 9
1%
#23300000
0%
#23305000
b1001 6
b11010010 ;
b1010010110101101 :
b1100001110011010 9
1%
#23310000
0%
#23315000
b1010 6
b1010010 ;
b1010011000001110 :
b1100001101001000 9
1%
#23320000
0%
#23325000
b1011 6
b10010 ;
b1010011000111110 :
b1100001100011111 9
1%
#23330000
0%
#23335000
b1100 6
b111111111111110010 ;
b1010011001010110 :
b1100001100001011 9
1%
#23340000
0%
#23345000
b1101 6
b10 ;
b1010011001001010 :
b1100001100010101 9
1%
#23350000
0%
#23355000
b1110 6
b111111111111111010 ;
b1010011001010000 :
b1100001100010000 9
1%
#23360000
0%
#23365000
07
1"
b1010011001010000 !
b1010011001010000 8
b1100001100010000 #
b1100001100010000 5
1%
#23370000
1+
b1010100100011011 (
b1100000000110001 '
r0.660577808744404 /
r0.7507575897681232 -
r0.721588134765625 .
b1011100010111010 $
b1011100010111010 4
b1011100010111010 ,
b1011 *
b1001 &
b110 3
b1010011001010000 1
b1010011000010001 2
0%
#23375000
0"
17
b0 6
b1011100010111010 ;
b0 :
b1001101110101001 9
1%
#23380000
0%
0+
#23385000
b1 6
b111110111110101011 ;
b1001101110101001 :
1%
#23390000
0%
#23395000
b10 6
b110011001011100 ;
b100110111010101 :
b1110100101111101 9
1%
#23400000
0%
#23405000
b11 6
b10011110100110 ;
b1000100000110100 :
b1101011000001000 9
1%
#23410000
0%
#23415000
b100 6
b11111010101 ;
b1010001011110101 :
b1100010100000010 9
1%
#23420000
0%
#23425000
b101 6
b111111011111011011 ;
b1010111101000101 :
b1011101011010011 9
1%
#23430000
0%
#23435000
b110 6
b111111111111011000 ;
b1010100101101111 :
b1100000001001101 9
1%
#23440000
0%
#23445000
b111 6
b1111010111 ;
b1010011001101110 :
b1100001011110010 9
1%
#23450000
0%
#23455000
b1000 6
b111010111 ;
b1010011111110011 :
b1100000110100110 9
1%
#23460000
0%
#23465000
b1001 6
b11010111 ;
b1010100010110100 :
b1100000011111111 9
1%
#23470000
0%
#23475000
b1010 6
b1010111 ;
b1010100100010100 :
b1100000010101011 9
1%
#23480000
0%
#23485000
b1011 6
b10111 ;
b1010100101000100 :
b1100000010000001 9
1%
#23490000
0%
#23495000
b1100 6
b111111111111110111 ;
b1010100101011100 :
b1100000001101100 9
1%
#23500000
0%
#23505000
b1101 6
b111 ;
b1010100101010000 :
b1100000001110110 9
1%
#23510000
0%
#23515000
b1110 6
b111111111111111111 ;
b1010100101010110 :
b1100000001110001 9
1%
#23520000
0%
#23525000
07
1"
b1010100101010110 !
b1010100101010110 8
b1100000001110001 #
b1100000001110001 5
1%
#23530000
1+
b1010110000011010 (
b1011110110000011 '
r0.6722837653446416 /
r0.7402935491101019 -
r0.7372894287109375 .
b1011110010111111 $
b1011110010111111 4
b1011110010111111 ,
b1011 &
b110 3
b1010100101010110 1
b1010100100011011 2
0%
#23535000
0"
17
b0 6
b1011110010111111 ;
b0 :
b1001101110101001 9
1%
#23540000
0%
0+
#23545000
b1 6
b111111001110110000 ;
b1001101110101001 :
1%
#23550000
0%
#23555000
b10 6
b110101001100001 ;
b100110111010101 :
b1110100101111101 9
1%
#23560000
0%
#23565000
b11 6
b10101110101011 ;
b1000100000110100 :
b1101011000001000 9
1%
#23570000
0%
#23575000
b100 6
b101111011010 ;
b1010001011110101 :
b1100010100000010 9
1%
#23580000
0%
#23585000
b101 6
b111111101111100000 ;
b1010111101000101 :
b1011101011010011 9
1%
#23590000
0%
#23595000
b110 6
b1111011101 ;
b1010100101101111 :
b1100000001001101 9
1%
#23600000
0%
#23605000
b111 6
b111111111111011110 ;
b1010110001110000 :
b1011110110101000 9
1%
#23610000
0%
#23615000
b1000 6
b111011110 ;
b1010101011110101 :
b1011111100000000 9
1%
#23620000
0%
#23625000
b1001 6
b11011110 ;
b1010101110110100 :
b1011111001010110 9
1%
#23630000
0%
#23635000
b1010 6
b1011110 ;
b1010110000010011 :
b1011111000000001 9
1%
#23640000
0%
#23645000
b1011 6
b11110 ;
b1010110001000010 :
b1011110111010110 9
1%
#23650000
0%
#23655000
b1100 6
b111111111111111110 ;
b1010110001011001 :
b1011110111000001 9
1%
#23660000
0%
#23665000
b1101 6
b1110 ;
b1010110001001110 :
b1011110111001011 9
1%
#23670000
0%
#23675000
b1110 6
b110 ;
b1010110001010011 :
b1011110111000110 9
1%
#23680000
0%
#23685000
07
1"
b1010110001010011 !
b1010110001010011 8
b1011110111000110 #
b1011110111000110 5
1%
#23690000
1+
b1010111100001111 (
b1011101011001010 '
r0.6838239868085642 /
r0.7296470071652735 -
r0.75299072265625 .
b1100000011000100 $
b1100000011000100 4
b1100000011000100 ,
b110 3
b1010110001010011 1
b1010110000011010 2
0%
#23695000
0"
17
b0 6
b1100000011000100 ;
b0 :
b1001101110101001 9
1%
#23700000
0%
0+
#23705000
b1 6
b111111011110110101 ;
b1001101110101001 :
1%
#23710000
0%
#23715000
b10 6
b110111001100110 ;
b100110111010101 :
b1110100101111101 9
1%
#23720000
0%
#23725000
b11 6
b10111110110000 ;
b1000100000110100 :
b1101011000001000 9
1%
#23730000
0%
#23735000
b100 6
b111111011111 ;
b1010001011110101 :
b1100010100000010 9
1%
#23740000
0%
#23745000
b101 6
b111111111111100101 ;
b1010111101000101 :
b1011101011010011 9
1%
#23750000
0%
#23755000
b110 6
b11111100010 ;
b1010100101101111 :
b1100000001001101 9
1%
#23760000
0%
#23765000
b111 6
b1111100011 ;
b1010110001110000 :
b1011110110101000 9
1%
#23770000
0%
#23775000
b1000 6
b111100011 ;
b1010110111101011 :
b1011110001010000 9
1%
#23780000
0%
#23785000
b1001 6
b11100011 ;
b1010111010100111 :
b1011101110100011 9
1%
#23790000
0%
#23795000
b1010 6
b1100011 ;
b1010111100000100 :
b1011101101001100 9
1%
#23800000
0%
#23805000
b1011 6
b100011 ;
b1010111100110010 :
b1011101100100001 9
1%
#23810000
0%
#23815000
b1100 6
b11 ;
b1010111101001001 :
b1011101100001100 9
1%
#23820000
0%
#23825000
b1101 6
b111111111111110011 ;
b1010111101010100 :
b1011101100000010 9
1%
#23830000
0%
#23835000
b1110 6
b111111111111111011 ;
b1010111101001111 :
b1011101100000111 9
1%
#23840000
0%
#23845000
07
1"
b1010111101001111 !
b1010111101001111 8
b1011101100000111 #
b1011101100000111 5
1%
#23850000
1+
b1011000111111000 (
b1011100000000100 '
r0.695195628176534 /
r0.7188205885784256 -
r0.7686920166015625 .
b1100010011001001 $
b1100010011001001 4
b1100010011001001 ,
b1001 &
b110 3
b1010111101001111 1
b1010111100001111 2
0%
#23855000
0"
17
b0 6
b1100010011001001 ;
b0 :
b1001101110101001 9
1%
#23860000
0%
0+
#23865000
b1 6
b111111101110111010 ;
b1001101110101001 :
1%
#23870000
0%
#23875000
b10 6
b111001001101011 ;
b100110111010101 :
b1110100101111101 9
1%
#23880000
0%
#23885000
b11 6
b11001110110101 ;
b1000100000110100 :
b1101011000001000 9
1%
#23890000
0%
#23895000
b100 6
b1001111100100 ;
b1010001011110101 :
b1100010100000010 9
1%
#23900000
0%
#23905000
b101 6
b1111101010 ;
b1010111101000101 :
b1011101011010011 9
1%
#23910000
0%
#23915000
b110 6
b111111101111101101 ;
b1011010100011011 :
b1011010101011001 9
1%
#23920000
0%
#23925000
b111 6
b111111111111101100 ;
b1011001001000110 :
b1011100000101101 9
1%
#23930000
0%
#23935000
b1000 6
b111101100 ;
b1011000011010110 :
b1011100110010001 9
1%
#23940000
0%
#23945000
b1001 6
b11101100 ;
b1011000110001111 :
b1011100011100001 9
1%
#23950000
0%
#23955000
b1010 6
b1101100 ;
b1011000111101011 :
b1011100010001001 9
1%
#23960000
0%
#23965000
b1011 6
b101100 ;
b1011001000011001 :
b1011100001011101 9
1%
#23970000
0%
#23975000
b1100 6
b1100 ;
b1011001000110000 :
b1011100001000111 9
1%
#23980000
0%
#23985000
b1101 6
b111111111111111100 ;
b1011001000111011 :
b1011100000111100 9
1%
#23990000
0%
#23995000
b1110 6
b100 ;
b1011001000110110 :
b1011100001000001 9
1%
#24000000
0%
#24005000
07
1"
b1011001000110110 !
b1011001000110110 8
b1011100001000001 #
b1011100001000001 5
1%
#24010000
1+
b1011010011010110 (
b1011010100110011 '
r0.7063958860482173 /
r0.707816962338537 -
r0.784393310546875 .
b1100100011001110 $
b1100100011001110 4
b1100100011001110 ,
b1000 *
b1011 &
b1001 3
b1011001000110110 1
b1011000111111000 2
0%
#24015000
0"
17
b0 6
b1100100011001110 ;
b0 :
b1001101110101001 9
1%
#24020000
0%
0+
#24025000
b1 6
b111111111110111111 ;
b1001101110101001 :
1%
#24030000
0%
#24035000
b10 6
b111011001110000 ;
b100110111010101 :
b1110100101111101 9
1%
#24040000
0%
#24045000
b11 6
b11011110111010 ;
b1000100000110100 :
b1101011000001000 9
1%
#24050000
0%
#24055000
b100 6
b1011111101001 ;
b1010001011110101 :
b1100010100000010 9
1%
#24060000
0%
#24065000
b101 6
b11111101111 ;
b1010111101000101 :
b1011101011010011 9
1%
#24070000
0%
#24075000
b110 6
b111111111111110010 ;
b1011010100011011 :
b1011010101011001 9
1%
#24080000
0%
#24085000
b111 6
b1111110001 ;
b1011001001000110 :
b1011100000101101 9
1%
#24090000
0%
#24095000
b1000 6
b111110001 ;
b1011001110110110 :
b1011011011001001 9
1%
#24100000
0%
#24105000
b1001 6
b11110001 ;
b1011010001101100 :
b1011011000010110 9
1%
#24110000
0%
#24115000
b1010 6
b1110001 ;
b1011010011000111 :
b1011010110111100 9
1%
#24120000
0%
#24125000
b1011 6
b110001 ;
b1011010011110100 :
b1011010110001111 9
1%
#24130000
0%
#24135000
b1100 6
b10001 ;
b1011010100001010 :
b1011010101111001 9
1%
#24140000
0%
#24145000
b1101 6
b1 ;
b1011010100010101 :
b1011010101101110 9
1%
#24150000
0%
#24155000
b1110 6
b111111111111111001 ;
b1011010100011010 :
b1011010101101001 9
1%
#24160000
0%
#24165000
07
1"
b1011010100011010 !
b1011010100011010 8
b1011010101101001 #
b1011010101101001 5
1%
#24170000
1+
b1011011110101000 (
b1011001001010110 '
r0.7174219992736938 /
r0.6966388411208035 -
r0.8000946044921875 .
b1100110011010011 $
b1100110011010011 4
b1100110011010011 ,
b1001 *
b1000 3
b1011010100011010 1
b1011010011010110 2
0%
#24175000
0"
17
b0 6
b1100110011010011 ;
b0 :
b1001101110101001 9
1%
#24180000
0%
0+
#24185000
b1 6
b1111000100 ;
b1001101110101001 :
1%
#24190000
0%
#24195000
b10 6
b111000110100010011 ;
b1110100101111101 :
b100110111010101 9
1%
#24200000
0%
#24205000
b11 6
b111100101111001001 ;
b1101011000001000 :
b1000100000110100 9
1%
#24210000
0%
#24215000
b100 6
b111110101110011010 ;
b1100010100000010 :
b1010001011110101 9
1%
#24220000
0%
#24225000
b101 6
b111111101110010100 ;
b1011101011010011 :
b1010111101000101 9
1%
#24230000
0%
#24235000
b110 6
b1110010001 ;
b1011010101011001 :
b1011010100011011 9
1%
#24240000
0%
#24245000
b111 6
b111111111110010010 ;
b1011100000101101 :
b1011001001000110 9
1%
#24250000
0%
#24255000
b1000 6
b110010010 ;
b1011011011001001 :
b1011001110110110 9
1%
#24260000
0%
#24265000
b1001 6
b10010010 ;
b1011011101111100 :
b1011001100000000 9
1%
#24270000
0%
#24275000
b1010 6
b10010 ;
b1011011111010101 :
b1011001010100101 9
1%
#24280000
0%
#24285000
b1011 6
b111111111111010010 ;
b1011100000000001 :
b1011001001111000 9
1%
#24290000
0%
#24295000
b1100 6
b111111111111110010 ;
b1011011111101011 :
b1011001010001111 9
1%
#24300000
0%
#24305000
b1101 6
b10 ;
b1011011111100000 :
b1011001010011010 9
1%
#24310000
0%
#24315000
b1110 6
b111111111111111010 ;
b1011011111100101 :
b1011001010010101 9
1%
#24320000
0%
#24325000
07
1"
b1011011111100101 !
b1011011111100101 8
b1011001010010101 #
b1011001010010101 5
1%
#24330000
1+
b1011101001101111 (
b1010111101101111 '
r0.7282712496341506 /
r0.6852889806178943 -
r0.8157958984375 .
b1101000011011000 $
b1101000011011000 4
b1101000011011000 ,
b1011 *
b1010 &
b110 3
b1011011111100101 1
b1011011110101000 2
0%
#24335000
0"
17
b0 6
b1101000011011000 ;
b0 :
b1001101110101001 9
1%
#24340000
0%
0+
#24345000
b1 6
b11111001001 ;
b1001101110101001 :
1%
#24350000
0%
#24355000
b10 6
b111001000100011000 ;
b1110100101111101 :
b100110111010101 9
1%
#24360000
0%
#24365000
b11 6
b111100111111001110 ;
b1101011000001000 :
b1000100000110100 9
1%
#24370000
0%
#24375000
b100 6
b111110111110011111 ;
b1100010100000010 :
b1010001011110101 9
1%
#24380000
0%
#24385000
b101 6
b111111111110011001 ;
b1011101011010011 :
b1010111101000101 9
1%
#24390000
0%
#24395000
b110 6
b11110010110 ;
b1011010101011001 :
b1011010100011011 9
1%
#24400000
0%
#24405000
b111 6
b1110010111 ;
b1011100000101101 :
b1011001001000110 9
1%
#24410000
0%
#24415000
b1000 6
b110010111 ;
b1011100110010001 :
b1011000011010110 9
1%
#24420000
0%
#24425000
b1001 6
b10010111 ;
b1011101001000001 :
b1011000000011101 9
1%
#24430000
0%
#24435000
b1010 6
b10111 ;
b1011101010011001 :
b1010111111000000 9
1%
#24440000
0%
#24445000
b1011 6
b111111111111010111 ;
b1011101011000100 :
b1010111110010010 9
1%
#24450000
0%
#24455000
b1100 6
b111111111111110111 ;
b1011101010101111 :
b1010111110101001 9
1%
#24460000
0%
#24465000
b1101 6
b111 ;
b1011101010100101 :
b1010111110110100 9
1%
#24470000
0%
#24475000
b1110 6
b111111111111111111 ;
b1011101010101010 :
b1010111110101111 9
1%
#24480000
0%
#24485000
07
1"
b1011101010101010 !
b1011101010101010 8
b1010111110101111 #
b1010111110101111 5
1%
#24490000
1+
b1011110100101011 (
b1010110001111100 '
r0.738940962511993 /
r0.6737701788606032 -
r0.8314971923828125 .
b1101010011011101 $
b1101010011011101 4
b1101010011011101 ,
b1010 *
b111 3
b1011101010101010 1
b1011101001101111 2
0%
#24495000
0"
17
b0 6
b1101010011011101 ;
b0 :
b1001101110101001 9
1%
#24500000
0%
0+
#24505000
b1 6
b101111001110 ;
b1001101110101001 :
1%
#24510000
0%
#24515000
b10 6
b111001010100011101 ;
b1110100101111101 :
b100110111010101 9
1%
#24520000
0%
#24525000
b11 6
b111101001111010011 ;
b1101011000001000 :
b1000100000110100 9
1%
#24530000
0%
#24535000
b100 6
b111111001110100100 ;
b1100010100000010 :
b1010001011110101 9
1%
#24540000
0%
#24545000
b101 6
b1110011110 ;
b1011101011010011 :
b1010111101000101 9
1%
#24550000
0%
#24555000
b110 6
b111111101110100001 ;
b1100000001001101 :
b1010100101101111 9
1%
#24560000
0%
#24565000
b111 6
b111111111110100000 ;
b1011110110101000 :
b1010110001110000 9
1%
#24570000
0%
#24575000
b1000 6
b110100000 ;
b1011110001010000 :
b1010110111101011 9
1%
#24580000
0%
#24585000
b1001 6
b10100000 ;
b1011110011111101 :
b1010110100101111 9
1%
#24590000
0%
#24595000
b1010 6
b100000 ;
b1011110101010011 :
b1010110011010001 9
1%
#24600000
0%
#24605000
b1011 6
b111111111111100000 ;
b1011110101111110 :
b1010110010100010 9
1%
#24610000
0%
#24615000
b1100 6
b0 ;
b1011110101101001 :
b1010110010111001 9
1%
#24620000
0%
#24625000
b1101 6
b111111111111110000 ;
b1011110101110011 :
b1010110010101110 9
1%
#24630000
0%
#24635000
b1110 6
b111111111111111000 ;
b1011110101101110 :
b1010110010110011 9
1%
#24640000
0%
#24645000
07
1"
b1011110101101110 !
b1011110101101110 8
b1010110010110011 #
b1010110010110011 5
1%
#24650000
1+
b1011111111011010 (
b1010100101111110 '
r0.7494285075502062 /
r0.6620852755280626 -
r0.847198486328125 .
b1101100011100010 $
b1101100011100010 4
b1101100011100010 ,
b1011 *
b110 3
b1011110101101110 1
b1011110100101011 2
0%
#24655000
0"
17
b0 6
b1101100011100010 ;
b0 :
b1001101110101001 9
1%
#24660000
0%
0+
#24665000
b1 6
b111111010011 ;
b1001101110101001 :
1%
#24670000
0%
#24675000
b10 6
b111001100100100010 ;
b1110100101111101 :
b100110111010101 9
1%
#24680000
0%
#24685000
b11 6
b111101011111011000 ;
b1101011000001000 :
b1000100000110100 9
1%
#24690000
0%
#24695000
b100 6
b111111011110101001 ;
b1100010100000010 :
b1010001011110101 9
1%
#24700000
0%
#24705000
b101 6
b11110100011 ;
b1011101011010011 :
b1010111101000101 9
1%
#24710000
0%
#24715000
b110 6
b111111111110100110 ;
b1100000001001101 :
b1010100101101111 9
1%
#24720000
0%
#24725000
b111 6
b1110100101 ;
b1011110110101000 :
b1010110001110000 9
1%
#24730000
0%
#24735000
b1000 6
b110100101 ;
b1011111100000000 :
b1010101011110101 9
1%
#24740000
0%
#24745000
b1001 6
b10100101 ;
b1011111110101010 :
b1010101000110110 9
1%
#24750000
0%
#24755000
b1010 6
b100101 ;
b1011111111111111 :
b1010100111010111 9
1%
#24760000
0%
#24765000
b1011 6
b111111111111100101 ;
b1100000000101001 :
b1010100110101000 9
1%
#24770000
0%
#24775000
b1100 6
b101 ;
b1100000000010100 :
b1010100111000000 9
1%
#24780000
0%
#24785000
b1101 6
b111111111111110101 ;
b1100000000011110 :
b1010100110110100 9
1%
#24790000
0%
#24795000
b1110 6
b111111111111111101 ;
b1100000000011001 :
b1010100110111010 9
1%
#24800000
0%
#24805000
07
1"
b1100000000011001 !
b1100000000011001 8
b1010100110111010 #
b1010100110111010 5
1%
#24810000
1+
b1100001001111101 (
b1010011001110101 '
r0.759731299300805 /
r0.6502371512476895 -
r0.8628997802734375 .
b1101110011100111 $
b1101110011100111 4
b1101110011100111 ,
b11 *
b1110 3
b1100000000011001 1
b1011111111011010 2
0%
#24815000
0"
17
b0 6
b1101110011100111 ;
b0 :
b1001101110101001 9
1%
#24820000
0%
0+
#24825000
b1 6
b1001111011000 ;
b1001101110101001 :
1%
#24830000
0%
#24835000
b10 6
b111001110100100111 ;
b1110100101111101 :
b100110111010101 9
1%
#24840000
0%
#24845000
b11 6
b111101101111011101 ;
b1101011000001000 :
b1000100000110100 9
1%
#24850000
0%
#24855000
b100 6
b111111101110101110 ;
b1100010100000010 :
b1010001011110101 9
1%
#24860000
0%
#24865000
b101 6
b101110101000 ;
b1011101011010011 :
b1010111101000101 9
1%
#24870000
0%
#24875000
b110 6
b1110101011 ;
b1100000001001101 :
b1010100101101111 9
1%
#24880000
0%
#24885000
b111 6
b111111111110101100 ;
b1100001011110010 :
b1010011001101110 9
1%
#24890000
0%
#24895000
b1000 6
b110101100 ;
b1100000110100110 :
b1010011111110011 9
1%
#24900000
0%
#24905000
b1001 6
b10101100 ;
b1100001001001101 :
b1010011100110010 9
1%
#24910000
0%
#24915000
b1010 6
b101100 ;
b1100001010100000 :
b1010011011010001 9
1%
#24920000
0%
#24925000
b1011 6
b111111111111101100 ;
b1100001011001001 :
b1010011010100001 9
1%
#24930000
0%
#24935000
b1100 6
b1100 ;
b1100001010110101 :
b1010011010111001 9
1%
#24940000
0%
#24945000
b1101 6
b111111111111111100 ;
b1100001010111111 :
b1010011010101101 9
1%
#24950000
0%
#24955000
b1110 6
b100 ;
b1100001010111010 :
b1010011010110011 9
1%
#24960000
0%
#24965000
07
1"
b1100001010111010 !
b1100001010111010 8
b1010011010110011 #
b1010011010110011 5
1%
#24970000
1+
b1100010100010100 (
b1010001101100010 '
r0.7698467978622131 /
r0.6382287268850383 -
r0.87860107421875 .
b1110000011101100 $
b1110000011101100 4
b1110000011101100 ,
b1010 *
b111 3
b1100001010111010 1
b1100001001111101 2
0%
#24975000
0"
17
b0 6
b1110000011101100 ;
b0 :
b1001101110101001 9
1%
#24980000
0%
0+
#24985000
b1 6
b1011111011101 ;
b1001101110101001 :
1%
#24990000
0%
#24995000
b10 6
b111010000100101100 ;
b1110100101111101 :
b100110111010101 9
1%
#25000000
0%
#25005000
b11 6
b111101111111100010 ;
b1101011000001000 :
b1000100000110100 9
1%
#25010000
0%
#25015000
b100 6
b111111111110110011 ;
b1100010100000010 :
b1010001011110101 9
1%
#25020000
0%
#25025000
b101 6
b111110101101 ;
b1011101011010011 :
b1010111101000101 9
1%
#25030000
0%
#25035000
b110 6
b11110110000 ;
b1100000001001101 :
b1010100101101111 9
1%
#25040000
0%
#25045000
b111 6
b1110110001 ;
b1100001011110010 :
b1010011001101110 9
1%
#25050000
0%
#25055000
b1000 6
b110110001 ;
b1100010000111110 :
b1010010011101001 9
1%
#25060000
0%
#25065000
b1001 6
b10110001 ;
b1100010011100010 :
b1010010000100101 9
1%
#25070000
0%
#25075000
b1010 6
b110001 ;
b1100010100110100 :
b1010001111000011 9
1%
#25080000
0%
#25085000
b1011 6
b111111111111110001 ;
b1100010101011100 :
b1010001110010010 9
1%
#25090000
0%
#25095000
b1100 6
b10001 ;
b1100010101001000 :
b1010001110101010 9
1%
#25100000
0%
#25105000
b1101 6
b1 ;
b1100010101010010 :
b1010001110011110 9
1%
#25110000
0%
#25115000
b1110 6
b111111111111111001 ;
b1100010101010111 :
b1010001110011000 9
1%
#25120000
0%
#25125000
07
1"
b1100010101010111 !
b1100010101010111 8
b1010001110011000 #
b1010001110011000 5
1%
#25130000
1+
b1100011110011111 (
b1010000001000101 '
r0.7797725095054143 /
r0.6260629628237312 -
r0.8943023681640625 .
b1110010011110001 $
b1110010011110001 4
b1110010011110001 ,
b1011 *
b110 3
b1100010101010111 1
b1100010100010100 2
0%
#25135000
0"
17
b0 6
b1110010011110001 ;
b0 :
b1001101110101001 9
1%
#25140000
0%
0+
#25145000
b1 6
b1101111100010 ;
b1001101110101001 :
1%
#25150000
0%
#25155000
b10 6
b111010010100110001 ;
b1110100101111101 :
b100110111010101 9
1%
#25160000
0%
#25165000
b11 6
b111110001111100111 ;
b1101011000001000 :
b1000100000110100 9
1%
#25170000
0%
#25175000
b100 6
b1110111000 ;
b1100010100000010 :
b1010001011110101 9
1%
#25180000
0%
#25185000
b101 6
b111111001110111110 ;
b1100111100110001 :
b1001011010100101 9
1%
#25190000
0%
#25195000
b110 6
b111111101110111011 ;
b1100101001111100 :
b1001110100011110 9
1%
#25200000
0%
#25205000
b111 6
b111111111110111010 ;
b1100100000001000 :
b1010000001000111 9
1%
#25210000
0%
#25215000
b1000 6
b110111010 ;
b1100011011001000 :
b1010000111010111 9
1%
#25220000
0%
#25225000
b1001 6
b10111010 ;
b1100011101101001 :
b1010000100010001 9
1%
#25230000
0%
#25235000
b1010 6
b111010 ;
b1100011110111001 :
b1010000010101110 9
1%
#25240000
0%
#25245000
b1011 6
b111111111111111010 ;
b1100011111100001 :
b1010000001111101 9
1%
#25250000
0%
#25255000
b1100 6
b11010 ;
b1100011111001101 :
b1010000010010101 9
1%
#25260000
0%
#25265000
b1101 6
b1010 ;
b1100011111010111 :
b1010000010001001 9
1%
#25270000
0%
#25275000
b1110 6
b10 ;
b1100011111011100 :
b1010000010000011 9
1%
#25280000
0%
#25285000
07
1"
b1100011111011100 !
b1100011111011100 8
b1010000010000011 #
b1010000010000011 5
1%
#25290000
1+
b1100101000011101 (
b1001110100011110 '
r0.7895059872887195 /
r0.6137428582356493 -
r0.910003662109375 .
b1110100011110110 $
b1110100011110110 4
b1110100011110110 ,
b110 3
b1100011111011100 1
b1100011110011111 2
0%
#25295000
0"
17
b0 6
b1110100011110110 ;
b0 :
b1001101110101001 9
1%
#25300000
0%
0+
#25305000
b1 6
b1111111100111 ;
b1001101110101001 :
1%
#25310000
0%
#25315000
b10 6
b111010100100110110 ;
b1110100101111101 :
b100110111010101 9
1%
#25320000
0%
#25325000
b11 6
b111110011111101100 ;
b1101011000001000 :
b1000100000110100 9
1%
#25330000
0%
#25335000
b100 6
b11110111101 ;
b1100010100000010 :
b1010001011110101 9
1%
#25340000
0%
#25345000
b101 6
b111111011111000011 ;
b1100111100110001 :
b1001011010100101 9
1%
#25350000
0%
#25355000
b110 6
b111111111111000000 ;
b1100101001111100 :
b1001110100011110 9
1%
#25360000
0%
#25365000
b111 6
b1110111111 ;
b1100100000001000 :
b1010000001000111 9
1%
#25370000
0%
#25375000
b1000 6
b110111111 ;
b1100100101001000 :
b1001111010110111 9
1%
#25380000
0%
#25385000
b1001 6
b10111111 ;
b1100100111100110 :
b1001110111101110 9
1%
#25390000
0%
#25395000
b1010 6
b111111 ;
b1100101000110100 :
b1001110110001010 9
1%
#25400000
0%
#25405000
b1011 6
b111111111111111111 ;
b1100101001011011 :
b1001110101011000 9
1%
#25410000
0%
#25415000
b1100 6
b11111 ;
b1100101001001000 :
b1001110101110001 9
1%
#25420000
0%
#25425000
b1101 6
b1111 ;
b1100101001010001 :
b1001110101100101 9
1%
#25430000
0%
#25435000
b1110 6
b111 ;
b1100101001010101 :
b1001110101011111 9
1%
#25440000
0%
#25445000
07
1"
b1100101001010101 !
b1100101001010101 8
b1001110101011111 #
b1001110101011111 5
1%
#25450000
1+
b1100110010001110 (
b1001100111101100 '
r0.7990448316610009 /
r0.6012714503415597 -
r0.9257049560546875 .
b1110110011111011 $
b1110110011111011 4
b1110110011111011 ,
b1011 &
b110 3
b1100101001010101 1
b1100101000011101 2
0%
#25455000
0"
17
b0 6
b1110110011111011 ;
b0 :
b1001101110101001 9
1%
#25460000
0%
0+
#25465000
b1 6
b10001111101100 ;
b1001101110101001 :
1%
#25470000
0%
#25475000
b10 6
b111010110100111011 ;
b1110100101111101 :
b100110111010101 9
1%
#25480000
0%
#25485000
b11 6
b111110101111110001 ;
b1101011000001000 :
b1000100000110100 9
1%
#25490000
0%
#25495000
b100 6
b101111000010 ;
b1100010100000010 :
b1010001011110101 9
1%
#25500000
0%
#25505000
b101 6
b111111101111001000 ;
b1100111100110001 :
b1001011010100101 9
1%
#25510000
0%
#25515000
b110 6
b1111000101 ;
b1100101001111100 :
b1001110100011110 9
1%
#25520000
0%
#25525000
b111 6
b111111111111000110 ;
b1100110011110000 :
b1001100111110101 9
1%
#25530000
0%
#25535000
b1000 6
b111000110 ;
b1100101110111101 :
b1001101110001110 9
1%
#25540000
0%
#25545000
b1001 6
b11000110 ;
b1100110001011000 :
b1001101011000011 9
1%
#25550000
0%
#25555000
b1010 6
b1000110 ;
b1100110010100101 :
b1001101001011101 9
1%
#25560000
0%
#25565000
b1011 6
b110 ;
b1100110011001011 :
b1001101000101010 9
1%
#25570000
0%
#25575000
b1100 6
b111111111111100110 ;
b1100110011011110 :
b1001101000010001 9
1%
#25580000
0%
#25585000
b1101 6
b111111111111110110 ;
b1100110011010101 :
b1001101000011101 9
1%
#25590000
0%
#25595000
b1110 6
b111111111111111110 ;
b1100110011010001 :
b1001101000100011 9
1%
#25600000
0%
#25605000
07
1"
b1100110011010001 !
b1100110011010001 8
b1001101000100011 #
b1001101000100011 5
1%
#25610000
1+
b1100111011110010 (
b1001011010110001 '
r0.8083866910532431 /
r0.5886518136623622 -
r0.94140625 .
b1111000100000000 $
b1111000100000000 4
b1111000100000000 ,
b1000 &
b110 3
b1100110011010001 1
b1100110010001110 2
0%
#25615000
0"
17
b0 6
b1111000100000000 ;
b0 :
b1001101110101001 9
1%
#25620000
0%
0+
#25625000
b1 6
b10011111110001 ;
b1001101110101001 :
1%
#25630000
0%
#25635000
b10 6
b111011000101000000 ;
b1110100101111101 :
b100110111010101 9
1%
#25640000
0%
#25645000
b11 6
b111110111111110110 ;
b1101011000001000 :
b1000100000110100 9
1%
#25650000
0%
#25655000
b100 6
b111111000111 ;
b1100010100000010 :
b1010001011110101 9
1%
#25660000
0%
#25665000
b101 6
b111111111111001101 ;
b1100111100110001 :
b1001011010100101 9
1%
#25670000
0%
#25675000
b110 6
b11111001010 ;
b1100101001111100 :
b1001110100011110 9
1%
#25680000
0%
#25685000
b111 6
b1111001011 ;
b1100110011110000 :
b1001100111110101 9
1%
#25690000
0%
#25695000
b1000 6
b111001011 ;
b1100111000100011 :
b1001100001011100 9
1%
#25700000
0%
#25705000
b1001 6
b11001011 ;
b1100111010111011 :
b1001011110001110 9
1%
#25710000
0%
#25715000
b1010 6
b1001011 ;
b1100111100000110 :
b1001011100100111 9
1%
#25720000
0%
#25725000
b1011 6
b1011 ;
b1100111100101011 :
b1001011011110100 9
1%
#25730000
0%
#25735000
b1100 6
b111111111111101011 ;
b1100111100111101 :
b1001011011011011 9
1%
#25740000
0%
#25745000
b1101 6
b111111111111111011 ;
b1100111100110100 :
b1001011011100111 9
1%
#25750000
0%
#25755000
b1110 6
b11 ;
b1100111100110000 :
b1001011011101101 9
1%
#25760000
0%
#25765000
07
1"
b1100111100110000 !
b1100111100110000 8
b1001011011101101 #
b1001011011101101 5
1%
#25770000
1+
b1101000101001001 (
b1001001101101101 '
r0.8175292624582642 /
r0.5758870592611424 -
r0.9571075439453125 .
b1111010100000101 $
b1111010100000101 4
b1111010100000101 ,
b1001 *
b1011 &
b1000 3
b1100111100110000 1
b1100111011110010 2
0%
#25775000
0"
17
b0 6
b1111010100000101 ;
b0 :
b1001101110101001 9
1%
#25780000
0%
0+
#25785000
b1 6
b10101111110110 ;
b1001101110101001 :
1%
#25790000
0%
#25795000
b10 6
b111011010101000101 ;
b1110100101111101 :
b100110111010101 9
1%
#25800000
0%
#25805000
b11 6
b111111001111111011 ;
b1101011000001000 :
b1000100000110100 9
1%
#25810000
0%
#25815000
b100 6
b1001111001100 ;
b1100010100000010 :
b1010001011110101 9
1%
#25820000
0%
#25825000
b101 6
b1111010010 ;
b1100111100110001 :
b1001011010100101 9
1%
#25830000
0%
#25835000
b110 6
b111111101111010101 ;
b1101001111100110 :
b1001000000101100 9
1%
#25840000
0%
#25845000
b111 6
b111111111111010100 ;
b1101000110100110 :
b1001001101111011 9
1%
#25850000
0%
#25855000
b1000 6
b111010100 ;
b1101000010000000 :
b1001010100011110 9
1%
#25860000
0%
#25865000
b1001 6
b11010100 ;
b1101000100010101 :
b1001010001001110 9
1%
#25870000
0%
#25875000
b1010 6
b1010100 ;
b1101000101011111 :
b1001001111100110 9
1%
#25880000
0%
#25885000
b1011 6
b10100 ;
b1101000110000011 :
b1001001110110010 9
1%
#25890000
0%
#25895000
b1100 6
b111111111111110100 ;
b1101000110010101 :
b1001001110011000 9
1%
#25900000
0%
#25905000
b1101 6
b100 ;
b1101000110001100 :
b1001001110100101 9
1%
#25910000
0%
#25915000
b1110 6
b111111111111111100 ;
b1101000110010000 :
b1001001110011111 9
1%
#25920000
0%
#25925000
07
1"
b1101000110010000 !
b1101000110010000 8
b1001001110011111 #
b1001001110011111 5
1%
#25930000
1+
b1101001110010011 (
b1001000000011111 '
r0.8264702919984663 /
r0.5629803339762143 -
r0.972808837890625 .
b1111100100001010 $
b1111100100001010 4
b1111100100001010 ,
b1010 *
b1010 &
b111 3
b1101000110010000 1
b1101000101001001 2
0%
#25935000
0"
17
b0 6
b1111100100001010 ;
b0 :
b1001101110101001 9
1%
#25940000
0%
0+
#25945000
b1 6
b10111111111011 ;
b1001101110101001 :
1%
#25950000
0%
#25955000
b10 6
b111011100101001010 ;
b1110100101111101 :
b100110111010101 9
1%
#25960000
0%
#25965000
b11 6
b111111100000000000 ;
b1101011000001000 :
b1000100000110100 9
1%
#25970000
0%
#25975000
b100 6
b1011111010001 ;
b1100010100000010 :
b1010001011110101 9
1%
#25980000
0%
#25985000
b101 6
b11111010111 ;
b1100111100110001 :
b1001011010100101 9
1%
#25990000
0%
#25995000
b110 6
b111111111111011010 ;
b1101001111100110 :
b1001000000101100 9
1%
#26000000
0%
#26005000
b111 6
b1111011001 ;
b1101000110100110 :
b1001001101111011 9
1%
#26010000
0%
#26015000
b1000 6
b111011001 ;
b1101001011001100 :
b1001000111011000 9
1%
#26020000
0%
#26025000
b1001 6
b11011001 ;
b1101001101011101 :
b1001000100000110 9
1%
#26030000
0%
#26035000
b1010 6
b1011001 ;
b1101001110100101 :
b1001000010011101 9
1%
#26040000
0%
#26045000
b1011 6
b11001 ;
b1101001111001001 :
b1001000001101001 9
1%
#26050000
0%
#26055000
b1100 6
b111111111111111001 ;
b1101001111011011 :
b1001000001001111 9
1%
#26060000
0%
#26065000
b1101 6
b1001 ;
b1101001111010010 :
b1001000001011100 9
1%
#26070000
0%
#26075000
b1110 6
b1 ;
b1101001111010110 :
b1001000001010110 9
1%
#26080000
0%
#26085000
07
1"
b1101001111010110 !
b1101001111010110 8
b1001000001010110 #
b1001000001010110 5
1%
#26090000
1+
b1101010111010000 (
b1000110011001000 '
r0.8352075754814742 /
r0.5499348196453445 -
r0.9885101318359375 .
b1111110100001111 $
b1111110100001111 4
b1111110100001111 ,
b1011 *
b1011 &
b110 3
b1101001111010110 1
b1101001110010011 2
0%
#26095000
0"
17
b0 6
b1111110100001111 ;
b0 :
b1001101110101001 9
1%
#26100000
0%
0+
#26105000
b1 6
b11010000000000 ;
b1001101110101001 :
1%
#26110000
0%
#26115000
b10 6
b111011110101001111 ;
b1110100101111101 :
b100110111010101 9
1%
#26120000
0%
#26125000
b11 6
b111111110000000101 ;
b1101011000001000 :
b1000100000110100 9
1%
#26130000
0%
#26135000
b100 6
b1101111010110 ;
b1100010100000010 :
b1010001011110101 9
1%
#26140000
0%
#26145000
b101 6
b101111011100 ;
b1100111100110001 :
b1001011010100101 9
1%
#26150000
0%
#26155000
b110 6
b1111011111 ;
b1101001111100110 :
b1001000000101100 9
1%
#26160000
0%
#26165000
b111 6
b111111111111100000 ;
b1101011000100110 :
b1000110011011101 9
1%
#26170000
0%
#26175000
b1000 6
b111100000 ;
b1101010100001101 :
b1000111010001001 9
1%
#26180000
0%
#26185000
b1001 6
b11100000 ;
b1101010110011011 :
b1000110110110100 9
1%
#26190000
0%
#26195000
b1010 6
b1100000 ;
b1101010111100001 :
b1000110101001010 9
1%
#26200000
0%
#26205000
b1011 6
b100000 ;
b1101011000000100 :
b1000110100010101 9
1%
#26210000
0%
#26215000
b1100 6
b0 ;
b1101011000010101 :
b1000110011111011 9
1%
#26220000
0%
#26225000
b1101 6
b111111111111110000 ;
b1101011000011101 :
b1000110011101110 9
1%
#26230000
0%
#26235000
b1110 6
b111111111111111000 ;
b1101011000011001 :
b1000110011110100 9
1%
#26240000
0%
#26245000
07
1"
b1101011000011001 !
b1101011000011001 8
b1000110011110100 #
b1000110011110100 5
1%
#26250000
1+
b1101011111111111 (
b1000100101101000 '
r0.8437389589435246 /
r0.536753732321348 -
r1.00421142578125 .
b10000000100010100 $
b10000000100010100 4
b10000000100010100 ,
b1000 *
b1100 &
b1001 3
b1101011000011001 1
b1101010111010000 2
0%
#26255000
0"
17
b0 6
b10000000100010100 ;
b0 :
b1001101110101001 9
1%
#26260000
0%
0+
#26265000
b1 6
b11100000000101 ;
b1001101110101001 :
1%
#26270000
0%
#26275000
b10 6
b111100000101010100 ;
b1110100101111101 :
b100110111010101 9
1%
#26280000
0%
#26285000
b11 6
b1010 ;
b1101011000001000 :
b1000100000110100 9
1%
#26290000
0%
#26295000
b100 6
b111110000000111001 ;
b1110011100001110 :
b110110101110011 9
1%
#26300000
0%
#26305000
b101 6
b111111000000110011 ;
b1110000000110111 :
b111101111100011 9
1%
#26310000
0%
#26315000
b110 6
b111111100000110000 ;
b1101110001011000 :
b1000001011100100 9
1%
#26320000
0%
#26325000
b111 6
b111111110000101111 ;
b1101101001001101 :
b1000011001010101 9
1%
#26330000
0%
#26335000
b1000 6
b111111111000101111 ;
b1101100101000001 :
b1000100000001001 9
1%
#26340000
0%
#26345000
b1001 6
b111111111100101111 ;
b1101100010111001 :
b1000100011100010 9
1%
#26350000
0%
#26355000
b1010 6
b111111111110101111 ;
b1101100001110101 :
b1000100101001110 9
1%
#26360000
0%
#26365000
b1011 6
b111111111111101111 ;
b1101100001010011 :
b1000100110000100 9
1%
#26370000
0%
#26375000
b1100 6
b1111 ;
b1101100001000010 :
b1000100110011111 9
1%
#26380000
0%
#26385000
b1101 6
b111111111111111111 ;
b1101100001001010 :
b1000100110010010 9
1%
#26390000
0%
#26395000
b1110 6
b111 ;
b1101100001000110 :
b1000100110011000 9
1%
#26400000
0%
#26405000
07
1"
b1101100001000110 !
b1101100001000110 8
b1000100110011000 #
b1000100110011000 5
1%
#26410000
1+
b1101101000100000 (
b1000011000000000 '
r0.8520623391804739 /
r0.5234403214792486 -
r1.019912719726562 .
b10000010100011001 $
b10000010100011001 4
b10000010100011001 ,
b110 *
b1010 &
b1011 3
b1101100001000110 1
b1101011111111111 2
0%
#26415000
0"
17
b0 6
b10000010100011001 ;
b0 :
b1001101110101001 9
1%
#26420000
0%
0+
#26425000
b1 6
b11110000001010 ;
b1001101110101001 :
1%
#26430000
0%
#26435000
b10 6
b111100010101011001 ;
b1110100101111101 :
b100110111010101 9
1%
#26440000
0%
#26445000
b11 6
b10000001111 ;
b1101011000001000 :
b1000100000110100 9
1%
#26450000
0%
#26455000
b100 6
b111110010000111110 ;
b1110011100001110 :
b110110101110011 9
1%
#26460000
0%
#26465000
b101 6
b111111010000111000 ;
b1110000000110111 :
b111101111100011 9
1%
#26470000
0%
#26475000
b110 6
b111111110000110101 ;
b1101110001011000 :
b1000001011100100 9
1%
#26480000
0%
#26485000
b111 6
b110100 ;
b1101101001001101 :
b1000011001010101 9
1%
#26490000
0%
#26495000
b1000 6
b111111111000110100 ;
b1101101101011001 :
b1000010010100001 9
1%
#26500000
0%
#26505000
b1001 6
b111111111100110100 ;
b1101101011010101 :
b1000010101111100 9
1%
#26510000
0%
#26515000
b1010 6
b111111111110110100 ;
b1101101010010011 :
b1000010111101001 9
1%
#26520000
0%
#26525000
b1011 6
b111111111111110100 ;
b1101101001110010 :
b1000011000011111 9
1%
#26530000
0%
#26535000
b1100 6
b10100 ;
b1101101001100010 :
b1000011000111010 9
1%
#26540000
0%
#26545000
b1101 6
b100 ;
b1101101001101010 :
b1000011000101101 9
1%
#26550000
0%
#26555000
b1110 6
b111111111111111100 ;
b1101101001101110 :
b1000011000100111 9
1%
#26560000
0%
#26565000
07
1"
b1101101001101110 !
b1101101001101110 8
b1000011000100111 #
b1000011000100111 5
1%
#26570000
1+
b1101110000110100 (
b1000001010001111 '
r0.8601756642662913 /
r0.5099978692152003 -
r1.035614013671875 .
b10000100100011110 $
b10000100100011110 4
b10000100100011110 ,
b1011 *
b1100 &
b110 3
b1101101001101110 1
b1101101000100000 2
0%
#26575000
0"
17
b0 6
b10000100100011110 ;
b0 :
b1001101110101001 9
1%
#26580000
0%
0+
#26585000
b1 6
b100000000001111 ;
b1001101110101001 :
1%
#26590000
0%
#26595000
b10 6
b111100100101011110 ;
b1110100101111101 :
b100110111010101 9
1%
#26600000
0%
#26605000
b11 6
b100000010100 ;
b1101011000001000 :
b1000100000110100 9
1%
#26610000
0%
#26615000
b100 6
b111110100001000011 ;
b1110011100001110 :
b110110101110011 9
1%
#26620000
0%
#26625000
b101 6
b111111100000111101 ;
b1110000000110111 :
b111101111100011 9
1%
#26630000
0%
#26635000
b110 6
b111010 ;
b1101110001011000 :
b1000001011100100 9
1%
#26640000
0%
#26645000
b111 6
b111111110000111011 ;
b1101111001100011 :
b111111101110011 9
1%
#26650000
0%
#26655000
b1000 6
b111111111000111011 ;
b1101110101100101 :
b1000000100101111 9
1%
#26660000
0%
#26665000
b1001 6
b111111111100111011 ;
b1101110011100100 :
b1000001000001100 9
1%
#26670000
0%
#26675000
b1010 6
b111111111110111011 ;
b1101110010100011 :
b1000001001111010 9
1%
#26680000
0%
#26685000
b1011 6
b111111111111111011 ;
b1101110010000011 :
b1000001010110001 9
1%
#26690000
0%
#26695000
b1100 6
b11011 ;
b1101110001110011 :
b1000001011001100 9
1%
#26700000
0%
#26705000
b1101 6
b1011 ;
b1101110001111011 :
b1000001010111111 9
1%
#26710000
0%
#26715000
b1110 6
b11 ;
b1101110001111111 :
b1000001010111001 9
1%
#26720000
0%
#26725000
07
1"
b1101110001111111 !
b1101110001111111 8
b1000001010111001 #
b1000001010111001 5
1%
#26730000
1+
b1101111000111010 (
b111111100010110 '
r0.8680769340589112 /
r0.4964296894373671 -
r1.051315307617188 .
b10000110100100011 $
b10000110100100011 4
b10000110100100011 ,
b110 3
b1101110001111111 1
b1101110000110100 2
0%
#26735000
0"
17
b0 6
b10000110100100011 ;
b0 :
b1001101110101001 9
1%
#26740000
0%
0+
#26745000
b1 6
b100010000010100 ;
b1001101110101001 :
1%
#26750000
0%
#26755000
b10 6
b111100110101100011 ;
b1110100101111101 :
b100110111010101 9
1%
#26760000
0%
#26765000
b11 6
b110000011001 ;
b1101011000001000 :
b1000100000110100 9
1%
#26770000
0%
#26775000
b100 6
b111110110001001000 ;
b1110011100001110 :
b110110101110011 9
1%
#26780000
0%
#26785000
b101 6
b111111110001000010 ;
b1110000000110111 :
b111101111100011 9
1%
#26790000
0%
#26795000
b110 6
b10000111111 ;
b1101110001011000 :
b1000001011100100 9
1%
#26800000
0%
#26805000
b111 6
b1000000 ;
b1101111001100011 :
b111111101110011 9
1%
#26810000
0%
#26815000
b1000 6
b111111111001000000 ;
b1101111101100001 :
b111110110110111 9
1%
#26820000
0%
#26825000
b1001 6
b111111111101000000 ;
b1101111011100100 :
b111111010010110 9
1%
#26830000
0%
#26835000
b1010 6
b111111111111000000 ;
b1101111010100101 :
b111111100000101 9
1%
#26840000
0%
#26845000
b1011 6
b0 ;
b1101111010000110 :
b111111100111100 9
1%
#26850000
0%
#26855000
b1100 6
b111111111111100000 ;
b1101111010010101 :
b111111100100001 9
1%
#26860000
0%
#26865000
b1101 6
b111111111111110000 ;
b1101111010001110 :
b111111100101110 9
1%
#26870000
0%
#26875000
b1110 6
b111111111111111000 ;
b1101111010001011 :
b111111100110100 9
1%
#26880000
0%
#26885000
07
1"
b1101111010001011 !
b1101111010001011 8
b111111100110100 #
b111111100110100 5
1%
#26890000
1+
b1110000000110010 (
b111101110010100 '
r0.8757642006933194 /
r0.4827391270489594 -
r1.0670166015625 .
b10001000100101000 $
b10001000100101000 4
b10001000100101000 ,
b1010 *
b111 3
b1101111010001011 1
b1101111000111010 2
0%
#26895000
0"
17
b0 6
b10001000100101000 ;
b0 :
b1001101110101001 9
1%
#26900000
0%
0+
#26905000
b1 6
b100100000011001 ;
b1001101110101001 :
1%
#26910000
0%
#26915000
b10 6
b111101000101101000 ;
b1110100101111101 :
b100110111010101 9
1%
#26920000
0%
#26925000
b11 6
b1000000011110 ;
b1101011000001000 :
b1000100000110100 9
1%
#26930000
0%
#26935000
b100 6
b111111000001001101 ;
b1110011100001110 :
b110110101110011 9
1%
#26940000
0%
#26945000
b101 6
b1000111 ;
b1110000000110111 :
b111101111100011 9
1%
#26950000
0%
#26955000
b110 6
b111111100001001010 ;
b1110010000010110 :
b111010011100010 9
1%
#26960000
0%
#26965000
b111 6
b111111110001001001 ;
b1110001001000011 :
b111100001110010 9
1%
#26970000
0%
#26975000
b1000 6
b111111111001001001 ;
b1110000101010011 :
b111101000110110 9
1%
#26980000
0%
#26985000
b1001 6
b111111111101001001 ;
b1110000011011001 :
b111101100010111 9
1%
#26990000
0%
#26995000
b1010 6
b111111111111001001 ;
b1110000010011100 :
b111101110000111 9
1%
#27000000
0%
#27005000
b1011 6
b1001 ;
b1110000001111110 :
b111101110111111 9
1%
#27010000
0%
#27015000
b1100 6
b111111111111101001 ;
b1110000010001101 :
b111101110100011 9
1%
#27020000
0%
#27025000
b1101 6
b111111111111111001 ;
b1110000010000110 :
b111101110110001 9
1%
#27030000
0%
#27035000
b1110 6
b1 ;
b1110000010000011 :
b111101110111000 9
1%
#27040000
0%
#27045000
07
1"
b1110000010000011 !
b1110000010000011 8
b111101110111000 #
b111101110111000 5
1%
#27050000
1+
b1110001000011011 (
b111100000001011 '
r0.8832355690617516 /
r0.46892955712363 -
r1.082717895507812 .
b10001010100101101 $
b10001010100101101 4
b10001010100101101 ,
b111 3
b1110000010000011 1
b1110000000110010 2
0%
#27055000
0"
17
b0 6
b10001010100101101 ;
b0 :
b1001101110101001 9
1%
#27060000
0%
0+
#27065000
b1 6
b100110000011110 ;
b1001101110101001 :
1%
#27070000
0%
#27075000
b10 6
b111101010101101101 ;
b1110100101111101 :
b100110111010101 9
1%
#27080000
0%
#27085000
b11 6
b1010000100011 ;
b1101011000001000 :
b1000100000110100 9
1%
#27090000
0%
#27095000
b100 6
b111111010001010010 ;
b1110011100001110 :
b110110101110011 9
1%
#27100000
0%
#27105000
b101 6
b10001001100 ;
b1110000000110111 :
b111101111100011 9
1%
#27110000
0%
#27115000
b110 6
b111111110001001111 ;
b1110010000010110 :
b111010011100010 9
1%
#27120000
0%
#27125000
b111 6
b1001110 ;
b1110001001000011 :
b111100001110010 9
1%
#27130000
0%
#27135000
b1000 6
b111111111001001110 ;
b1110001100110011 :
b111011010101110 9
1%
#27140000
0%
#27145000
b1001 6
b111111111101001110 ;
b1110001010111101 :
b111011110010001 9
1%
#27150000
0%
#27155000
b1010 6
b111111111111001110 ;
b1110001010000010 :
b111100000000010 9
1%
#27160000
0%
#27165000
b1011 6
b1110 ;
b1110001001100100 :
b111100000111010 9
1%
#27170000
0%
#27175000
b1100 6
b111111111111101110 ;
b1110001001110011 :
b111100000011110 9
1%
#27180000
0%
#27185000
b1101 6
b111111111111111110 ;
b1110001001101100 :
b111100000101100 9
1%
#27190000
0%
#27195000
b1110 6
b110 ;
b1110001001101001 :
b111100000110011 9
1%
#27200000
0%
#27205000
07
1"
b1110001001101001 !
b1110001001101001 8
b111100000110011 #
b111100000110011 5
1%
#27210000
1+
b1110001111110111 (
b111010001111011 '
r0.8904891972808858 /
r0.4550043840734325 -
r1.098419189453125 .
b10001100100110010 $
b10001100100110010 4
b10001100100110010 ,
b1011 *
b110 3
b1110001001101001 1
b1110001000011011 2
0%
#27215000
0"
17
b0 6
b10001100100110010 ;
b0 :
b1001101110101001 9
1%
#27220000
0%
0+
#27225000
b1 6
b101000000100011 ;
b1001101110101001 :
1%
#27230000
0%
#27235000
b10 6
b111101100101110010 ;
b1110100101111101 :
b100110111010101 9
1%
#27240000
0%
#27245000
b11 6
b1100000101000 ;
b1101011000001000 :
b1000100000110100 9
1%
#27250000
0%
#27255000
b100 6
b111111100001010111 ;
b1110011100001110 :
b110110101110011 9
1%
#27260000
0%
#27265000
b101 6
b100001010001 ;
b1110000000110111 :
b111101111100011 9
1%
#27270000
0%
#27275000
b110 6
b1010100 ;
b1110010000010110 :
b111010011100010 9
1%
#27280000
0%
#27285000
b111 6
b111111110001010101 ;
b1110010111101001 :
b111000101010010 9
1%
#27290000
0%
#27295000
b1000 6
b111111111001010101 ;
b1110010100000111 :
b111001100011101 9
1%
#27300000
0%
#27305000
b1001 6
b111111111101010101 ;
b1110010010010100 :
b111010000000010 9
1%
#27310000
0%
#27315000
b1010 6
b111111111111010101 ;
b1110010001011010 :
b111010001110100 9
1%
#27320000
0%
#27325000
b1011 6
b10101 ;
b1110010000111101 :
b111010010101101 9
1%
#27330000
0%
#27335000
b1100 6
b111111111111110101 ;
b1110010001001011 :
b111010010010001 9
1%
#27340000
0%
#27345000
b1101 6
b101 ;
b1110010001000100 :
b111010010011111 9
1%
#27350000
0%
#27355000
b1110 6
b111111111111111101 ;
b1110010001000111 :
b111010010011000 9
1%
#27360000
0%
#27365000
07
1"
b1110010001000111 !
b1110010001000111 8
b111010010011000 #
b111010010011000 5
1%
#27370000
1+
b1110010111000100 (
b111000011100011 '
r0.8975232971459138 /
r0.4409670408095459 -
r1.114120483398438 .
b10001110100110111 $
b10001110100110111 4
b10001110100110111 ,
b111 *
b1010 &
b1010 3
b1110010001000111 1
b1110001111110111 2
0%
#27375000
0"
17
b0 6
b10001110100110111 ;
b0 :
b1001101110101001 9
1%
#27380000
0%
0+
#27385000
b1 6
b101010000101000 ;
b1001101110101001 :
1%
#27390000
0%
#27395000
b10 6
b111101110101110111 ;
b1110100101111101 :
b100110111010101 9
1%
#27400000
0%
#27405000
b11 6
b1110000101101 ;
b1101011000001000 :
b1000100000110100 9
1%
#27410000
0%
#27415000
b100 6
b111111110001011100 ;
b1110011100001110 :
b110110101110011 9
1%
#27420000
0%
#27425000
b101 6
b110001010110 ;
b1110000000110111 :
b111101111100011 9
1%
#27430000
0%
#27435000
b110 6
b10001011001 ;
b1110010000010110 :
b111010011100010 9
1%
#27440000
0%
#27445000
b111 6
b1011010 ;
b1110010111101001 :
b111000101010010 9
1%
#27450000
0%
#27455000
b1000 6
b111111111001011010 ;
b1110011011001011 :
b110111110000111 9
1%
#27460000
0%
#27465000
b1001 6
b111111111101011010 ;
b1110011001011100 :
b111000001101101 9
1%
#27470000
0%
#27475000
b1010 6
b111111111111011010 ;
b1110011000100100 :
b111000011100000 9
1%
#27480000
0%
#27485000
b1011 6
b11010 ;
b1110011000001000 :
b111000100011001 9
1%
#27490000
0%
#27495000
b1100 6
b111111111111111010 ;
b1110011000010110 :
b111000011111101 9
1%
#27500000
0%
#27505000
b1101 6
b1010 ;
b1110011000001111 :
b111000100001011 9
1%
#27510000
0%
#27515000
b1110 6
b10 ;
b1110011000010010 :
b111000100000100 9
1%
#27520000
0%
#27525000
07
1"
b1110011000010010 !
b1110011000010010 8
b111000100000100 #
b111000100000100 5
1%
#27530000
1+
b1110011110000010 (
b110110101000100 '
r0.9043361345713794 /
r0.426820987895975 -
r1.12982177734375 .
b10010000100111100 $
b10010000100111100 4
b10010000100111100 ,
b1000 *
b1001 &
b1001 3
b1110011000010010 1
b1110010111000100 2
0%
#27535000
0"
17
b0 6
b10010000100111100 ;
b0 :
b1001101110101001 9
1%
#27540000
0%
0+
#27545000
b1 6
b101100000101101 ;
b1001101110101001 :
1%
#27550000
0%
#27555000
b10 6
b111110000101111100 ;
b1110100101111101 :
b100110111010101 9
1%
#27560000
0%
#27565000
b11 6
b10000000110010 ;
b1101011000001000 :
b1000100000110100 9
1%
#27570000
0%
#27575000
b100 6
b1100001 ;
b1110011100001110 :
b110110101110011 9
1%
#27580000
0%
#27585000
b101 6
b111111000001100111 ;
b1110110111100101 :
b101111100000011 9
1%
#27590000
0%
#27595000
b110 6
b111111100001100100 ;
b1110101011101101 :
b110011001110010 9
1%
#27600000
0%
#27605000
b111 6
b111111110001100011 ;
b1110100101010100 :
b110101000011101 9
1%
#27610000
0%
#27615000
b1000 6
b111111111001100011 ;
b1110100010000000 :
b110101111101111 9
1%
#27620000
0%
#27625000
b1001 6
b111111111101100011 ;
b1110100000010101 :
b110110011010111 9
1%
#27630000
0%
#27635000
b1010 6
b111111111111100011 ;
b1110011111011111 :
b110110101001011 9
1%
#27640000
0%
#27645000
b1011 6
b100011 ;
b1110011111000100 :
b110110110000100 9
1%
#27650000
0%
#27655000
b1100 6
b11 ;
b1110011111010001 :
b110110101101000 9
1%
#27660000
0%
#27665000
b1101 6
b111111111111110011 ;
b1110011111010111 :
b110110101011010 9
1%
#27670000
0%
#27675000
b1110 6
b111111111111111011 ;
b1110011111010100 :
b110110101100001 9
1%
#27680000
0%
#27685000
07
1"
b1110011111010100 !
b1110011111010100 8
b110110101100001 #
b110110101100001 5
1%
#27690000
1+
b1110100100110010 (
b110100110011110 '
r0.9109260300186744 /
r0.4125697126964327 -
r1.145523071289062 .
b10010010101000001 $
b10010010101000001 4
b10010010101000001 ,
b1011 *
b1100 &
b110 3
b1110011111010100 1
b1110011110000010 2
0%
#27695000
0"
17
b0 6
b10010010101000001 ;
b0 :
b1001101110101001 9
1%
#27700000
0%
0+
#27705000
b1 6
b101110000110010 ;
b1001101110101001 :
1%
#27710000
0%
#27715000
b10 6
b111110010110000001 ;
b1110100101111101 :
b100110111010101 9
1%
#27720000
0%
#27725000
b11 6
b10010000110111 ;
b1101011000001000 :
b1000100000110100 9
1%
#27730000
0%
#27735000
b100 6
b10001100110 ;
b1110011100001110 :
b110110101110011 9
1%
#27740000
0%
#27745000
b101 6
b111111010001101100 ;
b1110110111100101 :
b101111100000011 9
1%
#27750000
0%
#27755000
b110 6
b111111110001101001 ;
b1110101011101101 :
b110011001110010 9
1%
#27760000
0%
#27765000
b111 6
b1101000 ;
b1110100101010100 :
b110101000011101 9
1%
#27770000
0%
#27775000
b1000 6
b111111111001101000 ;
b1110101000101000 :
b110100001001011 9
1%
#27780000
0%
#27785000
b1001 6
b111111111101101000 ;
b1110100111000000 :
b110100100110101 9
1%
#27790000
0%
#27795000
b1010 6
b111111111111101000 ;
b1110100110001100 :
b110100110101001 9
1%
#27800000
0%
#27805000
b1011 6
b101000 ;
b1110100101110010 :
b110100111100011 9
1%
#27810000
0%
#27815000
b1100 6
b1000 ;
b1110100101111111 :
b110100111000110 9
1%
#27820000
0%
#27825000
b1101 6
b111111111111111000 ;
b1110100110000101 :
b110100110111000 9
1%
#27830000
0%
#27835000
b1110 6
b0 ;
b1110100110000010 :
b110100110111111 9
1%
#27840000
0%
#27845000
07
1"
b1110100110000010 !
b1110100110000010 8
b110100110111111 #
b110100110111111 5
1%
#27850000
1+
b1110101011010011 (
b110010111110001 '
r0.9172913589100886 /
r0.3982167285146154 -
r1.161224365234375 .
b10010100101000110 $
b10010100101000110 4
b10010100101000110 ,
b1010 *
b111 3
b1110100110000010 1
b1110100100110010 2
0%
#27855000
0"
17
b0 6
b10010100101000110 ;
b0 :
b1001101110101001 9
1%
#27860000
0%
0+
#27865000
b1 6
b110000000110111 ;
b1001101110101001 :
1%
#27870000
0%
#27875000
b10 6
b111110100110000110 ;
b1110100101111101 :
b100110111010101 9
1%
#27880000
0%
#27885000
b11 6
b10100000111100 ;
b1101011000001000 :
b1000100000110100 9
1%
#27890000
0%
#27895000
b100 6
b100001101011 ;
b1110011100001110 :
b110110101110011 9
1%
#27900000
0%
#27905000
b101 6
b111111100001110001 ;
b1110110111100101 :
b101111100000011 9
1%
#27910000
0%
#27915000
b110 6
b1101110 ;
b1110101011101101 :
b110011001110010 9
1%
#27920000
0%
#27925000
b111 6
b111111110001101111 ;
b1110110010000110 :
b110001011000111 9
1%
#27930000
0%
#27935000
b1000 6
b111111111001101111 ;
b1110101111000001 :
b110010010100000 9
1%
#27940000
0%
#27945000
b1001 6
b111111111101101111 ;
b1110101101011101 :
b110010110001011 9
1%
#27950000
0%
#27955000
b1010 6
b111111111111101111 ;
b1110101100101011 :
b110011000000000 9
1%
#27960000
0%
#27965000
b1011 6
b101111 ;
b1110101100010010 :
b110011000111010 9
1%
#27970000
0%
#27975000
b1100 6
b1111 ;
b1110101100011110 :
b110011000011101 9
1%
#27980000
0%
#27985000
b1101 6
b111111111111111111 ;
b1110101100100100 :
b110011000001111 9
1%
#27990000
0%
#27995000
b1110 6
b111 ;
b1110101100100001 :
b110011000010110 9
1%
#28000000
0%
#28005000
07
1"
b1110101100100001 !
b1110101100100001 8
b110011000010110 #
b110011000010110 5
1%
#28010000
1+
b1110110001100101 (
b110001000111110 '
r0.923430552029309 /
r0.3837655737280841 -
r1.176925659179688 .
b10010110101001011 $
b10010110101001011 4
b10010110101001011 ,
b1001 *
b1000 &
b1000 3
b1110101100100001 1
b1110101011010011 2
0%
#28015000
0"
17
b0 6
b10010110101001011 ;
b0 :
b1001101110101001 9
1%
#28020000
0%
0+
#28025000
b1 6
b110010000111100 ;
b1001101110101001 :
1%
#28030000
0%
#28035000
b10 6
b111110110110001011 ;
b1110100101111101 :
b100110111010101 9
1%
#28040000
0%
#28045000
b11 6
b10110001000001 ;
b1101011000001000 :
b1000100000110100 9
1%
#28050000
0%
#28055000
b100 6
b110001110000 ;
b1110011100001110 :
b110110101110011 9
1%
#28060000
0%
#28065000
b101 6
b111111110001110110 ;
b1110110111100101 :
b101111100000011 9
1%
#28070000
0%
#28075000
b110 6
b10001110011 ;
b1110101011101101 :
b110011001110010 9
1%
#28080000
0%
#28085000
b111 6
b1110100 ;
b1110110010000110 :
b110001011000111 9
1%
#28090000
0%
#28095000
b1000 6
b111111111001110100 ;
b1110110101001011 :
b110000011101110 9
1%
#28100000
0%
#28105000
b1001 6
b111111111101110100 ;
b1110110011101011 :
b110000111011011 9
1%
#28110000
0%
#28115000
b1010 6
b111111111111110100 ;
b1110110010111011 :
b110001001010001 9
1%
#28120000
0%
#28125000
b1011 6
b110100 ;
b1110110010100011 :
b110001010001100 9
1%
#28130000
0%
#28135000
b1100 6
b10100 ;
b1110110010101111 :
b110001001101111 9
1%
#28140000
0%
#28145000
b1101 6
b100 ;
b1110110010110101 :
b110001001100001 9
1%
#28150000
0%
#28155000
b1110 6
b111111111111111100 ;
b1110110010111000 :
b110001001011010 9
1%
#28160000
0%
#28165000
07
1"
b1110110010111000 !
b1110110010111000 8
b110001001011010 #
b110001001011010 5
1%
#28170000
1+
b1110110111101001 (
b101111010000101 '
r0.9293420959082721 /
r0.3692198109159638 -
r1.192626953125 .
b10011000101010000 $
b10011000101010000 4
b10011000101010000 ,
b1010 *
b1011 &
b111 3
b1110110010111000 1
b1110110001100101 2
0%
#28175000
0"
17
b0 6
b10011000101010000 ;
b0 :
b1001101110101001 9
1%
#28180000
0%
0+
#28185000
b1 6
b110100001000001 ;
b1001101110101001 :
1%
#28190000
0%
#28195000
b10 6
b111111000110010000 ;
b1110100101111101 :
b100110111010101 9
1%
#28200000
0%
#28205000
b11 6
b11000001000110 ;
b1101011000001000 :
b1000100000110100 9
1%
#28210000
0%
#28215000
b100 6
b1000001110101 ;
b1110011100001110 :
b110110101110011 9
1%
#28220000
0%
#28225000
b101 6
b1111011 ;
b1110110111100101 :
b101111100000011 9
1%
#28230000
0%
#28235000
b110 6
b111111100001111110 ;
b1111000011011101 :
b101011110010100 9
1%
#28240000
0%
#28245000
b111 6
b111111110001111101 ;
b1110111101111111 :
b101101101010111 9
1%
#28250000
0%
#28255000
b1000 6
b111111111001111101 ;
b1110111011001001 :
b101110100110101 9
1%
#28260000
0%
#28265000
b1001 6
b111111111101111101 ;
b1110111001101100 :
b101111000100011 9
1%
#28270000
0%
#28275000
b1010 6
b111111111111111101 ;
b1110111000111101 :
b101111010011010 9
1%
#28280000
0%
#28285000
b1011 6
b111101 ;
b1110111000100110 :
b101111011010101 9
1%
#28290000
0%
#28295000
b1100 6
b11101 ;
b1110111000110001 :
b101111010111000 9
1%
#28300000
0%
#28305000
b1101 6
b1101 ;
b1110111000110110 :
b101111010101010 9
1%
#28310000
0%
#28315000
b1110 6
b101 ;
b1110111000111000 :
b101111010100011 9
1%
#28320000
0%
#28325000
07
1"
b1110111000111000 !
b1110111000111000 8
b101111010100011 #
b101111010100011 5
1%
#28330000
1+
b1110111101011101 (
b101101011000101 '
r0.9350245332002722 /
r0.3545830259806764 -
r1.208328247070312 .
b10011010101010101 $
b10011010101010101 4
b10011010101010101 ,
b1000 *
b1100 &
b1001 3
b1110111000111000 1
b1110110111101001 2
0%
#28335000
0"
17
b0 6
b10011010101010101 ;
b0 :
b1001101110101001 9
1%
#28340000
0%
0+
#28345000
b1 6
b110110001000110 ;
b1001101110101001 :
1%
#28350000
0%
#28355000
b10 6
b111111010110010101 ;
b1110100101111101 :
b100110111010101 9
1%
#28360000
0%
#28365000
b11 6
b11010001001011 ;
b1101011000001000 :
b1000100000110100 9
1%
#28370000
0%
#28375000
b100 6
b1010001111010 ;
b1110011100001110 :
b110110101110011 9
1%
#28380000
0%
#28385000
b101 6
b10010000000 ;
b1110110111100101 :
b101111100000011 9
1%
#28390000
0%
#28395000
b110 6
b111111110010000011 ;
b1111000011011101 :
b101011110010100 9
1%
#28400000
0%
#28405000
b111 6
b10000010 ;
b1110111101111111 :
b101101101010111 9
1%
#28410000
0%
#28415000
b1000 6
b111111111010000010 ;
b1111000000110101 :
b101100101111001 9
1%
#28420000
0%
#28425000
b1001 6
b111111111110000010 ;
b1110111111011100 :
b101101001101001 9
1%
#28430000
0%
#28435000
b1010 6
b10 ;
b1110111110101111 :
b101101011100000 9
1%
#28440000
0%
#28445000
b1011 6
b111111111111000010 ;
b1110111111000101 :
b101101010100101 9
1%
#28450000
0%
#28455000
b1100 6
b111111111111100010 ;
b1110111110111010 :
b101101011000010 9
1%
#28460000
0%
#28465000
b1101 6
b111111111111110010 ;
b1110111110110101 :
b101101011010000 9
1%
#28470000
0%
#28475000
b1110 6
b111111111111111010 ;
b1110111110110011 :
b101101011010111 9
1%
#28480000
0%
#28485000
07
1"
b1110111110110011 !
b1110111110110011 8
b101101011010111 #
b101101011010111 5
1%
#28490000
1+
b1111000011000011 (
b101011100000000 '
r0.9404764630392352 /
r0.3398588272639246 -
r1.224029541015625 .
b10011100101011010 $
b10011100101011010 4
b10011100101011010 ,
b1010 *
b1101 &
b111 3
b1110111110110011 1
b1110111101011101 2
0%
#28495000
0"
17
b0 6
b10011100101011010 ;
b0 :
b1001101110101001 9
1%
#28500000
0%
0+
#28505000
b1 6
b111000001001011 ;
b1001101110101001 :
1%
#28510000
0%
#28515000
b10 6
b111111100110011010 ;
b1110100101111101 :
b100110111010101 9
1%
#28520000
0%
#28525000
b11 6
b11100001010000 ;
b1101011000001000 :
b1000100000110100 9
1%
#28530000
0%
#28535000
b100 6
b1100001111111 ;
b1110011100001110 :
b110110101110011 9
1%
#28540000
0%
#28545000
b101 6
b100010000101 ;
b1110110111100101 :
b101111100000011 9
1%
#28550000
0%
#28555000
b110 6
b10001000 ;
b1111000011011101 :
b101011110010100 9
1%
#28560000
0%
#28565000
b111 6
b111111110010001001 ;
b1111001000111011 :
b101001111010001 9
1%
#28570000
0%
#28575000
b1000 6
b111111111010001001 ;
b1111000110010100 :
b101010110110101 9
1%
#28580000
0%
#28585000
b1001 6
b111111111110001001 ;
b1111000100111111 :
b101011010100110 9
1%
#28590000
0%
#28595000
b1010 6
b1001 ;
b1111000100010100 :
b101011100011110 9
1%
#28600000
0%
#28605000
b1011 6
b111111111111001001 ;
b1111000100101001 :
b101011011100010 9
1%
#28610000
0%
#28615000
b1100 6
b111111111111101001 ;
b1111000100011111 :
b101011100000000 9
1%
#28620000
0%
#28625000
b1101 6
b111111111111111001 ;
b1111000100011010 :
b101011100001111 9
1%
#28630000
0%
#28635000
b1110 6
b1 ;
b1111000100011000 :
b101011100010110 9
1%
#28640000
0%
#28645000
07
1"
b1111000100011000 !
b1111000100011000 8
b101011100010110 #
b101011100010110 5
1%
#28650000
1+
b1111001000011001 (
b101001100110110 '
r0.9456965413850671 /
r0.325050844657143 -
r1.239730834960938 .
b10011110101011111 $
b10011110101011111 4
b10011110101011111 ,
b1001 *
b1000 3
b1111000100011000 1
b1111000011000011 2
0%
#28655000
0"
17
b0 6
b10011110101011111 ;
b0 :
b1001101110101001 9
1%
#28660000
0%
0+
#28665000
b1 6
b111010001010000 ;
b1001101110101001 :
1%
#28670000
0%
#28675000
b10 6
b111111110110011111 ;
b1110100101111101 :
b100110111010101 9
1%
#28680000
0%
#28685000
b11 6
b11110001010101 ;
b1101011000001000 :
b1000100000110100 9
1%
#28690000
0%
#28695000
b100 6
b1110010000100 ;
b1110011100001110 :
b110110101110011 9
1%
#28700000
0%
#28705000
b101 6
b110010001010 ;
b1110110111100101 :
b101111100000011 9
1%
#28710000
0%
#28715000
b110 6
b10010001101 ;
b1111000011011101 :
b101011110010100 9
1%
#28720000
0%
#28725000
b111 6
b10001110 ;
b1111001000111011 :
b101001111010001 9
1%
#28730000
0%
#28735000
b1000 6
b111111111010001110 ;
b1111001011100010 :
b101000111101101 9
1%
#28740000
0%
#28745000
b1001 6
b111111111110001110 ;
b1111001010010001 :
b101001011011111 9
1%
#28750000
0%
#28755000
b1010 6
b1110 ;
b1111001001101000 :
b101001101011000 9
1%
#28760000
0%
#28765000
b1011 6
b111111111111001110 ;
b1111001001111100 :
b101001100011100 9
1%
#28770000
0%
#28775000
b1100 6
b111111111111101110 ;
b1111001001110010 :
b101001100111010 9
1%
#28780000
0%
#28785000
b1101 6
b111111111111111110 ;
b1111001001101101 :
b101001101001001 9
1%
#28790000
0%
#28795000
b1110 6
b110 ;
b1111001001101011 :
b101001101010000 9
1%
#28800000
0%
#28805000
07
1"
b1111001001101011 !
b1111001001101011 8
b101001101010000 #
b101001101010000 5
1%
#28810000
1+
b1111001101011111 (
b100111101100110 '
r0.9506834813549949 /
r0.3101627287066372 -
r1.25543212890625 .
b10100000101100100 $
b10100000101100100 4
b10100000101100100 ,
b1011 *
b1011 &
b110 3
b1111001001101011 1
b1111001000011001 2
0%
#28815000
0"
17
b0 6
b10100000101100100 ;
b0 :
b1001101110101001 9
1%
#28820000
0%
0+
#28825000
b1 6
b111100001010101 ;
b1001101110101001 :
1%
#28830000
0%
#28835000
b10 6
b110100100 ;
b1110100101111101 :
b100110111010101 9
1%
#28840000
0%
#28845000
b11 6
b111100001011101110 ;
b1111110011110010 :
b1001101110110 9
1%
#28850000
0%
#28855000
b100 6
b111110001010111111 ;
b1111101010000100 :
b11001100010100 9
1%
#28860000
0%
#28865000
b101 6
b111111001010111001 ;
b1111011101010011 :
b100001010111100 9
1%
#28870000
0%
#28875000
b110 6
b111111101010110110 ;
b1111010100111110 :
b100101001110110 9
1%
#28880000
0%
#28885000
b111 6
b111111111010110101 ;
b1111010000010101 :
b100111001001010 9
1%
#28890000
0%
#28895000
b1000 6
b10110101 ;
b1111001101111001 :
b101000000110010 9
1%
#28900000
0%
#28905000
b1001 6
b111111111110110101 ;
b1111001111001001 :
b100111100111111 9
1%
#28910000
0%
#28915000
b1010 6
b110101 ;
b1111001110100010 :
b100111110111000 9
1%
#28920000
0%
#28925000
b1011 6
b111111111111110101 ;
b1111001110110101 :
b100111101111100 9
1%
#28930000
0%
#28935000
b1100 6
b10101 ;
b1111001110101100 :
b100111110011010 9
1%
#28940000
0%
#28945000
b1101 6
b101 ;
b1111001110110000 :
b100111110001011 9
1%
#28950000
0%
#28955000
b1110 6
b111111111111111101 ;
b1111001110110010 :
b100111110000100 9
1%
#28960000
0%
#28965000
07
1"
b1111001110110010 !
b1111001110110010 8
b100111110000100 #
b100111110000100 5
1%
#28970000
1+
b1111010010010111 (
b100101110010010 '
r0.955436053540816 /
r0.2951981497136307 -
r1.271133422851562 .
b10100010101101001 $
b10100010101101001 4
b10100010101101001 ,
b1010 *
b1010 &
b111 3
b1111001110110010 1
b1111001101011111 2
0%
#28975000
0"
17
b0 6
b10100010101101001 ;
b0 :
b1001101110101001 9
1%
#28980000
0%
0+
#28985000
b1 6
b111110001011010 ;
b1001101110101001 :
1%
#28990000
0%
#28995000
b10 6
b10110101001 ;
b1110100101111101 :
b100110111010101 9
1%
#29000000
0%
#29005000
b11 6
b111100011011110011 ;
b1111110011110010 :
b1001101110110 9
1%
#29010000
0%
#29015000
b100 6
b111110011011000100 ;
b1111101010000100 :
b11001100010100 9
1%
#29020000
0%
#29025000
b101 6
b111111011010111110 ;
b1111011101010011 :
b100001010111100 9
1%
#29030000
0%
#29035000
b110 6
b111111111010111011 ;
b1111010100111110 :
b100101001110110 9
1%
#29040000
0%
#29045000
b111 6
b1010111010 ;
b1111010000010101 :
b100111001001010 9
1%
#29050000
0%
#29055000
b1000 6
b10111010 ;
b1111010010110001 :
b100110001100010 9
1%
#29060000
0%
#29065000
b1001 6
b111111111110111010 ;
b1111010011111101 :
b100101101101110 9
1%
#29070000
0%
#29075000
b1010 6
b111010 ;
b1111010011011000 :
b100101111101000 9
1%
#29080000
0%
#29085000
b1011 6
b111111111111111010 ;
b1111010011101010 :
b100101110101011 9
1%
#29090000
0%
#29095000
b1100 6
b11010 ;
b1111010011100001 :
b100101111001001 9
1%
#29100000
0%
#29105000
b1101 6
b1010 ;
b1111010011100101 :
b100101110111010 9
1%
#29110000
0%
#29115000
b1110 6
b10 ;
b1111010011100111 :
b100101110110011 9
1%
#29120000
0%
#29125000
07
1"
b1111010011100111 !
b1111010011100111 8
b100101110110011 #
b100101110110011 5
1%
#29130000
1+
b1111010110111111 (
b100011110111000 '
r0.9599530863119781 /
r0.2801607968294421 -
r1.286834716796875 .
b10100100101101110 $
b10100100101101110 4
b10100100101101110 ,
b1011 *
b1100 &
b110 3
b1111010011100111 1
b1111010010010111 2
0%
#29135000
0"
17
b0 6
b10100100101101110 ;
b0 :
b1001101110101001 9
1%
#29140000
0%
0+
#29145000
b1 6
b1000000001011111 ;
b1001101110101001 :
1%
#29150000
0%
#29155000
b10 6
b100110101110 ;
b1110100101111101 :
b100110111010101 9
1%
#29160000
0%
#29165000
b11 6
b111100101011111000 ;
b1111110011110010 :
b1001101110110 9
1%
#29170000
0%
#29175000
b100 6
b111110101011001001 ;
b1111101010000100 :
b11001100010100 9
1%
#29180000
0%
#29185000
b101 6
b111111101011000011 ;
b1111011101010011 :
b100001010111100 9
1%
#29190000
0%
#29195000
b110 6
b1011000000 ;
b1111010100111110 :
b100101001110110 9
1%
#29200000
0%
#29205000
b111 6
b111111111011000001 ;
b1111011001100111 :
b100011010100010 9
1%
#29210000
0%
#29215000
b1000 6
b11000001 ;
b1111010111011010 :
b100100010001110 9
1%
#29220000
0%
#29225000
b1001 6
b111111111111000001 ;
b1111011000100010 :
b100011110011001 9
1%
#29230000
0%
#29235000
b1010 6
b1000001 ;
b1111010111111111 :
b100100000010100 9
1%
#29240000
0%
#29245000
b1011 6
b1 ;
b1111011000010001 :
b100011111010111 9
1%
#29250000
0%
#29255000
b1100 6
b111111111111100001 ;
b1111011000011001 :
b100011110111001 9
1%
#29260000
0%
#29265000
b1101 6
b111111111111110001 ;
b1111011000010101 :
b100011111001000 9
1%
#29270000
0%
#29275000
b1110 6
b111111111111111001 ;
b1111011000010011 :
b100011111001111 9
1%
#29280000
0%
#29285000
07
1"
b1111011000010011 !
b1111011000010011 8
b100011111001111 #
b100011111001111 5
1%
#29290000
1+
b1111011011011000 (
b100001111011010 '
r0.9642334661044172 /
r0.2650543771460145 -
r1.302536010742188 .
b10100110101110011 $
b10100110101110011 4
b10100110101110011 ,
b1000 *
b1011 &
b1001 3
b1111011000010011 1
b1111010110111111 2
0%
#29295000
0"
17
b0 6
b10100110101110011 ;
b0 :
b1001101110101001 9
1%
#29300000
0%
0+
#29305000
b1 6
b1000010001100100 ;
b1001101110101001 :
1%
#29310000
0%
#29315000
b10 6
b110110110011 ;
b1110100101111101 :
b100110111010101 9
1%
#29320000
0%
#29325000
b11 6
b111100111011111101 ;
b1111110011110010 :
b1001101110110 9
1%
#29330000
0%
#29335000
b100 6
b111110111011001110 ;
b1111101010000100 :
b11001100010100 9
1%
#29340000
0%
#29345000
b101 6
b111111111011001000 ;
b1111011101010011 :
b100001010111100 9
1%
#29350000
0%
#29355000
b110 6
b11011000101 ;
b1111010100111110 :
b100101001110110 9
1%
#29360000
0%
#29365000
b111 6
b1011000110 ;
b1111011001100111 :
b100011010100010 9
1%
#29370000
0%
#29375000
b1000 6
b11000110 ;
b1111011011110100 :
b100010010110110 9
1%
#29380000
0%
#29385000
b1001 6
b111111111111000110 ;
b1111011100111000 :
b100001111000000 9
1%
#29390000
0%
#29395000
b1010 6
b1000110 ;
b1111011100010111 :
b100010000111011 9
1%
#29400000
0%
#29405000
b1011 6
b110 ;
b1111011100101000 :
b100001111111110 9
1%
#29410000
0%
#29415000
b1100 6
b111111111111100110 ;
b1111011100110000 :
b100001111100000 9
1%
#29420000
0%
#29425000
b1101 6
b111111111111110110 ;
b1111011100101100 :
b100001111101111 9
1%
#29430000
0%
#29435000
b1110 6
b111111111111111110 ;
b1111011100101010 :
b100001111110110 9
1%
#29440000
0%
#29445000
07
1"
b1111011100101010 !
b1111011100101010 8
b100001111110110 #
b100001111110110 5
1%
#29450000
1+
b1111011111100000 (
b11111111111000 '
r0.9682761376950787 /
r0.249882614782023 -
r1.3182373046875 .
b10101000101111000 $
b10101000101111000 4
b10101000101111000 ,
b1001 *
b1100 &
b1000 3
b1111011100101010 1
b1111011011011000 2
0%
#29455000
0"
17
b0 6
b10101000101111000 ;
b0 :
b1001101110101001 9
1%
#29460000
0%
0+
#29465000
b1 6
b1000100001101001 ;
b1001101110101001 :
1%
#29470000
0%
#29475000
b10 6
b1000110111000 ;
b1110100101111101 :
b100110111010101 9
1%
#29480000
0%
#29485000
b11 6
b111101001100000010 ;
b1111110011110010 :
b1001101110110 9
1%
#29490000
0%
#29495000
b100 6
b111111001011010011 ;
b1111101010000100 :
b11001100010100 9
1%
#29500000
0%
#29505000
b101 6
b1011001101 ;
b1111011101010011 :
b100001010111100 9
1%
#29510000
0%
#29515000
b110 6
b111111101011010000 ;
b1111100101101000 :
b11101100000010 9
1%
#29520000
0%
#29525000
b111 6
b111111111011001111 ;
b1111100001111100 :
b11111011100111 9
1%
#29530000
0%
#29535000
b1000 6
b11001111 ;
b1111011111111111 :
b100000011010111 9
1%
#29540000
0%
#29545000
b1001 6
b111111111111001111 ;
b1111100000111111 :
b11111111100000 9
1%
#29550000
0%
#29555000
b1010 6
b1001111 ;
b1111100000100000 :
b100000001011100 9
1%
#29560000
0%
#29565000
b1011 6
b1111 ;
b1111100000110000 :
b100000000011110 9
1%
#29570000
0%
#29575000
b1100 6
b111111111111101111 ;
b1111100000111000 :
b11111111111111 9
1%
#29580000
0%
#29585000
b1101 6
b111111111111111111 ;
b1111100000110101 :
b100000000001110 9
1%
#29590000
0%
#29595000
b1110 6
b111 ;
b1111100000110011 :
b100000000010101 9
1%
#29600000
0%
#29605000
07
1"
b1111100000110011 !
b1111100000110011 8
b100000000010101 #
b100000000010101 5
1%
#29610000
1+
b1111100011011010 (
b11110000010001 '
r0.9720801044620573 /
r0.2346492499647841 -
r1.333938598632812 .
b10101010101111101 $
b10101010101111101 4
b10101010101111101 ,
b110 *
b11 &
b1011 3
b1111100000110011 1
b1111011111100000 2
0%
#29615000
0"
17
b0 6
b10101010101111101 ;
b0 :
b1001101110101001 9
1%
#29620000
0%
0+
#29625000
b1 6
b1000110001101110 ;
b1001101110101001 :
1%
#29630000
0%
#29635000
b10 6
b1010110111101 ;
b1110100101111101 :
b100110111010101 9
1%
#29640000
0%
#29645000
b11 6
b111101011100000111 ;
b1111110011110010 :
b1001101110110 9
1%
#29650000
0%
#29655000
b100 6
b111111011011011000 ;
b1111101010000100 :
b11001100010100 9
1%
#29660000
0%
#29665000
b101 6
b11011010010 ;
b1111011101010011 :
b100001010111100 9
1%
#29670000
0%
#29675000
b110 6
b111111111011010101 ;
b1111100101101000 :
b11101100000010 9
1%
#29680000
0%
#29685000
b111 6
b1011010100 ;
b1111100001111100 :
b11111011100111 9
1%
#29690000
0%
#29695000
b1000 6
b11010100 ;
b1111100011111001 :
b11110011110111 9
1%
#29700000
0%
#29705000
b1001 6
b111111111111010100 ;
b1111100100110101 :
b11101111111111 9
1%
#29710000
0%
#29715000
b1010 6
b1010100 ;
b1111100100011000 :
b11110001111011 9
1%
#29720000
0%
#29725000
b1011 6
b10100 ;
b1111100100100111 :
b11110000111101 9
1%
#29730000
0%
#29735000
b1100 6
b111111111111110100 ;
b1111100100101110 :
b11110000011110 9
1%
#29740000
0%
#29745000
b1101 6
b100 ;
b1111100100101011 :
b11110000101101 9
1%
#29750000
0%
#29755000
b1110 6
b111111111111111100 ;
b1111100100101100 :
b11110000100110 9
1%
#29760000
0%
#29765000
07
1"
b1111100100101100 !
b1111100100101100 8
b11110000100110 #
b11110000100110 5
1%
#29770000
1+
b1111100111000011 (
b11100000100111 '
r0.9756444286302896 /
r0.2193580381081939 -
r1.349639892578125 .
b10101100110000010 $
b10101100110000010 4
b10101100110000010 ,
b1001 *
b1100 &
b1000 3
b1111100100101100 1
b1111100011011010 2
0%
#29775000
0"
17
b0 6
b10101100110000010 ;
b0 :
b1001101110101001 9
1%
#29780000
0%
0+
#29785000
b1 6
b1001000001110011 ;
b1001101110101001 :
1%
#29790000
0%
#29795000
b10 6
b1100111000010 ;
b1110100101111101 :
b100110111010101 9
1%
#29800000
0%
#29805000
b11 6
b111101101100001100 ;
b1111110011110010 :
b1001101110110 9
1%
#29810000
0%
#29815000
b100 6
b111111101011011101 ;
b1111101010000100 :
b11001100010100 9
1%
#29820000
0%
#29825000
b101 6
b101011010111 ;
b1111011101010011 :
b100001010111100 9
1%
#29830000
0%
#29835000
b110 6
b1011011010 ;
b1111100101101000 :
b11101100000010 9
1%
#29840000
0%
#29845000
b111 6
b111111111011011011 ;
b1111101001010100 :
b11011100011101 9
1%
#29850000
0%
#29855000
b1000 6
b11011011 ;
b1111100111100110 :
b11100100010001 9
1%
#29860000
0%
#29865000
b1001 6
b111111111111011011 ;
b1111101000011111 :
b11100000011000 9
1%
#29870000
0%
#29875000
b1010 6
b1011011 ;
b1111101000000011 :
b11100010010101 9
1%
#29880000
0%
#29885000
b1011 6
b11011 ;
b1111101000010001 :
b11100001010111 9
1%
#29890000
0%
#29895000
b1100 6
b111111111111111011 ;
b1111101000011000 :
b11100000111000 9
1%
#29900000
0%
#29905000
b1101 6
b1011 ;
b1111101000010101 :
b11100001000111 9
1%
#29910000
0%
#29915000
b1110 6
b11 ;
b1111101000010110 :
b11100001000000 9
1%
#29920000
0%
#29925000
07
1"
b1111101000010110 !
b1111101000010110 8
b11100001000000 #
b11100001000000 5
1%
#29930000
1+
b1111101010011101 (
b11010000111010 '
r0.9789682315027395 /
r0.2040127488869227 -
r1.365341186523438 .
b10101110110000111 $
b10101110110000111 4
b10101110110000111 ,
b1000 *
b1011 &
b1001 3
b1111101000010110 1
b1111100111000011 2
0%
#29935000
0"
17
b0 6
b10101110110000111 ;
b0 :
b1001101110101001 9
1%
#29940000
0%
0+
#29945000
b1 6
b1001010001111000 ;
b1001101110101001 :
1%
#29950000
0%
#29955000
b10 6
b1110111000111 ;
b1110100101111101 :
b100110111010101 9
1%
#29960000
0%
#29965000
b11 6
b111101111100010001 ;
b1111110011110010 :
b1001101110110 9
1%
#29970000
0%
#29975000
b100 6
b111111111011100010 ;
b1111101010000100 :
b11001100010100 9
1%
#29980000
0%
#29985000
b101 6
b111011011100 ;
b1111011101010011 :
b100001010111100 9
1%
#29990000
0%
#29995000
b110 6
b11011011111 ;
b1111100101101000 :
b11101100000010 9
1%
#30000000
0%
#30005000
b111 6
b1011100000 ;
b1111101001010100 :
b11011100011101 9
1%
#30010000
0%
#30015000
b1000 6
b11100000 ;
b1111101011000010 :
b11010100101001 9
1%
#30020000
0%
#30025000
b1001 6
b111111111111100000 ;
b1111101011110111 :
b11010000101111 9
1%
#30030000
0%
#30035000
b1010 6
b1100000 ;
b1111101011011101 :
b11010010101100 9
1%
#30040000
0%
#30045000
b1011 6
b100000 ;
b1111101011101010 :
b11010001101110 9
1%
#30050000
0%
#30055000
b1100 6
b0 ;
b1111101011110000 :
b11010001001111 9
1%
#30060000
0%
#30065000
b1101 6
b111111111111110000 ;
b1111101011110011 :
b11010001000000 9
1%
#30070000
0%
#30075000
b1110 6
b111111111111111000 ;
b1111101011110010 :
b11010001000111 9
1%
#30080000
0%
#30085000
07
1"
b1111101011110010 !
b1111101011110010 8
b11010001000111 #
b11010001000111 5
1%
#30090000
1+
b1111101101100111 (
b11000001001001 '
r0.9820506936770201 /
r0.1886171653070937 -
r1.38104248046875 .
b10110000110001100 $
b10110000110001100 4
b10110000110001100 ,
b1011 *
b110 3
b1111101011110010 1
b1111101010011101 2
0%
#30095000
0"
17
b0 6
b10110000110001100 ;
b0 :
b1001101110101001 9
1%
#30100000
0%
0+
#30105000
b1 6
b1001100001111101 ;
b1001101110101001 :
1%
#30110000
0%
#30115000
b10 6
b10000111001100 ;
b1110100101111101 :
b100110111010101 9
1%
#30120000
0%
#30125000
b11 6
b111110001100010110 ;
b1111110011110010 :
b1001101110110 9
1%
#30130000
0%
#30135000
b100 6
b1011100111 ;
b1111101010000100 :
b11001100010100 9
1%
#30140000
0%
#30145000
b101 6
b111111001011101101 ;
b1111110110110101 :
b10001101101100 9
1%
#30150000
0%
#30155000
b110 6
b111111101011101010 ;
b1111110010011010 :
b10101101011001 9
1%
#30160000
0%
#30165000
b111 6
b111111111011101001 ;
b1111101111101101 :
b10111101001011 9
1%
#30170000
0%
#30175000
b1000 6
b11101001 ;
b1111101110001111 :
b11000101000010 9
1%
#30180000
0%
#30185000
b1001 6
b111111111111101001 ;
b1111101111000000 :
b11000001000111 9
1%
#30190000
0%
#30195000
b1010 6
b1101001 ;
b1111101110101000 :
b11000011000100 9
1%
#30200000
0%
#30205000
b1011 6
b101001 ;
b1111101110110100 :
b11000010000110 9
1%
#30210000
0%
#30215000
b1100 6
b1001 ;
b1111101110111010 :
b11000001100111 9
1%
#30220000
0%
#30225000
b1101 6
b111111111111111001 ;
b1111101110111101 :
b11000001011000 9
1%
#30230000
0%
#30235000
b1110 6
b1 ;
b1111101110111100 :
b11000001011111 9
1%
#30240000
0%
#30245000
07
1"
b1111101110111100 !
b1111101110111100 8
b11000001011111 #
b11000001011111 5
1%
#30250000
1+
b1111110000100001 (
b10110001010101 '
r0.9848910552473967 /
r0.1731750827736756 -
r1.396743774414062 .
b10110010110010001 $
b10110010110010001 4
b10110010110010001 ,
b1010 *
b1101 &
b111 3
b1111101110111100 1
b1111101101100111 2
0%
#30255000
0"
17
b0 6
b10110010110010001 ;
b0 :
b1001101110101001 9
1%
#30260000
0%
0+
#30265000
b1 6
b1001110010000010 ;
b1001101110101001 :
1%
#30270000
0%
#30275000
b10 6
b10010111010001 ;
b1110100101111101 :
b100110111010101 9
1%
#30280000
0%
#30285000
b11 6
b111110011100011011 ;
b1111110011110010 :
b1001101110110 9
1%
#30290000
0%
#30295000
b100 6
b11011101100 ;
b1111101010000100 :
b11001100010100 9
1%
#30300000
0%
#30305000
b101 6
b111111011011110010 ;
b1111110110110101 :
b10001101101100 9
1%
#30310000
0%
#30315000
b110 6
b111111111011101111 ;
b1111110010011010 :
b10101101011001 9
1%
#30320000
0%
#30325000
b111 6
b1011101110 ;
b1111101111101101 :
b10111101001011 9
1%
#30330000
0%
#30335000
b1000 6
b11101110 ;
b1111110001001011 :
b10110101010100 9
1%
#30340000
0%
#30345000
b1001 6
b111111111111101110 ;
b1111110001111000 :
b10110001011000 9
1%
#30350000
0%
#30355000
b1010 6
b1101110 ;
b1111110001100010 :
b10110011010110 9
1%
#30360000
0%
#30365000
b1011 6
b101110 ;
b1111110001101101 :
b10110010010111 9
1%
#30370000
0%
#30375000
b1100 6
b1110 ;
b1111110001110010 :
b10110001111000 9
1%
#30380000
0%
#30385000
b1101 6
b111111111111111110 ;
b1111110001110100 :
b10110001101001 9
1%
#30390000
0%
#30395000
b1110 6
b110 ;
b1111110001110011 :
b10110001110000 9
1%
#30400000
0%
#30405000
07
1"
b1111110001110011 !
b1111110001110011 8
b10110001110000 #
b10110001110000 5
1%
#30410000
1+
b1111110011001100 (
b10100001011110 '
r0.987488615992123 /
r0.1576903081548177 -
r1.412445068359375 .
b10110100110010110 $
b10110100110010110 4
b10110100110010110 ,
b1011 *
b1100 &
b110 3
b1111110001110011 1
b1111110000100001 2
0%
#30415000
0"
17
b0 6
b10110100110010110 ;
b0 :
b1001101110101001 9
1%
#30420000
0%
0+
#30425000
b1 6
b1010000010000111 ;
b1001101110101001 :
1%
#30430000
0%
#30435000
b10 6
b10100111010110 ;
b1110100101111101 :
b100110111010101 9
1%
#30440000
0%
#30445000
b11 6
b111110101100100000 ;
b1111110011110010 :
b1001101110110 9
1%
#30450000
0%
#30455000
b100 6
b101011110001 ;
b1111101010000100 :
b11001100010100 9
1%
#30460000
0%
#30465000
b101 6
b111111101011110111 ;
b1111110110110101 :
b10001101101100 9
1%
#30470000
0%
#30475000
b110 6
b1011110100 ;
b1111110010011010 :
b10101101011001 9
1%
#30480000
0%
#30485000
b111 6
b111111111011110101 ;
b1111110101000111 :
b10011101100111 9
1%
#30490000
0%
#30495000
b1000 6
b11110101 ;
b1111110011111001 :
b10100101100001 9
1%
#30500000
0%
#30505000
b1001 6
b111111111111110101 ;
b1111110100100010 :
b10100001100101 9
1%
#30510000
0%
#30515000
b1010 6
b1110101 ;
b1111110100001110 :
b10100011100011 9
1%
#30520000
0%
#30525000
b1011 6
b110101 ;
b1111110100011000 :
b10100010100100 9
1%
#30530000
0%
#30535000
b1100 6
b10101 ;
b1111110100011101 :
b10100010000101 9
1%
#30540000
0%
#30545000
b1101 6
b101 ;
b1111110100011111 :
b10100001110110 9
1%
#30550000
0%
#30555000
b1110 6
b111111111111111101 ;
b1111110100100000 :
b10100001101111 9
1%
#30560000
0%
#30565000
07
1"
b1111110100100000 !
b1111110100100000 8
b10100001101111 #
b10100001101111 5
1%
#30570000
1+
b1111110101100110 (
b10010001100101 '
r0.9898427355460643 /
r0.14216665884336 -
r1.428146362304688 .
b10110110110011011 $
b10110110110011011 4
b10110110110011011 ,
b1001 *
b1000 3
b1111110100100000 1
b1111110011001100 2
0%
#30575000
0"
17
b0 6
b10110110110011011 ;
b0 :
b1001101110101001 9
1%
#30580000
0%
0+
#30585000
b1 6
b1010010010001100 ;
b1001101110101001 :
1%
#30590000
0%
#30595000
b10 6
b10110111011011 ;
b1110100101111101 :
b100110111010101 9
1%
#30600000
0%
#30605000
b11 6
b111110111100100101 ;
b1111110011110010 :
b1001101110110 9
1%
#30610000
0%
#30615000
b100 6
b111011110110 ;
b1111101010000100 :
b11001100010100 9
1%
#30620000
0%
#30625000
b101 6
b111111111011111100 ;
b1111110110110101 :
b10001101101100 9
1%
#30630000
0%
#30635000
b110 6
b11011111001 ;
b1111110010011010 :
b10101101011001 9
1%
#30640000
0%
#30645000
b111 6
b1011111010 ;
b1111110101000111 :
b10011101100111 9
1%
#30650000
0%
#30655000
b1000 6
b11111010 ;
b1111110110010101 :
b10010101101101 9
1%
#30660000
0%
#30665000
b1001 6
b111111111111111010 ;
b1111110110111010 :
b10010001110000 9
1%
#30670000
0%
#30675000
b1010 6
b1111010 ;
b1111110110101000 :
b10010011101110 9
1%
#30680000
0%
#30685000
b1011 6
b111010 ;
b1111110110110001 :
b10010010101111 9
1%
#30690000
0%
#30695000
b1100 6
b11010 ;
b1111110110110101 :
b10010010010000 9
1%
#30700000
0%
#30705000
b1101 6
b1010 ;
b1111110110110111 :
b10010010000001 9
1%
#30710000
0%
#30715000
b1110 6
b10 ;
b1111110110111000 :
b10010001111010 9
1%
#30720000
0%
#30725000
07
1"
b1111110110111000 !
b1111110110111000 8
b10010001111010 #
b10010001111010 5
1%
#30730000
1+
b1111110111110000 (
b10000001101001 '
r0.9919528335585629 /
r0.1266079618157481 -
r1.44384765625 .
b10111000110100000 $
b10111000110100000 4
b10111000110100000 ,
b1010 *
b1101 &
b111 3
b1111110110111000 1
b1111110101100110 2
0%
#30735000
0"
17
b0 6
b10111000110100000 ;
b0 :
b1001101110101001 9
1%
#30740000
0%
0+
#30745000
b1 6
b1010100010010001 ;
b1001101110101001 :
1%
#30750000
0%
#30755000
b10 6
b11000111100000 ;
b1110100101111101 :
b100110111010101 9
1%
#30760000
0%
#30765000
b11 6
b111111001100101010 ;
b1111110011110010 :
b1001101110110 9
1%
#30770000
0%
#30775000
b100 6
b1001011111011 ;
b1111101010000100 :
b11001100010100 9
1%
#30780000
0%
#30785000
b101 6
b1100000001 ;
b1111110110110101 :
b10001101101100 9
1%
#30790000
0%
#30795000
b110 6
b111111101100000100 ;
b1111111011010000 :
b1101101111111 9
1%
#30800000
0%
#30805000
b111 6
b111111111100000011 ;
b1111111001100011 :
b1111101111010 9
1%
#30810000
0%
#30815000
b1000 6
b100000011 ;
b1111111000100101 :
b10000101110110 9
1%
#30820000
0%
#30825000
b1001 6
b11 ;
b1111111001000110 :
b10000001111000 9
1%
#30830000
0%
#30835000
b1010 6
b111111111110000011 ;
b1111111001010110 :
b1111111111001 9
1%
#30840000
0%
#30845000
b1011 6
b111111111111000011 ;
b1111111001001111 :
b10000000111000 9
1%
#30850000
0%
#30855000
b1100 6
b111111111111100011 ;
b1111111001001011 :
b10000001010111 9
1%
#30860000
0%
#30865000
b1101 6
b111111111111110011 ;
b1111111001001001 :
b10000001100110 9
1%
#30870000
0%
#30875000
b1110 6
b111111111111111011 ;
b1111111001001000 :
b10000001101101 9
1%
#30880000
0%
#30885000
07
1"
b1111111001001000 !
b1111111001001000 8
b10000001101101 #
b10000001101101 5
1%
#30890000
1+
b1111111001101010 (
b1110001101011 '
r0.9938183898365105 /
r0.1110180526885857 -
r1.459548950195312 .
b10111010110100101 $
b10111010110100101 4
b10111010110100101 ,
b1000 *
b1111 &
b1001 3
b1111111001001000 1
b1111110111110000 2
0%
#30895000
0"
17
b0 6
b10111010110100101 ;
b0 :
b1001101110101001 9
1%
#30900000
0%
0+
#30905000
b1 6
b1010110010010110 ;
b1001101110101001 :
1%
#30910000
0%
#30915000
b10 6
b11010111100101 ;
b1110100101111101 :
b100110111010101 9
1%
#30920000
0%
#30925000
b11 6
b111111011100101111 ;
b1111110011110010 :
b1001101110110 9
1%
#30930000
0%
#30935000
b100 6
b1011100000000 ;
b1111101010000100 :
b11001100010100 9
1%
#30940000
0%
#30945000
b101 6
b11100000110 ;
b1111110110110101 :
b10001101101100 9
1%
#30950000
0%
#30955000
b110 6
b111111111100001001 ;
b1111111011010000 :
b1101101111111 9
1%
#30960000
0%
#30965000
b111 6
b1100001000 ;
b1111111001100011 :
b1111101111010 9
1%
#30970000
0%
#30975000
b1000 6
b100001000 ;
b1111111010100001 :
b1110101111110 9
1%
#30980000
0%
#30985000
b1001 6
b1000 ;
b1111111010111110 :
b1110010000000 9
1%
#30990000
0%
#30995000
b1010 6
b111111111110001000 ;
b1111111011001100 :
b1110000000001 9
1%
#31000000
0%
#31005000
b1011 6
b111111111111001000 ;
b1111111011000101 :
b1110001000000 9
1%
#31010000
0%
#31015000
b1100 6
b111111111111101000 ;
b1111111011000010 :
b1110001011111 9
1%
#31020000
0%
#31025000
b1101 6
b111111111111111000 ;
b1111111011000001 :
b1110001101110 9
1%
#31030000
0%
#31035000
b1110 6
b0 ;
b1110001110101 9
1%
#31040000
0%
#31045000
07
1"
b1111111011000001 !
b1111111011000001 8
b1110001110101 #
b1110001110101 5
1%
#31050000
1+
b1111111011010101 (
b1100001101100 '
r0.9954389444725882 /
r0.09540077477305717 -
r1.475250244140625 .
b10111100110101010 $
b10111100110101010 4
b10111100110101010 ,
b1010 *
b1101 &
b111 3
b1111111011000001 1
b1111111001101010 2
0%
#31055000
0"
17
b0 6
b10111100110101010 ;
b0 :
b1001101110101001 9
1%
#31060000
0%
0+
#31065000
b1 6
b1011000010011011 ;
b1001101110101001 :
1%
#31070000
0%
#31075000
b10 6
b11100111101010 ;
b1110100101111101 :
b100110111010101 9
1%
#31080000
0%
#31085000
b11 6
b111111101100110100 ;
b1111110011110010 :
b1001101110110 9
1%
#31090000
0%
#31095000
b100 6
b1101100000101 ;
b1111101010000100 :
b11001100010100 9
1%
#31100000
0%
#31105000
b101 6
b101100001011 ;
b1111110110110101 :
b10001101101100 9
1%
#31110000
0%
#31115000
b110 6
b1100001110 ;
b1111111011010000 :
b1101101111111 9
1%
#31120000
0%
#31125000
b111 6
b111111111100001111 ;
b1111111100111101 :
b1011110000100 9
1%
#31130000
0%
#31135000
b1000 6
b100001111 ;
b1111111100001110 :
b1100110000010 9
1%
#31140000
0%
#31145000
b1001 6
b1111 ;
b1111111100100111 :
b1100010000011 9
1%
#31150000
0%
#31155000
b1010 6
b111111111110001111 ;
b1111111100110011 :
b1100000000100 9
1%
#31160000
0%
#31165000
b1011 6
b111111111111001111 ;
b1111111100101101 :
b1100001000011 9
1%
#31170000
0%
#31175000
b1100 6
b111111111111101111 ;
b1111111100101010 :
b1100001100010 9
1%
#31180000
0%
#31185000
b1101 6
b111111111111111111 ;
b1111111100101001 :
b1100001110001 9
1%
#31190000
0%
#31195000
b1110 6
b111 ;
b1100001111000 9
1%
#31200000
0%
#31205000
07
1"
b1111111100101001 !
b1111111100101001 8
b1100001111000 #
b1100001111000 5
1%
#31210000
1+
b1111111100101111 (
b1010001101011 '
r0.9968140979586456 /
r0.07975997812745264 -
r1.490951538085938 .
b10111110110101111 $
b10111110110101111 4
b10111110110101111 ,
b1001 *
b1000 3
b1111111100101001 1
b1111111011010101 2
0%
#31215000
0"
17
b0 6
b10111110110101111 ;
b0 :
b1001101110101001 9
1%
#31220000
0%
0+
#31225000
b1 6
b1011010010100000 ;
b1001101110101001 :
1%
#31230000
0%
#31235000
b10 6
b11110111101111 ;
b1110100101111101 :
b100110111010101 9
1%
#31240000
0%
#31245000
b11 6
b111111111100111001 ;
b1111110011110010 :
b1001101110110 9
1%
#31250000
0%
#31255000
b100 6
b1111100001010 ;
b1111101010000100 :
b11001100010100 9
1%
#31260000
0%
#31265000
b101 6
b111100010000 ;
b1111110110110101 :
b10001101101100 9
1%
#31270000
0%
#31275000
b110 6
b11100010011 ;
b1111111011010000 :
b1101101111111 9
1%
#31280000
0%
#31285000
b111 6
b1100010100 ;
b1111111100111101 :
b1011110000100 9
1%
#31290000
0%
#31295000
b1000 6
b100010100 ;
b1111111101101100 :
b1010110000110 9
1%
#31300000
0%
#31305000
b1001 6
b10100 ;
b1111111110000001 :
b1010010000111 9
1%
#31310000
0%
#31315000
b1010 6
b111111111110010100 ;
b1111111110001011 :
b1010000001000 9
1%
#31320000
0%
#31325000
b1011 6
b111111111111010100 ;
b1111111110000110 :
b1010001000111 9
1%
#31330000
0%
#31335000
b1100 6
b111111111111110100 ;
b1111111110000100 :
b1010001100110 9
1%
#31340000
0%
#31345000
b1101 6
b100 ;
b1111111110000011 :
b1010001110101 9
1%
#31350000
0%
#31355000
b1110 6
b111111111111111100 ;
b1010001101110 9
1%
#31360000
0%
#31365000
07
1"
b1111111110000011 !
b1111111110000011 8
b1010001101110 #
b1010001101110 5
1%
#31370000
1+
b1111111101111001 (
b1000001101000 '
r0.9979435112841902 /
r0.06409951860803074 -
r1.50665283203125 .
b11000000110110100 $
b11000000110110100 4
b11000000110110100 ,
b1010 *
b1111 &
b111 3
b1111111110000011 1
b1111111100101111 2
0%
#31375000
0"
17
b0 6
b11000000110110100 ;
b0 :
b1001101110101001 9
1%
#31380000
0%
0+
#31385000
b1 6
b1011100010100101 ;
b1001101110101001 :
1%
#31390000
0%
#31395000
b10 6
b100000111110100 ;
b1110100101111101 :
b100110111010101 9
1%
#31400000
0%
#31405000
b11 6
b1100111110 ;
b1111110011110010 :
b1001101110110 9
1%
#31410000
0%
#31415000
b100 6
b111110001101101101 ;
b1111111101100000 :
b111111001111011000 9
1%
#31420000
0%
#31425000
b101 6
b111111001101100111 ;
b10000000000100011 :
b1111001110 9
1%
#31430000
0%
#31435000
b110 6
b111111101101100100 ;
b10000000000000101 :
b101111001111 9
1%
#31440000
0%
#31445000
b111 6
b111111111101100011 ;
b1111111111010110 :
b111111001111 9
1%
#31450000
0%
#31455000
b1000 6
b101100011 ;
b1111111110110111 :
b1000111001110 9
1%
#31460000
0%
#31465000
b1001 6
b1100011 ;
b1111111111001000 :
b1000011001111 9
1%
#31470000
0%
#31475000
b1010 6
b111111111111100011 ;
b1111111111010000 :
b1000001010000 9
1%
#31480000
0%
#31485000
b1011 6
b100011 ;
b1111111111001100 :
b1000010001111 9
1%
#31490000
0%
#31495000
b1100 6
b11 ;
b1111111111001110 :
b1000001110000 9
1%
#31500000
0%
#31505000
b1101 6
b111111111111110011 ;
b1111111111001111 :
b1000001100001 9
1%
#31510000
0%
#31515000
b1110 6
b111111111111111011 ;
b1000001101000 9
1%
#31520000
0%
#31525000
07
1"
b1111111111001111 !
b1111111111001111 8
b1000001101000 #
b1000001101000 5
1%
#31530000
1+
b1111111110110011 (
b110001100101 '
r0.9988269060199618 /
r0.04842325691845117 -
r1.522354125976562 .
b11000010110111001 $
b11000010110111001 4
b11000010110111001 ,
b10010 &
b111 3
b1111111111001111 1
b1111111101111001 2
0%
#31535000
0"
17
b0 6
b11000010110111001 ;
b0 :
b1001101110101001 9
1%
#31540000
0%
0+
#31545000
b1 6
b1011110010101010 ;
b1001101110101001 :
1%
#31550000
0%
#31555000
b10 6
b100010111111001 ;
b1110100101111101 :
b100110111010101 9
1%
#31560000
0%
#31565000
b11 6
b11101000011 ;
b1111110011110010 :
b1001101110110 9
1%
#31570000
0%
#31575000
b100 6
b111110011101110010 ;
b1111111101100000 :
b111111001111011000 9
1%
#31580000
0%
#31585000
b101 6
b111111011101101100 ;
b10000000000100011 :
b1111001110 9
1%
#31590000
0%
#31595000
b110 6
b111111111101101001 ;
b10000000000000101 :
b101111001111 9
1%
#31600000
0%
#31605000
b111 6
b1101101000 ;
b1111111111010110 :
b111111001111 9
1%
#31610000
0%
#31615000
b1000 6
b101101000 ;
b1111111111110101 :
b110111010000 9
1%
#31620000
0%
#31625000
b1001 6
b1101000 ;
b10000000000000010 :
b110011010001 9
1%
#31630000
0%
#31635000
b1010 6
b111111111111101000 ;
b10000000000001000 :
b110001010001 9
1%
#31640000
0%
#31645000
b1011 6
b101000 ;
b10000000000000101 :
b110010010001 9
1%
#31650000
0%
#31655000
b1100 6
b1000 ;
b10000000000000110 :
b110001110001 9
1%
#31660000
0%
#31665000
b1101 6
b111111111111111000 ;
b110001100001 9
1%
#31670000
0%
#31675000
b1110 6
b0 ;
b110001101001 9
1%
#31680000
0%
#31685000
07
1"
b10000000000000110 !
b10000000000000110 8
b110001101001 #
b110001101001 5
1%
#31690000
1+
b1111111111011100 (
b100001100001 '
r0.9994640643865724 /
r0.03273505765801252 -
r1.538055419921875 .
b11000100110111110 $
b11000100110111110 4
b11000100110111110 ,
b1 *
b1110 &
b10000 3
b10000000000000110 1
b1111111110110011 2
0%
#31695000
0"
17
b0 6
b11000100110111110 ;
b0 :
b1001101110101001 9
1%
#31700000
0%
0+
#31705000
b1 6
b1100000010101111 ;
b1001101110101001 :
1%
#31710000
0%
#31715000
b10 6
b100100111111110 ;
b1110100101111101 :
b100110111010101 9
1%
#31720000
0%
#31725000
b11 6
b101101001000 ;
b1111110011110010 :
b1001101110110 9
1%
#31730000
0%
#31735000
b100 6
b111110101101110111 ;
b1111111101100000 :
b111111001111011000 9
1%
#31740000
0%
#31745000
b101 6
b111111101101110001 ;
b10000000000100011 :
b1111001110 9
1%
#31750000
0%
#31755000
b110 6
b1101101110 ;
b10000000000000101 :
b101111001111 9
1%
#31760000
0%
#31765000
b111 6
b111111111101101111 ;
b10000000000110100 :
b11111001111 9
1%
#31770000
0%
#31775000
b1000 6
b101101111 ;
b10000000000100101 :
b100111001111 9
1%
#31780000
0%
#31785000
b1001 6
b1101111 ;
b10000000000101110 :
b100011001111 9
1%
#31790000
0%
#31795000
b1010 6
b111111111111101111 ;
b10000000000110010 :
b100001001111 9
1%
#31800000
0%
#31805000
b1011 6
b101111 ;
b10000000000110000 :
b100010001111 9
1%
#31810000
0%
#31815000
b1100 6
b1111 ;
b10000000000110001 :
b100001101111 9
1%
#31820000
0%
#31825000
b1101 6
b111111111111111111 ;
b100001011111 9
1%
#31830000
0%
#31835000
b1110 6
b111 ;
b100001100111 9
1%
#31840000
0%
#31845000
07
1"
b10000000000110001 !
b10000000000110001 8
b100001100111 #
b100001100111 5
1%
#31850000
1+
b1111111111110110 (
b10001011100 '
r0.9998548293081946 /
r0.01703878836892986 -
r1.553756713867188 .
b11000110111000011 $
b11000110111000011 4
b11000110111000011 ,
b1111 &
b10000 3
b10000000000110001 1
b1111111111011100 2
0%
#31855000
0"
17
b0 6
b11000110111000011 ;
b0 :
b1001101110101001 9
1%
#31860000
0%
0+
#31865000
b1 6
b1100010010110100 ;
b1001101110101001 :
1%
#31870000
0%
#31875000
b10 6
b100111000000011 ;
b1110100101111101 :
b100110111010101 9
1%
#31880000
0%
#31885000
b11 6
b111101001101 ;
b1111110011110010 :
b1001101110110 9
1%
#31890000
0%
#31895000
b100 6
b111110111101111100 ;
b1111111101100000 :
b111111001111011000 9
1%
#31900000
0%
#31905000
b101 6
b111111111101110110 ;
b10000000000100011 :
b1111001110 9
1%
#31910000
0%
#31915000
b110 6
b11101110011 ;
b10000000000000101 :
b101111001111 9
1%
#31920000
0%
#31925000
b111 6
b1101110100 ;
b10000000000110100 :
b11111001111 9
1%
#31930000
0%
#31935000
b1000 6
b101110100 ;
b10000000001000011 :
b10111001111 9
1%
#31940000
0%
#31945000
b1001 6
b1110100 ;
b10000000001001000 :
b10011001111 9
1%
#31950000
0%
#31955000
b1010 6
b111111111111110100 ;
b10000000001001010 :
b10001001111 9
1%
#31960000
0%
#31965000
b1011 6
b110100 ;
b10000000001001001 :
b10010001111 9
1%
#31970000
0%
#31975000
b1100 6
b10100 ;
b10001101111 9
1%
#31980000
0%
#31985000
b1101 6
b100 ;
b10001011111 9
1%
#31990000
0%
#31995000
b1110 6
b111111111111111100 ;
b10001010111 9
1%
#32000000
0%
#32005000
07
1"
b10000000001001001 !
b10000000001001001 8
b10001010111 #
b10001010111 5
1%
#32010000
1+
b1111111111111111 (
b1010111 '
r0.9999991044512844 /
r0.001338318582886647 -
r1.5694580078125 .
b11001000111001000 $
b11001000111001000 4
b11001000111001000 ,
b1110 &
b10000 3
b10000000001001001 1
b1111111111110110 2
0%
#32015000
0"
17
b0 6
b11001000111001000 ;
b0 :
b1001101110101001 9
1%
#32020000
0%
0+
#32025000
b1 6
b1100100010111001 ;
b1001101110101001 :
1%
#32030000
0%
#32035000
b10 6
b101001000001000 ;
b1110100101111101 :
b100110111010101 9
1%
#32040000
0%
#32045000
b11 6
b1001101010010 ;
b1111110011110010 :
b1001101110110 9
1%
#32050000
0%
#32055000
b100 6
b111111001110000001 ;
b1111111101100000 :
b111111001111011000 9
1%
#32060000
0%
#32065000
b101 6
b1101111011 ;
b10000000000100011 :
b1111001110 9
1%
#32070000
0%
#32075000
b110 6
b111111101101111110 ;
b10000000001000001 :
b111111101111001101 9
1%
#32080000
0%
#32085000
b111 6
b111111111101111101 ;
b10000000001010010 :
b111111111111001110 9
1%
#32090000
0%
#32095000
b1000 6
b101111101 ;
b10000000001010011 :
b111001110 9
1%
#32100000
0%
#32105000
b1001 6
b1111101 ;
b10000000001010100 :
b11001110 9
1%
#32110000
0%
#32115000
b1010 6
b111111111111111101 ;
b1001110 9
1%
#32120000
0%
#32125000
b1011 6
b111101 ;
b10001110 9
1%
#32130000
0%
#32135000
b1100 6
b11101 ;
b1101110 9
1%
#32140000
0%
#32145000
b1101 6
b1101 ;
b1011110 9
1%
#32150000
0%
#32155000
b1110 6
b101 ;
b1010110 9
1%
#32160000
0%
#32165000
07
1"
b10000000001010100 !
b10000000001010100 8
b1010110 #
b1010110 5
1%
#32170000
b11001010111001101 ,
b10001 &
b10000 3
b10000000001010100 1
b1111111111111111 2
0%
